{"type":"FeatureCollection","features":[{"type":"Feature","properties":{"name":"GB5125","type":"Signals","notes":"","equipment_number":[{"number":"7896438","label":"Signal"},{"number":"7896525","label":"TPWS"},{"number":"7923399","label":"SPTs"}],"section":"Central"},"geometry":{"type":"Point","coordinates":[-4.1835093,55.7656672]}},{"type":"Feature","properties":{"name":"GB5128","type":"Signals","notes":"","equipment_number":[{"number":"7896440","label":"Signal"},{"number":"7896494","label":"AWS SY"},{"number":"7896510","label":"AWS YE"}],"section":"Central"},"geometry":{"type":"Point","coordinates":[-4.1928077,55.7653236]}},{"type":"Feature","properties":{"name":"GB5129","type":"Signals","notes":"","equipment_number":[{"number":"7896441","label":"Signal"},{"number":"7896494","label":"AWS SY"},{"number":"7896510","label":"AWS YE"},{"number":"7896526","label":"TPWS"},{"number":"7923401","label":"SPTs"},{"number":"7896451","label":"Banner"}],"section":"Central"},"geometry":{"type":"Point","coordinates":[-4.1987085,55.7654654]}},{"type":"Feature","properties":{"name":"GB5130","type":"Signals","notes":"","equipment_number":[{"number":"7896442","label":"Signal"},{"number":"7896495","label":"AWS SY"},{"number":"7896513","label":"AWS YS"},{"number":"7896520","label":"TPWS"},{"number":"7923402","label":"SPTs"}],"section":"Central"},"geometry":{"type":"Point","coordinates":[-4.2114912,55.7640421]}},{"type":"Feature","properties":{"name":"GB5131","type":"Signals","notes":"","equipment_number":[{"number":"7896443","label":"Signal"},{"number":"7896496","label":"AWS SY"},{"number":"7896514","label":"AWS YS"},{"number":"7896521","label":"TPWS"},{"number":"7923403","label":"SPTs"}],"section":"Central"},"geometry":{"type":"Point","coordinates":[-4.2142731,55.7631082]}},{"type":"Feature","properties":{"name":"GB5135","type":"Signals","notes":"","equipment_number":[{"number":"7896596","label":"Signal"},{"number":"7896507","label":"AWS SY"},{"number":"7896517","label":"AWS YS"}],"section":"Central"},"geometry":{"type":"Point","coordinates":[-4.2539577,55.7701701]}},{"type":"Feature","properties":{"name":"GB5137","type":"Signals","notes":"","equipment_number":[{"number":"7896597","label":"Signal"},{"number":"7896508","label":"AWS SY"},{"number":"7896518","label":"AWS YS"},{"number":"7896528","label":"TPWS"},{"number":"7923405","label":"SPTs"},{"number":"7896453","label":"Banner"}],"section":"Central"},"geometry":{"type":"Point","coordinates":[-4.2609079,55.7743739]}},{"type":"Feature","properties":{"name":"GB5138","type":"Signals","notes":"","equipment_number":[{"number":"7896598","label":"Signal"},{"number":"7896522","label":"TPWS"},{"number":"7896509","label":"AWS SY"},{"number":"7896511","label":"AWS YE"},{"number":"7923406","label":"SPTs"}],"section":"Central"},"geometry":{"type":"Point","coordinates":[-4.2621117,55.7792777]}},{"type":"Feature","properties":{"name":"GB5139","type":"Signals","notes":"","equipment_number":[{"number":"7896599","label":"Signal"},{"number":"7896499","label":"AWS"},{"number":"7896529","label":"TPWS"},{"number":"7923407","label":"SPTs"}],"section":"Central"},"geometry":{"type":"Point","coordinates":[-4.2639493,55.7824886]}},{"type":"Feature","properties":{"name":"GB5141","type":"Signals","notes":"","equipment_number":[{"number":"7896600","label":"Signal"},{"number":"7896509","label":"AWS SY"},{"number":"7896511","label":"AWS YE"},{"number":"7896530","label":"TPWS"},{"number":"7923409","label":"SPTs"},{"number":"7896454","label":"Banner"}],"section":"Central"},"geometry":{"type":"Point","coordinates":[-4.2638219,55.7825271]}},{"type":"Feature","properties":{"name":"GB5140","type":"Signals","notes":"","equipment_number":[{"number":"15706363","label":"Signal"},{"number":"7923408","label":"SPTs"}],"section":"Central"},"geometry":{"type":"Point","coordinates":[-4.2647583,55.7831222]}},{"type":"Feature","properties":{"name":"GB5142","type":"Signals","notes":"","equipment_number":[{"number":"7896601","label":"Signal"},{"number":"7896500","label":"AWS"},{"number":"7896531","label":"TPWS"},{"number":"7923410","label":"SPTs"}],"section":"Central"},"geometry":{"type":"Point","coordinates":[-4.2702977,55.7873224]}},{"type":"Feature","properties":{"name":"GB5144","type":"Signals","notes":"","equipment_number":[{"number":"7896602","label":"Signal"},{"number":"7896501","label":"AWS"}],"section":"Central"},"geometry":{"type":"Point","coordinates":[-4.2782044,55.7911393]}},{"type":"Feature","properties":{"name":"GB5145","type":"Signals","notes":"","equipment_number":[{"number":"7896446","label":"Signal"},{"number":"7896502","label":"AWS"}],"section":"Central"},"geometry":{"type":"Point","coordinates":[-4.2896987,55.7990364]}},{"type":"Feature","properties":{"name":"GB5147","type":"Signals","notes":"","equipment_number":[{"number":"7896447","label":"Signal"},{"number":"7896505","label":"AWS"},{"number":"7923411","label":"SPTs"}],"section":"Central"},"geometry":{"type":"Point","coordinates":[-4.2932357,55.8046266]}},{"type":"Feature","properties":{"name":"GB5148","type":"Signals","notes":"","equipment_number":[{"number":"7896448","label":"Signal"},{"number":"7896503","label":"AWS"},{"number":"7923412","label":"SPTs"}],"section":"Central"},"geometry":{"type":"Point","coordinates":[-4.3000983,55.8086522]}},{"type":"Feature","properties":{"name":"GB5149","type":"Signals","notes":"","equipment_number":[{"number":"7896449","label":"Signal"},{"number":"7896506","label":"AWS"}],"section":"Central"},"geometry":{"type":"Point","coordinates":[-4.3123409,55.8117117]}},{"type":"Feature","properties":{"name":"GB5151","type":"Signals","notes":"","equipment_number":[{"number":"7896450","label":"Signal"},{"number":"7896504","label":"AWS"},{"number":"7896523","label":"TPWS"},{"number":"7923413","label":"SPTs"}],"section":"Central"},"geometry":{"type":"Point","coordinates":[-4.3137544,55.81565]}},{"type":"Feature","properties":{"name":"GB5163","type":"Signals","notes":"","equipment_number":[{"number":"7890379","label":"Signal"},{"number":"7890483","label":"AWS"},{"number":"19473820","label":"SPTs"},{"number":"7923414","label":"SPTs"}],"section":"Central"},"geometry":{"type":"Point","coordinates":[-4.376053,55.8123963]}},{"type":"Feature","properties":{"name":"GB5170","type":"Signals","notes":"","equipment_number":[{"number":"7890386","label":"Signal"},{"number":"7890474","label":"AWS"},{"number":"7890400","label":"TPWS"},{"number":"7923421","label":"SPTs"},{"number":"7890387","label":"Banner"}],"section":"Central"},"geometry":{"type":"Point","coordinates":[-4.3052858,55.8207912]}},{"type":"Feature","properties":{"name":"GB5169","type":"Signals","notes":"","equipment_number":[{"number":"7890385","label":"Signal"},{"number":"7890473","label":"AWS"},{"number":"7890398","label":"TPWS OS"},{"number":"7890397","label":"TPWS OS"},{"number":"7890399","label":"TPWS TS"},{"number":"7923420","label":"SPTs"}],"section":"Central"},"geometry":{"type":"Point","coordinates":[-4.3139347,55.8177225]}},{"type":"Feature","properties":{"name":"GB5168","type":"Signals","notes":"","equipment_number":[{"number":"7890384","label":"Signal"},{"number":"7890472","label":"AWS"},{"number":"7923419","label":"SPTs"}],"section":"Central"},"geometry":{"type":"Point","coordinates":[-4.3259639,55.8130759]}},{"type":"Feature","properties":{"name":"GB5167","type":"Signals","notes":"","equipment_number":[{"number":"7890383","label":"Signal"},{"number":"7890471","label":"AWS"},{"number":"7923418","label":"SPTs"}],"section":"Central"},"geometry":{"type":"Point","coordinates":[-4.3330005,55.8120831]}},{"type":"Feature","properties":{"name":"GB5162","type":"Signals","notes":"","equipment_number":"19473821","section":"Central"},"geometry":{"type":"Point","coordinates":[-4.3869692,55.8095284]}},{"type":"Feature","properties":{"name":"GB5164","type":"Signals","notes":"","equipment_number":[{"number":"7890380","label":"Signal"},{"number":"7890484","label":"AWS"},{"number":"19473819","label":"SPTs"},{"number":"7923415","label":"SPTs"}],"section":"Central"},"geometry":{"type":"Point","coordinates":[-4.3671027,55.812386]}},{"type":"Feature","properties":{"name":"GB5165","type":"Signals","notes":"","equipment_number":[{"number":"7890381","label":"Signal"},{"number":"7890485","label":"AWS"},{"number":"7923416","label":"SPTs"}],"section":"Central"},"geometry":{"type":"Point","coordinates":[-4.3545703,55.8121497]}},{"type":"Feature","properties":{"name":"GB5166","type":"Signals","notes":"","equipment_number":[{"number":"7890382","label":"Signal"},{"number":"7890486","label":"AWS"},{"number":"7923417","label":"SPTs"}],"section":"Central"},"geometry":{"type":"Point","coordinates":[-4.3470908,55.8120724]}},{"type":"Feature","properties":{"name":"GB5171","type":"Signals","notes":"","equipment_number":[{"number":"7890388","label":"Signal"},{"number":"7890475","label":"AWS"},{"number":"7890401","label":"TPWS"},{"number":"7923422","label":"SPTs"}],"section":"Central"},"geometry":{"type":"Point","coordinates":[-4.2983069,55.8270475]}},{"type":"Feature","properties":{"name":"GB5174","type":"Signals","notes":"","equipment_number":[{"number":"7890389","label":"Signal"},{"number":"7890477","label":"AWS"},{"number":"7923424","label":"SPTs"}],"section":"Central"},"geometry":{"type":"Point","coordinates":[-4.2924625,55.830803]}},{"type":"Feature","properties":{"name":"GB5173","type":"Signals","notes":"","equipment_number":[{"number":"7890390","label":"Signal"},{"number":"7890476","label":"AWS"},{"number":"7923423","label":"SPTs"}],"section":"Central"},"geometry":{"type":"Point","coordinates":[-4.2902975,55.8318382]}},{"type":"Feature","properties":{"name":"GB5175","type":"Signals","notes":"","equipment_number":[{"number":"7890391","label":"Signal"},{"number":"7890478","label":"AWS"},{"number":"7890402","label":"TPWS"},{"number":"7923425","label":"SPTs"},{"number":"7890392","label":"Banner"}],"section":"Central"},"geometry":{"type":"Point","coordinates":[-4.2776768,55.8362621]}},{"type":"Feature","properties":{"name":"GB5176","type":"Signals","notes":"","equipment_number":[{"number":"7890393","label":"Signal"},{"number":"7890479","label":"AWS SY"},{"number":"7890480","label":"AWS YS"},{"number":"7923426","label":"SPTs"}],"section":"Central"},"geometry":{"type":"Point","coordinates":[-4.276655,55.8365296]}},{"type":"Feature","properties":{"name":"GB5177","type":"Signals","notes":"","equipment_number":[{"number":"7890394","label":"Signal"},{"number":"19836533","label":"TPWS"},{"number":"18992390","label":"SPTs"},{"number":"7923429","label":"SPTs"},{"number":"7890395","label":"Banner"}],"section":"Central"},"geometry":{"type":"Point","coordinates":[-4.2741882,55.8373932]}},{"type":"Feature","properties":{"name":"GB5181","type":"Signals","notes":"","equipment_number":"7923431","section":"Central"},"geometry":{"type":"Point","coordinates":[-4.2703669,55.8393597]}},{"type":"Feature","properties":{"name":"GB5183","type":"Signals","notes":"","section":"Central"},"geometry":{"type":"Point","coordinates":[-4.2707893,55.8390581]}},{"type":"Feature","properties":{"name":"GB5185","type":"Signals","notes":"","equipment_number":[{"number":"9203186","label":"Signal"},{"number":"7896418","label":"AWS 2"},{"number":"19659353","label":"AWS 3"},{"number":"19659354","label":"AWS 3"},{"number":"7887637","label":"TPWS"},{"number":"7923434","label":"SPTs"},{"number":"7887625","label":"Banner"}],"section":"Central"},"geometry":{"type":"Point","coordinates":[-4.2694813,55.840544]}},{"type":"Feature","properties":{"name":"GB5180","type":"Signals","notes":"","equipment_number":[{"number":"7887623","label":"Signal"},{"number":"7887651","label":"AWS"},{"number":"7887635","label":"TPWS"},{"number":"7923430","label":"SPTs"},{"number":"7887624","label":"Banner"}],"section":"Central"},"geometry":{"type":"Point","coordinates":[-4.2693148,55.8405556]}},{"type":"Feature","properties":{"name":"GB5180BR","type":"Signals","notes":"","equipment_number":[{"number":"7887633","label":"Banner A"},{"number":"7887634","label":"Banner B"}],"section":"Central"},"geometry":{"type":"Point","coordinates":[-4.2682881,55.8414702]}},{"type":"Feature","properties":{"name":"GB5186","type":"Signals","notes":"","equipment_number":[{"number":"7887628","label":"Signal"},{"number":"7923435","label":"SPTs"},{"number":"7887629","label":"Banner"}],"section":"Central"},"geometry":{"type":"Point","coordinates":[-4.2657087,55.8425213]}},{"type":"Feature","properties":{"name":"GB5184","type":"Signals","notes":"","equipment_number":[{"number":"7887626","label":"Signal"},{"number":"7887656","label":"AWS"},{"number":"7887636","label":"TPWS"},{"number":"7923433","label":"SPTs"},{"number":"7887627","label":"Banner"}],"section":"Central"},"geometry":{"type":"Point","coordinates":[-4.2655106,55.8425133]}},{"type":"Feature","properties":{"name":"GS5908","type":"Signals","notes":"","equipment_number":[{"number":"3162292","label":"Signal"},{"number":"3304570","label":"SPTs"}],"section":"Central"},"geometry":{"type":"Point","coordinates":[-4.3634264,55.8663613]}},{"type":"Feature","properties":{"name":"GS5907","type":"Signals","notes":"","equipment_number":[{"number":"3162290","label":"Main"},{"number":"3162291","label":"Position Light"},{"number":"3304551","label":"SPTs"}],"section":"Central"},"geometry":{"type":"Point","coordinates":[-4.3529461,55.856804]}},{"type":"Feature","properties":{"name":"GS5906","type":"Signals","notes":"","equipment_number":[{"number":"3162289","label":"Signal"},{"number":"762635","label":"TPWS"},{"number":"3304544","label":"SPTs"}],"section":"Central"},"geometry":{"type":"Point","coordinates":[-4.3488471,55.853809]}},{"type":"Feature","properties":{"name":"GR879","type":"Signals","notes":"","equipment_number":[{"number":"18804380","label":"Signal"},{"number":"2907789","label":"AWS"},{"number":"18992452","label":"SPTs"}],"section":"Central"},"geometry":{"type":"Point","coordinates":[-4.1795927,55.8226381]}},{"type":"Feature","properties":{"name":"GMN128","type":"Signals","notes":"","section":"Central"},"geometry":{"type":"Point","coordinates":[-4.1789366,55.8224098]}},{"type":"Feature","properties":{"name":"GR877","type":"Signals","notes":"","equipment_number":[{"number":"18886900","label":"Signal"},{"number":"18886897","label":"AWS"},{"number":"18886902","label":"TPWS"},{"number":"18992450","label":"SPTs"},{"number":"18886901","label":"Banner"}],"section":"Central"},"geometry":{"type":"Point","coordinates":[-4.1911483,55.8276606]}},{"type":"Feature","properties":{"name":"GR873","type":"Signals","notes":"","equipment_number":[{"number":"18822810","label":"Signal"},{"number":"18992469","label":"SPTs"}],"section":"Central"},"geometry":{"type":"Point","coordinates":[-4.1691965,55.8315204]}},{"type":"Feature","properties":{"name":"GR874","type":"Signals","notes":"","equipment_number":[{"number":"18822811","label":"Signal"},{"number":"18992470","label":"SPTs"}],"section":"Central"},"geometry":{"type":"Point","coordinates":[-4.1731381,55.8311116]}},{"type":"Feature","properties":{"name":"GR872","type":"Signals","notes":"","equipment_number":[{"number":"18822809","label":"Signal"},{"number":"18992468","label":"SPTs"}],"section":"Central"},"geometry":{"type":"Point","coordinates":[-4.1853669,55.8297799]}},{"type":"Feature","properties":{"name":"GR871","type":"Signals","notes":"","equipment_number":[{"number":"18886759","label":"Signal"},{"number":"1693899","label":"AWS"},{"number":"18886762","label":"TPWS"},{"number":"18992467","label":"SPTs"},{"number":"18886760","label":"Banner"}],"section":"Central"},"geometry":{"type":"Point","coordinates":[-4.1898024,55.8285947]}},{"type":"Feature","properties":{"name":"GR865","type":"Signals","notes":"","equipment_number":[{"number":"18886890","label":"Signal"},{"number":"18992449","label":"SPTs"},{"number":"18887086","label":"SPTs"}],"section":"Central"},"geometry":{"type":"Point","coordinates":[-4.1988214,55.8288521]}},{"type":"Feature","properties":{"name":"GR864","type":"Signals","notes":"","equipment_number":[{"number":"18886891","label":"Signal"},{"number":"18992448","label":"SPTs"},{"number":"18887087","label":"SPTs"}],"section":"Central"},"geometry":{"type":"Point","coordinates":[-4.1999666,55.8290159]}},{"type":"Feature","properties":{"name":"GR834","type":"Signals","notes":"","equipment_number":[{"number":"18804343","label":"Signal"},{"number":"1696572","label":"AWS"},{"number":"18992437","label":"SPTs"}],"section":"Central"},"geometry":{"type":"Point","coordinates":[-4.2217187,55.8306163]}},{"type":"Feature","properties":{"name":"GR848","type":"Signals","notes":"","equipment_number":[{"number":"18833638","label":"Signal"},{"number":"1110001","label":"TPWS"},{"number":"18992443","label":"SPTs"}],"section":"Central"},"geometry":{"type":"Point","coordinates":[-4.2119031,55.830038]}},{"type":"Feature","properties":{"name":"GR831","type":"Signals","notes":"","equipment_number":[{"number":"18886841","label":"Main"},{"number":"18886840","label":"Position Light"},{"number":"18886837","label":"AWS"},{"number":"18992438","label":"SPTs"},{"number":"18886842","label":"Banner"},{"number":"18886836","label":"Banner"}],"section":"Central"},"geometry":{"type":"Point","coordinates":[-4.2171491,55.8302736]}},{"type":"Feature","properties":{"name":"GR833","type":"Signals","notes":"","equipment_number":[{"number":"18804398","label":"Main"},{"number":"18804397","label":"Position Light"},{"number":"1109981","label":"TPWS"},{"number":"18886948","label":"AWS"},{"number":"2586499","label":"SPTs"},{"number":"18992440","label":"SPTs"},{"number":"18804399","label":"Banner"}],"section":"Central"},"geometry":{"type":"Point","coordinates":[-4.2172979,55.8301666]}},{"type":"Feature","properties":{"name":"GR835","type":"Signals","notes":"","equipment_number":[{"number":"18804338","label":"Signal"},{"number":"18992439","label":"SPTs"}],"section":"Central"},"geometry":{"type":"Point","coordinates":[-4.2173677,55.8300822]}},{"type":"Feature","properties":{"name":"GR836","type":"Signals","notes":"","equipment_number":"18886915","section":"Central"},"geometry":{"type":"Point","coordinates":[-4.221747,55.8305447]}},{"type":"Feature","properties":{"name":"GR827","type":"Signals","notes":"","equipment_number":[{"number":"18833649","label":"Signal"},{"number":"18886847","label":"Banner"}],"section":"Central"},"geometry":{"type":"Point","coordinates":[-4.2245072,55.8310552]}},{"type":"Feature","properties":{"name":"GR823","type":"Signals","notes":"","equipment_number":[{"number":"18833656","label":"Signal"},{"number":"2586497","label":"SPTs"},{"number":"18992435","label":"SPTs"}],"section":"Central"},"geometry":{"type":"Point","coordinates":[-4.2274688,55.8317326]}},{"type":"Feature","properties":{"name":"GR818","type":"Signals","notes":"","equipment_number":[{"number":"1387596","label":"Signal"},{"number":"18992434","label":"SPTs"},{"number":"18833657","label":"Banner"},{"number":"18805491","label":"Banner"},{"number":"18886968","label":"Banner"}],"section":"Central"},"geometry":{"type":"Point","coordinates":[-4.2290808,55.832232]}},{"type":"Feature","properties":{"name":"GR815","type":"Signals","notes":"","equipment_number":[{"number":"18778549","label":"Main"},{"number":"18778547","label":"Position Light"},{"number":"1696565","label":"AWS SY"},{"number":"2907787","label":"AWS YE"},{"number":"762861","label":"TPWS"},{"number":"18992433","label":"SPTs"},{"number":"18778551","label":"Banner"}],"section":"Central"},"geometry":{"type":"Point","coordinates":[-4.2313211,55.8327457]}},{"type":"Feature","properties":{"name":"GR802","type":"Signals","notes":"","equipment_number":[{"number":"760996","label":"Signal"},{"number":"1696560","label":"AWS"},{"number":"1418206","label":"TPWS OS"},{"number":"1387864","label":"TPWS TS"},{"number":"1350985","label":"SPTs"},{"number":"18992428","label":"SPTs"},{"number":"781403","label":"Banner"},{"number":"18804390","label":"Banner"}],"section":"Central"},"geometry":{"type":"Point","coordinates":[-4.2337242,55.833781]}},{"type":"Feature","properties":{"name":"GR804","type":"Signals","notes":"","equipment_number":[{"number":"18804341","label":"Signal"},{"number":"1696561","label":"AWS"},{"number":"1109982","label":"TPWS"},{"number":"18992429","label":"SPTs"},{"number":"18804340","label":"Banner"}],"section":"Central"},"geometry":{"type":"Point","coordinates":[-4.2337979,55.8337118]}},{"type":"Feature","properties":{"name":"GR806","type":"Signals","notes":"","equipment_number":[{"number":"18886883","label":"Signal"},{"number":"18886886","label":"TPWS OS"},{"number":"18886885","label":"TPWS TS"},{"number":"18992430","label":"SPTs"},{"number":"18886884","label":"Banner"}],"section":"Central"},"geometry":{"type":"Point","coordinates":[-4.233916,55.8336605]}},{"type":"Feature","properties":{"name":"GR808","type":"Signals","notes":"","equipment_number":[{"number":"18804357","label":"Signal"},{"number":"18992427","label":"SPTs"},{"number":"2586492","label":"SPTs"},{"number":"18805490","label":"Banner"}],"section":"Central"},"geometry":{"type":"Point","coordinates":[-4.2343186,55.8337027]}},{"type":"Feature","properties":{"name":"GR800","type":"Signals","notes":"","equipment_number":[{"number":"18804350","label":"Signal"},{"number":"1350986","label":"SPTs"},{"number":"18992426","label":"SPTs"},{"number":"18833650","label":"Banner"}],"section":"Central"},"geometry":{"type":"Point","coordinates":[-4.2349691,55.833903]}},{"type":"Feature","properties":{"name":"GR798","type":"Signals","notes":"","equipment_number":[{"number":"18804354","label":"Signal"},{"number":"18992425","label":"SPTs"},{"number":"18804356","label":"Banner"}],"section":"Central"},"geometry":{"type":"Point","coordinates":[-4.2356544,55.8340913]}},{"type":"Feature","properties":{"name":"GR794","type":"Signals","notes":"","equipment_number":[{"number":"18804352","label":"Signal"},{"number":"18992424","label":"SPTs"}],"section":"Central"},"geometry":{"type":"Point","coordinates":[-4.2364722,55.8342619]}},{"type":"Feature","properties":{"name":"GR785","type":"Signals","notes":"","equipment_number":[{"number":"18778559","label":"Signal"},{"number":"762954","label":"AWS"},{"number":"762879","label":"TPWS"},{"number":"18992422","label":"SPTs"},{"number":"18778562","label":"Banner"}],"section":"Central"},"geometry":{"type":"Point","coordinates":[-4.2398075,55.8357173]}},{"type":"Feature","properties":{"name":"GR789","type":"Signals","notes":"","equipment_number":[{"number":"18804388","label":"Main"},{"number":"18778557","label":"Position Light"},{"number":"1696557","label":"AWS"},{"number":"762866","label":"TPWS"},{"number":"18992423","label":"SPTs"},{"number":"18778563","label":"Banner"}],"section":"Central"},"geometry":{"type":"Point","coordinates":[-4.2398893,55.8356578]}},{"type":"Feature","properties":{"name":"GR787","type":"Signals","notes":"","equipment_number":"18833651","section":"Central"},"geometry":{"type":"Point","coordinates":[-4.2404419,55.8358913]}},{"type":"Feature","properties":{"name":"GR779","type":"Signals","notes":"","equipment_number":[{"number":"1403700","label":"Main"},{"number":"1418201","label":"Position Light"},{"number":"1388079","label":"TPWS TS"},{"number":"1418205","label":"TPWS TS"},{"number":"18992419","label":"SPTs"},{"number":"1403701","label":"Banner"}],"section":"Central"},"geometry":{"type":"Point","coordinates":[-4.2394492,55.8358172]}},{"type":"Feature","properties":{"name":"GR791","type":"Signals","notes":"","equipment_number":[{"number":"18778515","label":"Signal"},{"number":"18992418","label":"SPTs"}],"section":"Central"},"geometry":{"type":"Point","coordinates":[-4.2418899,55.8363007]}},{"type":"Feature","properties":{"name":"GR788","type":"Signals","notes":"","equipment_number":[{"number":"18804328","label":"Signal"},{"number":"18992417","label":"SPTs"},{"number":"18886966","label":"Banner"}],"section":"Central"},"geometry":{"type":"Point","coordinates":[-4.2425057,55.8365463]}},{"type":"Feature","properties":{"name":"GR782","type":"Signals","notes":"","equipment_number":[{"number":"18778521","label":"Main"},{"number":"18778525","label":"Position Light"},{"number":"2907786","label":"AWS 1"},{"number":"762981","label":"AWS 2"},{"number":"1443876","label":"TPWS 1"},{"number":"18886861","label":"TPWS 2"},{"number":"1443878","label":"TPWS 3"},{"number":"762865","label":"TPWS OT"},{"number":"18992414","label":"SPTs"},{"number":"18778526","label":"Banner"},{"number":"18804348","label":"Banner"}],"section":"Central"},"geometry":{"type":"Point","coordinates":[-4.2425888,55.8368807]}},{"type":"Feature","properties":{"name":"GR784","type":"Signals","notes":"","equipment_number":[{"number":"18778523","label":"Signal"},{"number":"762987","label":"AWS"},{"number":"18992415","label":"SPTs"}],"section":"Central"},"geometry":{"type":"Point","coordinates":[-4.242676,55.8367998]}},{"type":"Feature","properties":{"name":"GR786","type":"Signals","notes":"","equipment_number":[{"number":"18778527","label":"Main"},{"number":"18778535","label":"Position Light"},{"number":"762962","label":"AWS"},{"number":"762743","label":"TPWS"},{"number":"18992416","label":"SPTs"}],"section":"Central"},"geometry":{"type":"Point","coordinates":[-4.2427578,55.836735]}},{"type":"Feature","properties":{"name":"GR775","type":"Signals","notes":"","equipment_number":[{"number":"760841","label":"Signal"},{"number":"18992413","label":"SPTs"},{"number":"781107","label":"Banner"}],"section":"Central"},"geometry":{"type":"Point","coordinates":[-4.2441649,55.8371489]}},{"type":"Feature","properties":{"name":"GR774","type":"Signals","notes":"","equipment_number":[{"number":"18778500","label":"Signal"},{"number":"18992411","label":"SPTs"}],"section":"Central"},"geometry":{"type":"Point","coordinates":[-4.2470268,55.8381618]}},{"type":"Feature","properties":{"name":"GR768","type":"Signals","notes":"","equipment_number":[{"number":"1387616","label":"Position Light"},{"number":"18804349","label":"Position Light"},{"number":"18992412","label":"SPTs"}],"section":"Central"},"geometry":{"type":"Point","coordinates":[-4.2464881,55.8381352]}},{"type":"Feature","properties":{"name":"GR766","type":"Signals","notes":"","equipment_number":[{"number":"18778543","label":"Signal"},{"number":"18992410","label":"SPTs"},{"number":"18886866","label":"Banner"}],"section":"Central"},"geometry":{"type":"Point","coordinates":[-4.2483153,55.8386657]}},{"type":"Feature","properties":{"name":"GR759","type":"Signals","notes":"","equipment_number":[{"number":"18804363","label":"Signal"},{"number":"2907785","label":"AWS 1"},{"number":"1696548","label":"AWS 3"},{"number":"762864","label":"TPWS"},{"number":"18992408","label":"SPTs"},{"number":"18804364","label":"Banner"}],"section":"Central"},"geometry":{"type":"Point","coordinates":[-4.2486841,55.8387953]}},{"type":"Feature","properties":{"name":"GR761","type":"Signals","notes":"","equipment_number":[{"number":"18778545","label":"Signal"},{"number":"762983","label":"AWS"},{"number":"762863","label":"TPWS"},{"number":"18992409","label":"SPTs"}],"section":"Central"},"geometry":{"type":"Point","coordinates":[-4.248731,55.8387562]}},{"type":"Feature","properties":{"name":"GR752","type":"Signals","notes":"","equipment_number":[{"number":"18778510","label":"Signal"},{"number":"762978","label":"AWS"},{"number":"762644","label":"TPWS"},{"number":"18992403","label":"SPTs"}],"section":"Central"},"geometry":{"type":"Point","coordinates":[-4.2499532,55.8394246]}},{"type":"Feature","properties":{"name":"GR756","type":"Signals","notes":"","equipment_number":[{"number":"18804331","label":"Main"},{"number":"18778519","label":"Position Light"},{"number":"2907784","label":"AWS"},{"number":"762753","label":"TPWS"},{"number":"18992404","label":"SPTs"},{"number":"18804332","label":"Banner"},{"number":"781029","label":"Banner"}],"section":"Central"},"geometry":{"type":"Point","coordinates":[-4.2500202,55.8393474]}},{"type":"Feature","properties":{"name":"GR758","type":"Signals","notes":"","equipment_number":[{"number":"18778507","label":"Main"},{"number":"18778508","label":"Position Light"},{"number":"1721645","label":"AWS"},{"number":"762768","label":"TPWS"},{"number":"18992405","label":"SPTs"}],"section":"Central"},"geometry":{"type":"Point","coordinates":[-4.2500994,55.8392865]}},{"type":"Feature","properties":{"name":"GR736","type":"Signals","notes":"","equipment_number":[{"number":"18778505","label":"Signal"},{"number":"1696536","label":"AWS"},{"number":"762765","label":"TPWS"},{"number":"18992399","label":"SPTs"},{"number":"781168","label":"Banner"}],"section":"Central"},"geometry":{"type":"Point","coordinates":[-4.2568295,55.8418041]}},{"type":"Feature","properties":{"name":"GR738","type":"Signals","notes":"","equipment_number":[{"number":"18778503","label":"Signal"},{"number":"1696537","label":"AWS"},{"number":"762766","label":"TPWS"},{"number":"18992400","label":"SPTs"}],"section":"Central"},"geometry":{"type":"Point","coordinates":[-4.2569006,55.8417355]}},{"type":"Feature","properties":{"name":"GR742","type":"Signals","notes":"","equipment_number":[{"number":"18778489","label":"Signal"},{"number":"1696540","label":"AWS"},{"number":"762767","label":"TPWS"},{"number":"18992401","label":"SPTs"},{"number":"18804325","label":"Banner"}],"section":"Central"},"geometry":{"type":"Point","coordinates":[-4.2569676,55.8416617]}},{"type":"Feature","properties":{"name":"GR735","type":"Signals","notes":"","equipment_number":[{"number":"18778487","label":"Signal"},{"number":"1696535","label":"AWS"},{"number":"18992398","label":"SPTs"},{"number":"18804326","label":"Banner"}],"section":"Central"},"geometry":{"type":"Point","coordinates":[-4.2576744,55.8418169]}},{"type":"Feature","properties":{"name":"GG5201","type":"Signals","notes":"","equipment_number":[{"number":"18804333","label":"Signal"},{"number":"779756","label":"AWS"},{"number":"1112864","label":"TPWS"}],"section":"Central"},"geometry":{"type":"Point","coordinates":[-4.2596839,55.8427682]}},{"type":"Feature","properties":{"name":"GR722","type":"Signals","notes":"","equipment_number":[{"number":"18778484","label":"Signal"},{"number":"762651","label":"TPWS"},{"number":"18992393","label":"SPTs"}],"section":"Central"},"geometry":{"type":"Point","coordinates":[-4.2608618,55.8433336]}},{"type":"Feature","properties":{"name":"GR721","type":"Signals","notes":"","equipment_number":[{"number":"18833633","label":"Signal"},{"number":"18992392","label":"SPTs"}],"section":"Central"},"geometry":{"type":"Point","coordinates":[-4.2614304,55.843506]}},{"type":"Feature","properties":{"name":"GG5218","type":"Signals","notes":"","equipment_number":[{"number":"18778497","label":"Banner"},{"number":"18778495","label":"Main"},{"number":"18992395","label":"SPTs"}],"section":"Central"},"geometry":{"type":"Point","coordinates":[-4.2619257,55.8462177]}},{"type":"Feature","properties":{"name":"GG5214","type":"Signals","notes":"","equipment_number":[{"number":"18778493","label":"Banner"},{"number":"759988","label":"Main"},{"number":"762932","label":"AWS"},{"number":"762764","label":"TPWS"},{"number":"18992394","label":"SPTs"}],"section":"Central"},"geometry":{"type":"Point","coordinates":[-4.261695,55.8457206]}},{"type":"Feature","properties":{"name":"GR852","type":"Signals","notes":"","equipment_number":[{"number":"18804345","label":"Signal"},{"number":"18992444","label":"SPTs"}],"section":"Central"},"geometry":{"type":"Point","coordinates":[-4.2113692,55.8302329]}},{"type":"Feature","properties":{"name":"GR842","type":"Signals","notes":"","equipment_number":[{"number":"18805493","label":"Signal"},{"number":"762721","label":"AWS"},{"number":"1109947","label":"TPWS"},{"number":"18992465","label":"SPTs"}],"section":"Central"},"geometry":{"type":"Point","coordinates":[-4.2129735,55.8308513]}},{"type":"Feature","properties":{"name":"GR840","type":"Signals","notes":"","equipment_number":[{"number":"18886725","label":"Signal"},{"number":"18886726","label":"TPWS"},{"number":"18886728","label":"AWS"},{"number":"18992466","label":"SPTs"}],"section":"Central"},"geometry":{"type":"Point","coordinates":[-4.2131344,55.8306682]}},{"type":"Feature","properties":{"name":"GR895","type":"Signals","notes":"","equipment_number":"18992464","section":"Central"},"geometry":{"type":"Point","coordinates":[-4.213345,55.8314079]}},{"type":"Feature","properties":{"name":"GR892","type":"Signals","notes":"","equipment_number":[{"number":"18804375","label":"Signal"},{"number":"18992463","label":"SPTs"}],"section":"Central"},"geometry":{"type":"Point","coordinates":[-4.2135636,55.831912]}},{"type":"Feature","properties":{"name":"GR894","type":"Signals","notes":"","equipment_number":[{"number":"18804377","label":"Signal"},{"number":"18992462","label":"SPTs"}],"section":"Central"},"geometry":{"type":"Point","coordinates":[-4.2134952,55.8320377]}},{"type":"Feature","properties":{"name":"GR885","type":"Signals","notes":"","equipment_number":[{"number":"18805492","label":"Signal"},{"number":"762658","label":"TPWS"},{"number":"18886728","label":"AWS"},{"number":"18992461","label":"SPTs"}],"section":"Central"},"geometry":{"type":"Point","coordinates":[-4.2141148,55.8318981]}},{"type":"Feature","properties":{"name":"GR889","type":"Signals","notes":"","equipment_number":[{"number":"753343","label":"Signal"},{"number":"18886773","label":"AWS"},{"number":"1388091","label":"TPWS"},{"number":"18886775","label":"AWS"},{"number":"18992460","label":"SPTs"}],"section":"Central"},"geometry":{"type":"Point","coordinates":[-4.2144437,55.8320242]}},{"type":"Feature","properties":{"name":"GR886","type":"Signals","notes":"","equipment_number":[{"number":"18833629","label":"Signal"},{"number":"1696588","label":"AWS"},{"number":"1110052","label":"TPWS"},{"number":"18992458","label":"SPTs"},{"number":"2907782","label":"Banner"}],"section":"Central"},"geometry":{"type":"Point","coordinates":[-4.214727,55.8346074]}},{"type":"Feature","properties":{"name":"GR883","type":"Signals","notes":"","equipment_number":[{"number":"18833632","label":"Signal"},{"number":"1696587","label":"AWS"},{"number":"18992457","label":"SPTs"}],"section":"Central"},"geometry":{"type":"Point","coordinates":[-4.2151173,55.8352265]}},{"type":"Feature","properties":{"name":"GR893","type":"Signals","notes":"","equipment_number":[{"number":"18804366","label":"Position Light"},{"number":"18886730","label":"Position Light"},{"number":"18992456","label":"SPTs"}],"section":"Central"},"geometry":{"type":"Point","coordinates":[-4.2150475,55.83542]}},{"type":"Feature","properties":{"name":"GR890","type":"Signals","notes":"","equipment_number":[{"number":"18804368","label":"Signal"},{"number":"18992455","label":"SPTs"},{"number":"18886754","label":"Banner"}],"section":"Central"},"geometry":{"type":"Point","coordinates":[-4.2152004,55.8359871]}},{"type":"Feature","properties":{"name":"GR884","type":"Signals","notes":"","equipment_number":[{"number":"18886732","label":"Signal"},{"number":"18886734","label":"AWS"},{"number":"1110053","label":"TPWS"},{"number":"18992454","label":"SPTs"}],"section":"Central"},"geometry":{"type":"Point","coordinates":[-4.2170557,55.839365]}},{"type":"Feature","properties":{"name":"GR882","type":"Signals","notes":"","equipment_number":[{"number":"18804361","label":"Signal"},{"number":"1693906","label":"AWS"},{"number":"18992453","label":"SPTs"}],"section":"Central"},"geometry":{"type":"Point","coordinates":[-4.2173708,55.8419295]}},{"type":"Feature","properties":{"name":"GG5601","type":"Signals","notes":"","equipment_number":[{"number":"2151470","label":"Signal"},{"number":"1387909","label":"TPWS"},{"number":"2643045","label":"SPTs"},{"number":"2907711","label":"Banner"}],"section":"Central"},"geometry":{"type":"Point","coordinates":[-4.2580597,55.8568537]}},{"type":"Feature","properties":{"name":"GG5602","type":"Signals","notes":"","equipment_number":[{"number":"2151472","label":"Signal"},{"number":"1387908","label":"TPWS"},{"number":"2643046","label":"SPTs"},{"number":"2907719","label":"Banner"}],"section":"Central"},"geometry":{"type":"Point","coordinates":[-4.2580973,55.8568559]}},{"type":"Feature","properties":{"name":"GG5604","type":"Signals","notes":"","equipment_number":[{"number":"2151386","label":"Signal"},{"number":"762756","label":"TPWS"},{"number":"2643089","label":"SPTs"},{"number":"2907728","label":"Banner"}],"section":"Central"},"geometry":{"type":"Point","coordinates":[-4.2580071,55.8581217]}},{"type":"Feature","properties":{"name":"GG5603","type":"Signals","notes":"","equipment_number":[{"number":"2151385","label":"Signal"},{"number":"2643088","label":"SPTs"},{"number":"2907724","label":"Banner"}],"section":"Central"},"geometry":{"type":"Point","coordinates":[-4.2579642,55.8581187]}},{"type":"Feature","properties":{"name":"GG5605","type":"Signals","notes":"","equipment_number":[{"number":"2151462","label":"Signal"},{"number":"2643047","label":"SPTs"},{"number":"2907732","label":"Banner"}],"section":"Central"},"geometry":{"type":"Point","coordinates":[-4.2580518,55.8583474]}},{"type":"Feature","properties":{"name":"GG5606","type":"Signals","notes":"","equipment_number":[{"number":"2151465","label":"Signal"},{"number":"2907736","label":"Banner"}],"section":"Central"},"geometry":{"type":"Point","coordinates":[-4.2580793,55.8583486]}},{"type":"Feature","properties":{"name":"GG5607","type":"Signals","notes":"","equipment_number":[{"number":"2151467","label":"Signal"},{"number":"762711","label":"TPWS"},{"number":"2643049","label":"SPTs"},{"number":"2907740","label":"Banner"}],"section":"Central"},"geometry":{"type":"Point","coordinates":[-4.2581913,55.8583459]}},{"type":"Feature","properties":{"name":"GG5608","type":"Signals","notes":"","equipment_number":[{"number":"2151468","label":"Signal"},{"number":"762698","label":"TPWS"},{"number":"2643050","label":"SPTs"},{"number":"2907744","label":"Banner"}],"section":"Central"},"geometry":{"type":"Point","coordinates":[-4.2582134,55.8583463]}},{"type":"Feature","properties":{"name":"GG5609","type":"Signals","notes":"","equipment_number":[{"number":"2421906","label":"Signal"},{"number":"2643051","label":"SPTs"},{"number":"2421919","label":"Banner"}],"section":"Central"},"geometry":{"type":"Point","coordinates":[-4.2585581,55.8565238]}},{"type":"Feature","properties":{"name":"GG5610","type":"Signals","notes":"","equipment_number":[{"number":"2421907","label":"Signal"},{"number":"2643052","label":"SPTs"},{"number":"2421920","label":"Banner"}],"section":"Central"},"geometry":{"type":"Point","coordinates":[-4.258585,55.8565299]}},{"type":"Feature","properties":{"name":"GG5710","type":"Signals","notes":"","equipment_number":[{"number":"2642461","label":"Signal"},{"number":"2643058","label":"SPTs"}],"section":"Central"},"geometry":{"type":"Point","coordinates":[-4.258445,55.8571396]}},{"type":"Feature","properties":{"name":"GG5711","type":"Signals","notes":"","equipment_number":[{"number":"2421882","label":"Signal"},{"number":"2643092","label":"SPTs"}],"section":"Central"},"geometry":{"type":"Point","coordinates":[-4.2587043,55.8565476]}},{"type":"Feature","properties":{"name":"GG5612","type":"Signals","notes":"","equipment_number":[{"number":"2828993","label":"Signal"},{"number":"2829030","label":"TPWS"},{"number":"2829076","label":"SPTs"},{"number":"2828996","label":"Banner"}],"section":"Central"},"geometry":{"type":"Point","coordinates":[-4.2587365,55.8565506]}},{"type":"Feature","properties":{"name":"GG5811","type":"Signals","notes":"","equipment_number":[{"number":"2642462","label":"Signal"},{"number":"2643093","label":"SPTs"}],"section":"Central"},"geometry":{"type":"Point","coordinates":[-4.2585809,55.8571551]}},{"type":"Feature","properties":{"name":"GG5613","type":"Signals","notes":"","equipment_number":[{"number":"2828992","label":"Main"},{"number":"2829032","label":"TPWS"},{"number":"2829077","label":"SPTs"},{"number":"2829001","label":"Banner"}],"section":"Central"},"geometry":{"type":"Point","coordinates":[-4.2588736,55.8565537]}},{"type":"Feature","properties":{"name":"GG5615","type":"Signals","notes":"","equipment_number":[{"number":"2404408","label":"Signal"},{"number":"1112843","label":"TPWS"},{"number":"2643054","label":"SPTs"},{"number":"2404410","label":"Banner"}],"section":"Central"},"geometry":{"type":"Point","coordinates":[-4.259107,55.8564958]}},{"type":"Feature","properties":{"name":"GG5614","type":"Signals","notes":"","equipment_number":[{"number":"2404407","label":"Signal"},{"number":"1112842","label":"TPWS"},{"number":"2829079","label":"SPTs"},{"number":"2404409","label":"Banner"}],"section":"Central"},"geometry":{"type":"Point","coordinates":[-4.2589782,55.8563715]}},{"type":"Feature","properties":{"name":"GG5611","type":"Signals","notes":"","equipment_number":[{"number":"2421885","label":"Signal"},{"number":"1387913","label":"TPWS"},{"number":"2643090","label":"SPTs"}],"section":"Central"},"geometry":{"type":"Point","coordinates":[-4.2589461,55.8559308]}},{"type":"Feature","properties":{"name":"GG5485","type":"Signals","notes":"","equipment_number":[{"number":"2642454","label":"Signal"},{"number":"2642455","label":"Banner"}],"section":"Central"},"geometry":{"type":"Point","coordinates":[-4.2596749,55.8540523]}},{"type":"Feature","properties":{"name":"GG5267","type":"Signals","notes":"","equipment_number":[{"number":"2642443","label":"Signal"},{"number":"2643082","label":"SPTs"}],"section":"Central"},"geometry":{"type":"Point","coordinates":[-4.2590942,55.8537828]}},{"type":"Feature","properties":{"name":"GG5269","type":"Signals","notes":"","equipment_number":[{"number":"2642444","label":"Signal"},{"number":"2643083","label":"SPTs"}],"section":"Central"},"geometry":{"type":"Point","coordinates":[-4.2590258,55.853773]}},{"type":"Feature","properties":{"name":"GG5462","type":"Signals","notes":"","equipment_number":[{"number":"2642446","label":"Signal"},{"number":"2642447","label":"Banner"}],"section":"Central"},"geometry":{"type":"Point","coordinates":[-4.2598626,55.8528079]}},{"type":"Feature","properties":{"name":"GG5468","type":"Signals","notes":"","equipment_number":[{"number":"2642448","label":"Signal"},{"number":"2643039","label":"SPTs"}],"section":"Central"},"geometry":{"type":"Point","coordinates":[-4.2600262,55.852884]}},{"type":"Feature","properties":{"name":"GG5260","type":"Signals","notes":"","equipment_number":[{"number":"2642441","label":"Signal"},{"number":"2643030","label":"SPTs"}],"section":"Central"},"geometry":{"type":"Point","coordinates":[-4.2594804,55.8523107]}},{"type":"Feature","properties":{"name":"GG5262","type":"Signals","notes":"","equipment_number":"2642442","section":"Central"},"geometry":{"type":"Point","coordinates":[-4.2595455,55.8523194]}},{"type":"Feature","properties":{"name":"GG5211","type":"Signals","notes":"","equipment_number":[{"number":"2236446","label":"Signal"},{"number":"762960","label":"AWS"},{"number":"1388009","label":"TPWS"},{"number":"2643021","label":"SPTs"},{"number":"2239293","label":"Banner"}],"section":"Central"},"geometry":{"type":"Point","coordinates":[-4.262003,55.8464422]}},{"type":"Feature","properties":{"name":"GG5190","type":"Signals","notes":"","equipment_number":[{"number":"2236663","label":"Signal"},{"number":"1387936","label":"AWS"},{"number":"2643017","label":"SPTs"}],"section":"Central"},"geometry":{"type":"Point","coordinates":[-4.2617388,55.8469865]}},{"type":"Feature","properties":{"name":"GG5191","type":"Signals","notes":"","equipment_number":[{"number":"2236662","label":"Signal"},{"number":"1696324","label":"AWS"},{"number":"2643018","label":"SPTs"}],"section":"Central"},"geometry":{"type":"Point","coordinates":[-4.2618072,55.8470686]}},{"type":"Feature","properties":{"name":"GG5834","type":"Signals","notes":"","equipment_number":[{"number":"2642464","label":"Main"},{"number":"2642465","label":"Position Light"},{"number":"2642501","label":"AWS"},{"number":"2642490","label":"TPWS"},{"number":"2643063","label":"SPTs"},{"number":"2642466","label":"Banner"}],"section":"Central"},"geometry":{"type":"Point","coordinates":[-4.2691203,55.8485449]}},{"type":"Feature","properties":{"name":"GG5844","type":"Signals","notes":"","equipment_number":[{"number":"3162235","label":"Signal"},{"number":"3178057","label":"AWS"},{"number":"3178266","label":"TPWS"},{"number":"3303532","label":"SPTs"},{"number":"3162236","label":"Banner"}],"section":"Central"},"geometry":{"type":"Point","coordinates":[-4.2686325,55.8487748]}},{"type":"Feature","properties":{"name":"GG5842","type":"Signals","notes":"","equipment_number":[{"number":"2237199","label":"Signal"},{"number":"3178059","label":"AWS"},{"number":"762878","label":"TPWS"},{"number":"2643067","label":"SPTs"}],"section":"Central"},"geometry":{"type":"Point","coordinates":[-4.2686822,55.8488554]}},{"type":"Feature","properties":{"name":"GG5843","type":"Signals","notes":"","equipment_number":[{"number":"2236674","label":"Signal"},{"number":"3178056","label":"AWS"},{"number":"2643068","label":"SPTs"}],"section":"Central"},"geometry":{"type":"Point","coordinates":[-4.2704428,55.848484]}},{"type":"Feature","properties":{"name":"GG5845","type":"Signals","notes":"","equipment_number":[{"number":"2236675","label":"Signal"},{"number":"1696313","label":"AWS"},{"number":"2643069","label":"SPTs"}],"section":"Central"},"geometry":{"type":"Point","coordinates":[-4.270479,55.8485548]}},{"type":"Feature","properties":{"name":"GG5847","type":"Signals","notes":"","equipment_number":[{"number":"2236677","label":"Signal"},{"number":"3178058","label":"AWS"},{"number":"2643071","label":"SPTs"}],"section":"Central"},"geometry":{"type":"Point","coordinates":[-4.2729188,55.8481018]}},{"type":"Feature","properties":{"name":"GG5849","type":"Signals","notes":"","equipment_number":[{"number":"2236679","label":"Signal"},{"number":"1696315","label":"AWS"},{"number":"2643072","label":"SPTs"},{"number":"2642486","label":"Banner"}],"section":"Central"},"geometry":{"type":"Point","coordinates":[-4.2729782,55.8481884]}},{"type":"Feature","properties":{"name":"GG5846","type":"Signals","notes":"","equipment_number":[{"number":"2237200","label":"Signal"},{"number":"3178063","label":"AWS"},{"number":"762874","label":"TPWS"},{"number":"2643070","label":"SPTs"}],"section":"Central"},"geometry":{"type":"Point","coordinates":[-4.2753317,55.8478924]}},{"type":"Feature","properties":{"name":"GG5848","type":"Signals","notes":"","equipment_number":[{"number":"3162237","label":"Signal"},{"number":"3178062","label":"AWS"},{"number":"3178269","label":"TPWS"},{"number":"3303533","label":"SPTs"}],"section":"Central"},"geometry":{"type":"Point","coordinates":[-4.2752935,55.8478103]}},{"type":"Feature","properties":{"name":"GG5851","type":"Signals","notes":"","equipment_number":[{"number":"2488472","label":"Signal"},{"number":"3178060","label":"AWS"},{"number":"3303467","label":"SPTs"}],"section":"Central"},"geometry":{"type":"Point","coordinates":[-4.2774907,55.8476286]}},{"type":"Feature","properties":{"name":"GG5853","type":"Signals","notes":"","equipment_number":[{"number":"3162238","label":"Signal"},{"number":"3178061","label":"AWS"},{"number":"3178270","label":"TPWS"},{"number":"3303490","label":"SPTs"}],"section":"Central"},"geometry":{"type":"Point","coordinates":[-4.2775229,55.8477076]}},{"type":"Feature","properties":{"name":"GS5901","type":"Signals","notes":"","equipment_number":[{"number":"3162283","label":"Signal"},{"number":"3178095","label":"AWS"},{"number":"3303522","label":"SPTs"}],"section":"Central"},"geometry":{"type":"Point","coordinates":[-4.3414205,55.8527806]}},{"type":"Feature","properties":{"name":"GS5903","type":"Signals","notes":"","equipment_number":[{"number":"3162285","label":"Signal"},{"number":"3178096","label":"AWS"},{"number":"3162286","label":"Banner"}],"section":"Central"},"geometry":{"type":"Point","coordinates":[-4.3414018,55.8528431]}},{"type":"Feature","properties":{"name":"GS5905","type":"Signals","notes":"","equipment_number":[{"number":"3162288","label":"Signal"},{"number":"3178097","label":"AWS"},{"number":"3178307","label":"TPWS"},{"number":"3303523","label":"SPTs"}],"section":"Central"},"geometry":{"type":"Point","coordinates":[-4.3413588,55.8529635]}},{"type":"Feature","properties":{"name":"GS5937","type":"Signals","notes":"","equipment_number":"3162314","section":"Central"},"geometry":{"type":"Point","coordinates":[-4.2803981,55.8476248]}},{"type":"Feature","properties":{"name":"GS5936","type":"Signals","notes":"","equipment_number":[{"number":"3162313","label":"Signal"},{"number":"1696512","label":"AWS"},{"number":"3178271","label":"TPWS"},{"number":"3303541","label":"SPTs"}],"section":"Central"},"geometry":{"type":"Point","coordinates":[-4.2788529,55.8474511]}},{"type":"Feature","properties":{"name":"GS5997","type":"Signals","notes":"","equipment_number":[{"number":"3162335","label":"Signal"},{"number":"1180614","label":"AWS"},{"number":"2488471","label":"TPWS"},{"number":"3304571","label":"SPTs"},{"number":"3162336","label":"Banner"}],"section":"Central"},"geometry":{"type":"Point","coordinates":[-4.281756,55.8473606]}},{"type":"Feature","properties":{"name":"GS5996","type":"Signals","notes":"","equipment_number":[{"number":"753372","label":"Signal"},{"number":"1696387","label":"AWS"},{"number":"1388095","label":"TPWS"},{"number":"3304575","label":"SPTs"}],"section":"Central"},"geometry":{"type":"Point","coordinates":[-4.2768573,55.8475646]}},{"type":"Feature","properties":{"name":"GS5994","type":"Signals","notes":"","equipment_number":[{"number":"753371","label":"Signal"},{"number":"1180603","label":"AWS"},{"number":"1388084","label":"TPWS"},{"number":"3304573","label":"SPTs"}],"section":"Central"},"geometry":{"type":"Point","coordinates":[-4.2768418,55.847643]}},{"type":"Feature","properties":{"name":"GS5995","type":"Signals","notes":"","equipment_number":[{"number":"2642435","label":"Signal"},{"number":"2642488","label":"TPWS"},{"number":"1369209","label":"SPTs"},{"number":"3162334","label":"Banner"}],"section":"Central"},"geometry":{"type":"Point","coordinates":[-4.272394,55.8477263]}},{"type":"Feature","properties":{"name":"GS5993","type":"Signals","notes":"","equipment_number":[{"number":"3162333","label":"Signal"},{"number":"763153","label":"AWS"},{"number":"762637","label":"TPWS"},{"number":"3304572","label":"SPTs"}],"section":"Central"},"geometry":{"type":"Point","coordinates":[-4.2709523,55.847878]}},{"type":"Feature","properties":{"name":"GS5991","type":"Signals","notes":"","equipment_number":[{"number":"3162332","label":"Signal"},{"number":"763144","label":"AWS"}],"section":"Central"},"geometry":{"type":"Point","coordinates":[-4.2641597,55.8489342]}},{"type":"Feature","properties":{"name":"GS5941","type":"Signals","notes":"","equipment_number":[{"number":"1220127","label":"Signal"},{"number":"3303631","label":"SPTs"},{"number":"2488573","label":"Banner"}],"section":"Central"},"geometry":{"type":"Point","coordinates":[-4.2826701,55.8472814]}},{"type":"Feature","properties":{"name":"GS5939","type":"Signals","notes":"","equipment_number":[{"number":"3162316","label":"Signal"},{"number":"1696419","label":"AWS"},{"number":"762633","label":"TPWS"},{"number":"3303630","label":"SPTs"},{"number":"3162317","label":"Banner"}],"section":"Central"},"geometry":{"type":"Point","coordinates":[-4.2808547,55.8472443]}},{"type":"Feature","properties":{"name":"GS5938","type":"Signals","notes":"","equipment_number":[{"number":"3162315","label":"Signal"},{"number":"3178116","label":"AWS"},{"number":"3178273","label":"TPWS"},{"number":"3303626","label":"SPTs"}],"section":"Central"},"geometry":{"type":"Point","coordinates":[-4.2781684,55.8474119]}},{"type":"Feature","properties":{"name":"GS5934","type":"Signals","notes":"","equipment_number":[{"number":"3162311","label":"Signal"},{"number":"3178115","label":"AWS"},{"number":"3303625","label":"SPTs"},{"number":"3162312","label":"Banner"}],"section":"Central"},"geometry":{"type":"Point","coordinates":[-4.2738928,55.8469802]}},{"type":"Feature","properties":{"name":"GS5931","type":"Signals","notes":"","equipment_number":[{"number":"3162307","label":"Signal"},{"number":"3178113","label":"AWS"},{"number":"3178267","label":"TPWS"},{"number":"3303624","label":"SPTs"},{"number":"3162308","label":"Banner"}],"section":"Central"},"geometry":{"type":"Point","coordinates":[-4.2668074,55.8455616]}},{"type":"Feature","properties":{"name":"GS5933","type":"Signals","notes":"","equipment_number":[{"number":"3162309","label":"Signal"},{"number":"3178114","label":"AWS"},{"number":"3178268","label":"TPWS"},{"number":"3304662","label":"SPTs"},{"number":"3162310","label":"Banner"}],"section":"Central"},"geometry":{"type":"Point","coordinates":[-4.2697087,55.8457288]}},{"type":"Feature","properties":{"name":"GB5182","type":"Signals","notes":"","equipment_number":[{"number":"9199219","label":"Signal"},{"number":"9199216","label":"AWS SY"},{"number":"9199217","label":"AWS SY"},{"number":"9199218","label":"TPWS"},{"number":"7923432","label":"SPTs"},{"number":"9199220","label":"Banner"}],"section":"Central"},"geometry":{"type":"Point","coordinates":[-4.2686177,55.8418728]}},{"type":"Feature","properties":{"name":"GR726","type":"Signals","notes":"","equipment_number":[{"number":"18833636","label":"Signal"},{"number":"18833634","label":"TPWS"},{"number":"18992391","label":"SPTs"}],"section":"Central"},"geometry":{"type":"Point","coordinates":[-4.2619367,55.8421951]}},{"type":"Feature","properties":{"name":"GB5179","type":"Signals","notes":"","equipment_number":[{"number":"18886748","label":"Signal"},{"number":"18886749","label":"AWS"}],"section":"Central"},"geometry":{"type":"Point","coordinates":[-4.2679135,55.8396827]}},{"type":"Feature","properties":{"name":"GB5178","type":"Signals","notes":"","equipment_number":[{"number":"7887605","label":"Signal"},{"number":"7887607","label":"AWS"},{"number":"7887606","label":"TPWS"},{"number":"7923428","label":"SPTs"}],"section":"Central"},"geometry":{"type":"Point","coordinates":[-4.2687881,55.8392767]}},{"type":"Feature","properties":{"name":"GS5943","type":"Signals","notes":"","equipment_number":[{"number":"1793275","label":"Signal"},{"number":"3303670","label":"SPTs"},{"number":"1793278","label":"Banner"}],"section":"Central"},"geometry":{"type":"Point","coordinates":[-4.2888245,55.8474422]}},{"type":"Feature","properties":{"name":"GS5945","type":"Signals","notes":"","equipment_number":[{"number":"3162318","label":"Main"},{"number":"3162320","label":"Position Light"},{"number":"3178117","label":"AWS"},{"number":"3178279","label":"TPWS OS"},{"number":"762844","label":"TPWS OT"},{"number":"3303695","label":"SPTs"},{"number":"3162319","label":"Banner"}],"section":"Central"},"geometry":{"type":"Point","coordinates":[-4.2901361,55.8474603]}},{"type":"Feature","properties":{"name":"GS5947","type":"Signals","notes":"","equipment_number":[{"number":"3162325","label":"Signal"},{"number":"3178118","label":"AWS"},{"number":"3178280","label":"TPWS"},{"number":"3304164","label":"SPTs"}],"section":"Central"},"geometry":{"type":"Point","coordinates":[-4.2901281,55.8475431]}},{"type":"Feature","properties":{"name":"GS5944","type":"Signals","notes":"","equipment_number":[{"number":"1793283","label":"Signal"},{"number":"3304086","label":"SPTs"}],"section":"Central"},"geometry":{"type":"Point","coordinates":[-4.290131,55.8474129]}},{"type":"Feature","properties":{"name":"GS5948","type":"Signals","notes":"","equipment_number":[{"number":"3162326","label":"Main"},{"number":"3162327","label":"Position Light"},{"number":"3178119","label":"AWS"},{"number":"3178283","label":"TPWS"},{"number":"3304076","label":"SPTs"},{"number":"3162328","label":"Banner"}],"section":"Central"},"geometry":{"type":"Point","coordinates":[-4.2913688,55.8474264]}},{"type":"Feature","properties":{"name":"GS5946","type":"Signals","notes":"","equipment_number":[{"number":"3162321","label":"Main"},{"number":"3162323","label":"Position Light"},{"number":"3178120","label":"AWS"},{"number":"3178285","label":"TPWS OS -"},{"number":"3178284","label":"TPWS OT"},{"number":"3303696","label":"SPTs"},{"number":"3162322","label":"Banner"},{"number":"3162324","label":"Banner"}],"section":"Central"},"geometry":{"type":"Point","coordinates":[-4.2912991,55.8475311]}},{"type":"Feature","properties":{"name":"GS5951","type":"Signals","notes":"","equipment_number":[{"number":"3162329","label":"Signal"},{"number":"3303663","label":"SPTs"}],"section":"Central"},"geometry":{"type":"Point","coordinates":[-4.2924806,55.8473557]}},{"type":"Feature","properties":{"name":"GS5952","type":"Signals","notes":"","equipment_number":[{"number":"760334","label":"Signal"},{"number":"3303664","label":"SPTs"}],"section":"Central"},"geometry":{"type":"Point","coordinates":[-4.2933872,55.84737]}},{"type":"Feature","properties":{"name":"GS5954","type":"Signals","notes":"","equipment_number":[{"number":"1602691","label":"Signal"},{"number":"3303665","label":"SPTs"},{"number":"1678623","label":"Banner"}],"section":"Central"},"geometry":{"type":"Point","coordinates":[-4.2933778,55.8473225]}},{"type":"Feature","properties":{"name":"GS5956","type":"Signals","notes":"","equipment_number":[{"number":"1602700","label":"Signal"},{"number":"3303667","label":"SPTs"}],"section":"Central"},"geometry":{"type":"Point","coordinates":[-4.2933738,55.8472894]}},{"type":"Feature","properties":{"name":"GS5958","type":"Signals","notes":"","equipment_number":[{"number":"3162330","label":"Signal"},{"number":"762925","label":"AWS"},{"number":"762632","label":"TPWS"},{"number":"3303668","label":"SPTs"}],"section":"Central"},"geometry":{"type":"Point","coordinates":[-4.2971115,55.8467563]}},{"type":"Feature","properties":{"name":"GS5959","type":"Signals","notes":"","equipment_number":[{"number":"3162331","label":"Signal"},{"number":"3303669","label":"SPTs"}],"section":"Central"},"geometry":{"type":"Point","coordinates":[-4.2973946,55.846419]}},{"type":"Feature","properties":{"name":"G593","type":"Signals","notes":"","equipment_number":[{"number":"759855","label":"Signal"},{"number":"1180278","label":"AWS"},{"number":"2586444","label":"SPTs"}],"section":"Central"},"geometry":{"type":"Point","coordinates":[-4.3015262,55.8443617]}},{"type":"Feature","properties":{"name":"G597R","type":"Signals","notes":"","equipment_number":[{"number":"759856","label":"Signal"},{"number":"762925","label":"AWS"}],"section":"Central"},"geometry":{"type":"Point","coordinates":[-4.3016348,55.8444347]}},{"type":"Feature","properties":{"name":"G594","type":"Signals","notes":"","equipment_number":[{"number":"759858","label":"Signal"},{"number":"1696620","label":"AWS SY"},{"number":"1180331","label":"AWS SY"},{"number":"2586447","label":"SPTs"}],"section":"Central"},"geometry":{"type":"Point","coordinates":[-4.3041063,55.8430676]}},{"type":"Feature","properties":{"name":"G595","type":"Signals","notes":"","equipment_number":[{"number":"761010","label":"Signal"},{"number":"1180277","label":"AWS"},{"number":"762650","label":"TPWS"},{"number":"786127","label":"Banner"}],"section":"Central"},"geometry":{"type":"Point","coordinates":[-4.3082568,55.8410058]}},{"type":"Feature","properties":{"name":"G597","type":"Signals","notes":"","equipment_number":[{"number":"759857","label":"Signal"},{"number":"762627","label":"TPWS"},{"number":"1180331","label":"AWS"},{"number":"2586452","label":"SPTs"}],"section":"Central"},"geometry":{"type":"Point","coordinates":[-4.3083628,55.8410814]}},{"type":"Feature","properties":{"name":"G596","type":"Signals","notes":"","equipment_number":[{"number":"759860","label":"Signal"},{"number":"1180258","label":"AWS SY"},{"number":"780441","label":"AWS YE"},{"number":"2586449","label":"SPTs"}],"section":"Central"},"geometry":{"type":"Point","coordinates":[-4.310465,55.8404875]}},{"type":"Feature","properties":{"name":"S1","type":"Signals","notes":"","equipment_number":[{"number":"1748458","label":"Main"},{"number":"1748460","label":"Position Light"},{"number":"1748465","label":"AWS"},{"number":"1748463","label":"SPTs"},{"number":"1748459","label":"Banner"}],"section":"Central"},"geometry":{"type":"Point","coordinates":[-4.3171182,55.8391177]}},{"type":"Feature","properties":{"name":"G599","type":"Signals","notes":"","equipment_number":[{"number":"759869","label":"Main"},{"number":"760326","label":"Position Light"},{"number":"1180312","label":"AWS"},{"number":"762628","label":"TPWS"},{"number":"2586456","label":"SPTs"}],"section":"Central"},"geometry":{"type":"Point","coordinates":[-4.3169334,55.8392717]}},{"type":"Feature","properties":{"name":"G598","type":"Signals","notes":"","equipment_number":[{"number":"1698775","label":"Signal"},{"number":"1721658","label":"AWS"},{"number":"1388088","label":"TPWS"},{"number":"2586454","label":"SPTs"}],"section":"Central"},"geometry":{"type":"Point","coordinates":[-4.31891,55.8385877]}},{"type":"Feature","properties":{"name":"G900","type":"Signals","notes":"","equipment_number":[{"number":"759863","label":"Signal"},{"number":"1180382","label":"AWS"},{"number":"762855","label":"TPWS"}],"section":"Central"},"geometry":{"type":"Point","coordinates":[-4.3219904,55.8375239]}},{"type":"Feature","properties":{"name":"G900R","type":"Signals","notes":"","equipment_number":[{"number":"759862","label":"Signal"},{"number":"1696626","label":"AWS"}],"section":"Central"},"geometry":{"type":"Point","coordinates":[-4.3354703,55.8381181]}},{"type":"Feature","properties":{"name":"G901","type":"Signals","notes":"","equipment_number":[{"number":"759852","label":"Signal"},{"number":"1696627","label":"AWS"},{"number":"762629","label":"TPWS"}],"section":"Central"},"geometry":{"type":"Point","coordinates":[-4.3396867,55.8392097]}},{"type":"Feature","properties":{"name":"G902","type":"Signals","notes":"","equipment_number":[{"number":"759866","label":"Signal"},{"number":"1180379","label":"AWS"},{"number":"762630","label":"TPWS"},{"number":"2586668","label":"SPTs"}],"section":"Central"},"geometry":{"type":"Point","coordinates":[-4.3560244,55.8432108]}},{"type":"Feature","properties":{"name":"G903","type":"Signals","notes":"","equipment_number":[{"number":"759865","label":"Signal"},{"number":"1180380","label":"AWS"},{"number":"762856","label":"TPWS"}],"section":"Central"},"geometry":{"type":"Point","coordinates":[-4.3575278,55.843305]}},{"type":"Feature","properties":{"name":"G905R","type":"Signals","notes":"","equipment_number":[{"number":"759864","label":"Signal"},{"number":"1180378","label":"AWS"}],"section":"Central"},"geometry":{"type":"Point","coordinates":[-4.372354,55.8402729]}},{"type":"Feature","properties":{"name":"G904","type":"Signals","notes":"","equipment_number":[{"number":"759923","label":"Signal"},{"number":"1180377","label":"AWS"},{"number":"762642","label":"TPWS"}],"section":"Central"},"geometry":{"type":"Point","coordinates":[-4.3724271,55.8403045]}},{"type":"Feature","properties":{"name":"G905","type":"Signals","notes":"","equipment_number":[{"number":"759895","label":"Main"},{"number":"760336","label":"Position Light"},{"number":"1696631","label":"AWS"},{"number":"762857","label":"TPWS"},{"number":"18668261","label":"SPTs"}],"section":"Central"},"geometry":{"type":"Point","coordinates":[-4.3876152,55.8399779]}},{"type":"Feature","properties":{"name":"G906","type":"Signals","notes":"","equipment_number":[{"number":"759868","label":"Signal"},{"number":"1180366","label":"AWS"},{"number":"762631","label":"TPWS"}],"section":"Central"},"geometry":{"type":"Point","coordinates":[-4.3926817,55.8418274]}},{"type":"Feature","properties":{"name":"G906R","type":"Signals","notes":"","equipment_number":[{"number":"759867","label":"Signal"},{"number":"1180374","label":"AWS"}],"section":"Central"},"geometry":{"type":"Point","coordinates":[-4.4072628,55.8392817]}},{"type":"Feature","properties":{"name":"GC5015","type":"Signals","notes":"","equipment_number":[{"number":"7896010","label":"Signal"},{"number":"7896043","label":"AWS"},{"number":"7923437","label":"SPTs"}],"section":"Central"},"geometry":{"type":"Point","coordinates":[-4.1553086,55.814566]}},{"type":"Feature","properties":{"name":"GC5017","type":"Signals","notes":"","equipment_number":[{"number":"7896016","label":"Signal"},{"number":"7896044","label":"AWS"},{"number":"7923438","label":"SPTs"}],"section":"Central"},"geometry":{"type":"Point","coordinates":[-4.1754915,55.8145924]}},{"type":"Feature","properties":{"name":"GC5022","type":"Signals","notes":"","equipment_number":[{"number":"7896292","label":"Signal"},{"number":"7896293","label":"AWS"},{"number":"7923440","label":"SPTs"}],"section":"Central"},"geometry":{"type":"Point","coordinates":[-4.1802389,55.8152386]}},{"type":"Feature","properties":{"name":"GC5019","type":"Signals","notes":"","equipment_number":[{"number":"7896036","label":"Signal"},{"number":"7896017","label":"AWS"},{"number":"7923439","label":"SPTs"}],"section":"Central"},"geometry":{"type":"Point","coordinates":[-4.1971959,55.8162222]}},{"type":"Feature","properties":{"name":"GC5024","type":"Signals","notes":"","equipment_number":[{"number":"7896296","label":"Signal"},{"number":"7896297","label":"AWS"},{"number":"7923442","label":"SPTs"}],"section":"Central"},"geometry":{"type":"Point","coordinates":[-4.1993826,55.8167578]}},{"type":"Feature","properties":{"name":"GC5023","type":"Signals","notes":"","equipment_number":[{"number":"7896294","label":"Signal"},{"number":"7896295","label":"TPWS"},{"number":"7923441","label":"SPTs"}],"section":"Central"},"geometry":{"type":"Point","coordinates":[-4.2044894,55.8169074]}},{"type":"Feature","properties":{"name":"GC5025","type":"Signals","notes":"","equipment_number":[{"number":"7896037","label":"Signal"},{"number":"7896018","label":"AWS"},{"number":"7896013","label":"TPWS"},{"number":"7923443","label":"SPTs"}],"section":"Central"},"geometry":{"type":"Point","coordinates":[-4.2208424,55.8176774]}},{"type":"Feature","properties":{"name":"GC5028","type":"Signals","notes":"","equipment_number":[{"number":"7896298","label":"Signal"},{"number":"7896299","label":"AWS SY"},{"number":"7896329","label":"AWS YS"},{"number":"7923444","label":"SPTs"}],"section":"Central"},"geometry":{"type":"Point","coordinates":[-4.2212246,55.8178244]}},{"type":"Feature","properties":{"name":"GC5036","type":"Signals","notes":"","equipment_number":[{"number":"7896342","label":"Signal"},{"number":"7896343","label":"AWS SY"},{"number":"7896344","label":"AWS YE"},{"number":"7923445","label":"SPTs"}],"section":"Central"},"geometry":{"type":"Point","coordinates":[-4.2419041,55.8192261]}},{"type":"Feature","properties":{"name":"GC5037","type":"Signals","notes":"","equipment_number":[{"number":"7896038","label":"Signal"},{"number":"7896011","label":"AWS"},{"number":"7896023","label":"TPWS"},{"number":"7923446","label":"SPTs"},{"number":"7896039","label":"Banner"}],"section":"Central"},"geometry":{"type":"Point","coordinates":[-4.2479407,55.8195374]}},{"type":"Feature","properties":{"name":"GC5039","type":"Signals","notes":"","equipment_number":[{"number":"7896345","label":"Signal"},{"number":"7896343","label":"AWS SY"},{"number":"7896344","label":"AWS YE"},{"number":"7896301","label":"TPWS"},{"number":"7923449","label":"SPTs"},{"number":"7896300","label":"Banner"}],"section":"Central"},"geometry":{"type":"Point","coordinates":[-4.2482599,55.8196723]}},{"type":"Feature","properties":{"name":"GC5040","type":"Signals","notes":"","equipment_number":[{"number":"7896302","label":"Signal"},{"number":"7896304","label":"AWS"},{"number":"7896303","label":"TPWS"},{"number":"7923450","label":"SPTs"}],"section":"Central"},"geometry":{"type":"Point","coordinates":[-4.2531285,55.8197473]}},{"type":"Feature","properties":{"name":"GC5041","type":"Signals","notes":"","equipment_number":[{"number":"7896040","label":"Signal"},{"number":"7896012","label":"AWS"},{"number":"7896024","label":"TPWS"},{"number":"7923451","label":"SPTs"},{"number":"7896041","label":"Banner"}],"section":"Central"},"geometry":{"type":"Point","coordinates":[-4.2580978,55.8183534]}},{"type":"Feature","properties":{"name":"GC5086","type":"Signals","notes":"","equipment_number":[{"number":"7889988","label":"Signal"},{"number":"7889994","label":"AWS"},{"number":"7889991","label":"TPWS"},{"number":"7923482","label":"SPTs"}],"section":"Central"},"geometry":{"type":"Point","coordinates":[-4.2531822,55.8199031]}},{"type":"Feature","properties":{"name":"GC5089","type":"Signals","notes":"","equipment_number":[{"number":"7889989","label":"Signal"},{"number":"7889995","label":"AWS"},{"number":"7889992","label":"TPWS"},{"number":"7923485","label":"SPTs"}],"section":"Central"},"geometry":{"type":"Point","coordinates":[-4.2546199,55.8197841]}},{"type":"Feature","properties":{"name":"GC5091","type":"Signals","notes":"","equipment_number":[{"number":"7889990","label":"Signal"},{"number":"7889996","label":"AWS"},{"number":"7889993","label":"TPWS"},{"number":"7923487","label":"SPTs"}],"section":"Central"},"geometry":{"type":"Point","coordinates":[-4.259274,55.8225478]}},{"type":"Feature","properties":{"name":"GC5092","type":"Signals","notes":"","equipment_number":[{"number":"15706365","label":"Signal"},{"number":"7895293","label":"AWS"},{"number":"7895360","label":"TPWS"},{"number":"7923488","label":"SPTs"},{"number":"7895280","label":"Banner"}],"section":"Central"},"geometry":{"type":"Point","coordinates":[-4.2611681,55.8259641]}},{"type":"Feature","properties":{"name":"GC5094","type":"Signals","notes":"","equipment_number":[{"number":"7890039","label":"Signal"},{"number":"7890045","label":"TPWS"},{"number":"7923490","label":"SPTs"}],"section":"Central"},"geometry":{"type":"Point","coordinates":[-4.2612687,55.825958]}},{"type":"Feature","properties":{"name":"GC5095","type":"Signals","notes":"","equipment_number":[{"number":"7890036","label":"Signal"},{"number":"7890057","label":"AWS"},{"number":"7923493","label":"SPTs"}],"section":"Central"},"geometry":{"type":"Point","coordinates":[-4.2590263,55.829073]}},{"type":"Feature","properties":{"name":"GC5096","type":"Signals","notes":"","equipment_number":[{"number":"15706366","label":"Signal"},{"number":"7895296","label":"AWS"},{"number":"7923492","label":"SPTs"}],"section":"Central"},"geometry":{"type":"Point","coordinates":[-4.2558009,55.8307178]}},{"type":"Feature","properties":{"name":"GC5098","type":"Signals","notes":"","equipment_number":[{"number":"7895282","label":"Signal"},{"number":"7895298","label":"AWS"},{"number":"7923494","label":"SPTs"}],"section":"Central"},"geometry":{"type":"Point","coordinates":[-4.2610286,55.8343524]}},{"type":"Feature","properties":{"name":"GC5097","type":"Signals","notes":"","section":"Central"},"geometry":{"type":"Point","coordinates":[-4.261097,55.834285]}},{"type":"Feature","properties":{"name":"GC5099BR","type":"Signals","notes":"","equipment_number":"7890037","section":"Central"},"geometry":{"type":"Point","coordinates":[-4.2685795,55.8360327]}},{"type":"Feature","properties":{"name":"GC5093","type":"Signals","notes":"","equipment_number":[{"number":"7890034","label":"Signal"},{"number":"7890055","label":"AWS 1"},{"number":"7895294","label":"AWS 2"},{"number":"7895295","label":"AWS 2"},{"number":"7890044","label":"TPWS"},{"number":"7923489","label":"SPTs"}],"section":"Central"},"geometry":{"type":"Point","coordinates":[-4.2589232,55.8221607]}},{"type":"Feature","properties":{"name":"GC5090","type":"Signals","notes":"","equipment_number":[{"number":"7890031","label":"Signal"},{"number":"7890053","label":"AWS SY"},{"number":"7890054","label":"AWS YS"},{"number":"7890043","label":"TPWS"},{"number":"7923486","label":"SPTs"},{"number":"7890033","label":"Banner"}],"section":"Central"},"geometry":{"type":"Point","coordinates":[-4.2586792,55.8211495]}},{"type":"Feature","properties":{"name":"GC5088","type":"Signals","notes":"","equipment_number":[{"number":"7895278","label":"Signal"},{"number":"7895292","label":"AWS"},{"number":"7923484","label":"SPTs"}],"section":"Central"},"geometry":{"type":"Point","coordinates":[-4.2585572,55.821206]}},{"type":"Feature","properties":{"name":"GC5085","type":"Signals","notes":"","equipment_number":[{"number":"7890040","label":"Signal"},{"number":"7890052","label":"AWS"},{"number":"7890042","label":"TPWS"},{"number":"7923481","label":"SPTs"}],"section":"Central"},"geometry":{"type":"Point","coordinates":[-4.2593477,55.8184911]}},{"type":"Feature","properties":{"name":"GC5087","type":"Signals","notes":"","equipment_number":[{"number":"7895284","label":"Signal"},{"number":"7895285","label":"AWS"},{"number":"7895343","label":"TPWS"},{"number":"7923483","label":"SPTs"}],"section":"Central"},"geometry":{"type":"Point","coordinates":[-4.2593195,55.8184813]}},{"type":"Feature","properties":{"name":"GC5084","type":"Signals","notes":"","equipment_number":[{"number":"7895276","label":"Signal"},{"number":"7895290","label":"AWS SY"},{"number":"7895291","label":"AWS YS"},{"number":"7895318","label":"TPWS"},{"number":"7923480","label":"SPTs"},{"number":"7895277","label":"Banner"}],"section":"Central"},"geometry":{"type":"Point","coordinates":[-4.2607196,55.8175116]}},{"type":"Feature","properties":{"name":"GC5069","type":"Signals","notes":"","equipment_number":[{"number":"7895409","label":"Signal"},{"number":"7895420","label":"AWS"},{"number":"7895506","label":"TPWS"},{"number":"7923466","label":"SPTs"},{"number":"7895410","label":"Banner"}],"section":"Central"},"geometry":{"type":"Point","coordinates":[-4.2662272,55.8157702]}},{"type":"Feature","properties":{"name":"GC5068","type":"Signals","notes":"","equipment_number":[{"number":"7895408","label":"Signal"},{"number":"7895419","label":"AWS"},{"number":"7895502","label":"TPWS"},{"number":"7923465","label":"SPTs"}],"section":"Central"},"geometry":{"type":"Point","coordinates":[-4.268198,55.8145053]}},{"type":"Feature","properties":{"name":"GC5067","type":"Signals","notes":"","equipment_number":[{"number":"7895407","label":"Signal"},{"number":"7895418","label":"AWS"},{"number":"7923464","label":"SPTs"}],"section":"Central"},"geometry":{"type":"Point","coordinates":[-4.2715815,55.8124699]}},{"type":"Feature","properties":{"name":"GC5063","type":"Signals","notes":"","equipment_number":[{"number":"7895403","label":"Signal"},{"number":"7895414","label":"AWS"},{"number":"7895499","label":"TPWS"},{"number":"7923461","label":"SPTs"}],"section":"Central"},"geometry":{"type":"Point","coordinates":[-4.2762453,55.8066118]}},{"type":"Feature","properties":{"name":"GC5065","type":"Signals","notes":"","equipment_number":[{"number":"7895404","label":"Signal"},{"number":"7895415","label":"AWS SY"},{"number":"7895416","label":"AWS YS"},{"number":"7895500","label":"TPWS"},{"number":"7923462","label":"SPTs"},{"number":"7895405","label":"Banner"}],"section":"Central"},"geometry":{"type":"Point","coordinates":[-4.2761031,55.8065839]}},{"type":"Feature","properties":{"name":"GC5059","type":"Signals","notes":"","equipment_number":[{"number":"7895400","label":"Signal"},{"number":"7895412","label":"AWS"}],"section":"Central"},"geometry":{"type":"Point","coordinates":[-4.2818935,55.799006]}},{"type":"Feature","properties":{"name":"GC5061","type":"Signals","notes":"","equipment_number":[{"number":"7895402","label":"Signal"},{"number":"7895413","label":"AWS"}],"section":"Central"},"geometry":{"type":"Point","coordinates":[-4.2817701,55.7989577]}},{"type":"Feature","properties":{"name":"GC5058","type":"Signals","notes":"","equipment_number":[{"number":"7895399","label":"Signal"},{"number":"7895517","label":"AWS SY"},{"number":"7895518","label":"AWS YS"}],"section":"Central"},"geometry":{"type":"Point","coordinates":[-4.3033952,55.7913233]}},{"type":"Feature","properties":{"name":"GC5055","type":"Signals","notes":"","equipment_number":[{"number":"7895398","label":"Signal"},{"number":"7895516","label":"AWS"},{"number":"7923459","label":"SPTs"}],"section":"Central"},"geometry":{"type":"Point","coordinates":[-4.3051977,55.7912796]}},{"type":"Feature","properties":{"name":"GC5054","type":"Signals","notes":"","equipment_number":[{"number":"7895397","label":"Signal"},{"number":"7895515","label":"AWS"},{"number":"7923458","label":"SPTs"}],"section":"Central"},"geometry":{"type":"Point","coordinates":[-4.3147661,55.7903573]}},{"type":"Feature","properties":{"name":"GC5053","type":"Signals","notes":"","equipment_number":[{"number":"7895396","label":"Signal"},{"number":"7895514","label":"AWS"}],"section":"Central"},"geometry":{"type":"Point","coordinates":[-4.3212503,55.7911012]}},{"type":"Feature","properties":{"name":"GC5052","type":"Signals","notes":"","equipment_number":[{"number":"7895394","label":"Signal"},{"number":"7895513","label":"AWS"}],"section":"Central"},"geometry":{"type":"Point","coordinates":[-4.3709057,55.7894579]}},{"type":"Feature","properties":{"name":"GC5051","type":"Signals","notes":"","equipment_number":[{"number":"7895395","label":"Signal"},{"number":"7895512","label":"AWS"},{"number":"7923457","label":"SPTs"}],"section":"Central"},"geometry":{"type":"Point","coordinates":[-4.3701532,55.7896268]}},{"type":"Feature","properties":{"name":"GC5050","type":"Signals","notes":"","equipment_number":[{"number":"7895391","label":"Signal"},{"number":"7895511","label":"AWS"},{"number":"7923456","label":"SPTs"}],"section":"Central"},"geometry":{"type":"Point","coordinates":[-4.3824179,55.7866197]}},{"type":"Feature","properties":{"name":"GC5049","type":"Signals","notes":"","equipment_number":[{"number":"7895392","label":"Signal"},{"number":"7895510","label":"AWS"}],"section":"Central"},"geometry":{"type":"Point","coordinates":[-4.3810973,55.7873103]}},{"type":"Feature","properties":{"name":"GC5048","type":"Signals","notes":"","equipment_number":[{"number":"7895390","label":"Signal"},{"number":"7895509","label":"AWS"},{"number":"7923455","label":"SPTs"}],"section":"Central"},"geometry":{"type":"Point","coordinates":[-4.3969445,55.7858319]}},{"type":"Feature","properties":{"name":"GC5046","type":"Signals","notes":"","equipment_number":[{"number":"7895389","label":"Signal"},{"number":"7895508","label":"AWS"},{"number":"7895411","label":"TPWS"},{"number":"7923454","label":"SPTs"}],"section":"Central"},"geometry":{"type":"Point","coordinates":[-4.4129451,55.7839937]}},{"type":"Feature","properties":{"name":"GC5045","type":"Signals","notes":"","equipment_number":[{"number":"7895388","label":"Signal"},{"number":"7923453","label":"SPTs"}],"section":"Central"},"geometry":{"type":"Point","coordinates":[-4.4259969,55.7830381]}},{"type":"Feature","properties":{"name":"GC5043","type":"Signals","notes":"","equipment_number":"7895393","section":"Central"},"geometry":{"type":"Point","coordinates":[-4.4291968,55.7822869]}},{"type":"Feature","properties":{"name":"GC5083","type":"Signals","notes":"","equipment_number":[{"number":"7890029","label":"Signal"},{"number":"7890051","label":"AWS"},{"number":"7890041","label":"TPWS"},{"number":"7923479","label":"SPTs"},{"number":"7890030","label":"Banner"}],"section":"Central"},"geometry":{"type":"Point","coordinates":[-4.2665702,55.8174787]}},{"type":"Feature","properties":{"name":"GC5082","type":"Signals","notes":"","equipment_number":[{"number":"7895342","label":"Signal"},{"number":"7923478","label":"SPTs"}],"section":"Central"},"geometry":{"type":"Point","coordinates":[-4.2696076,55.8185337]}},{"type":"Feature","properties":{"name":"GC5081","type":"Signals","notes":"","equipment_number":[{"number":"7890028","label":"Signal"},{"number":"7890049","label":"AWS"},{"number":"7923477","label":"SPTs"}],"section":"Central"},"geometry":{"type":"Point","coordinates":[-4.2722802,55.8196555]}},{"type":"Feature","properties":{"name":"GC5080","type":"Signals","notes":"","equipment_number":[{"number":"7895341","label":"Signal"},{"number":"7895288","label":"AWS SY"},{"number":"7895289","label":"AWS SY"},{"number":"7923476","label":"SPTs"}],"section":"Central"},"geometry":{"type":"Point","coordinates":[-4.2774697,55.8211369]}},{"type":"Feature","properties":{"name":"GC5079","type":"Signals","notes":"","equipment_number":[{"number":"7890027","label":"Signal"},{"number":"7890048","label":"AWS"},{"number":"7923475","label":"SPTs"}],"section":"Central"},"geometry":{"type":"Point","coordinates":[-4.2837409,55.8231905]}},{"type":"Feature","properties":{"name":"GC5078","type":"Signals","notes":"","equipment_number":[{"number":"7895340","label":"Signal"},{"number":"7895287","label":"AWS"},{"number":"7923474","label":"SPTs"}],"section":"Central"},"geometry":{"type":"Point","coordinates":[-4.2902013,55.8266423]}},{"type":"Feature","properties":{"name":"GC5077","type":"Signals","notes":"","equipment_number":[{"number":"7890026","label":"Signal"},{"number":"7890047","label":"AWS"},{"number":"7923473","label":"SPTs"}],"section":"Central"},"geometry":{"type":"Point","coordinates":[-4.2918292,55.8285828]}},{"type":"Feature","properties":{"name":"GC5076","type":"Signals","notes":"","equipment_number":[{"number":"7895339","label":"Signal"},{"number":"7895286","label":"AWS"},{"number":"7923472","label":"SPTs"}],"section":"Central"},"geometry":{"type":"Point","coordinates":[-4.2940096,55.8335444]}},{"type":"Feature","properties":{"name":"GC5075","type":"Signals","notes":"","equipment_number":[{"number":"7890025","label":"Signal"},{"number":"7890046","label":"AWS"},{"number":"7923471","label":"SPTs"}],"section":"Central"},"geometry":{"type":"Point","coordinates":[-4.2924717,55.8361953]}},{"type":"Feature","properties":{"name":"GC5074","type":"Signals","notes":"","equipment_number":[{"number":"7895338","label":"Signal"},{"number":"7923470","label":"SPTs"}],"section":"Central"},"geometry":{"type":"Point","coordinates":[-4.2848703,55.8376918]}},{"type":"Feature","properties":{"name":"GC5072","type":"Signals","notes":"","equipment_number":[{"number":"7895337","label":"Signal"},{"number":"7895297","label":"AWS"}],"section":"Central"},"geometry":{"type":"Point","coordinates":[-4.2796587,55.8375359]}},{"type":"Feature","properties":{"name":"GC5071","type":"Signals","notes":"","equipment_number":[{"number":"7890023","label":"Signal"},{"number":"7890058","label":"AWS"},{"number":"7923468","label":"SPTs"}],"section":"Central"},"geometry":{"type":"Point","coordinates":[-4.2776497,55.8374169]}},{"type":"Feature","properties":{"name":"GB5070","type":"Signals","notes":"","equipment_number":[{"number":"15706359","label":"Signal"},{"number":"7923467","label":"SPTs"}],"section":"Central"},"geometry":{"type":"Point","coordinates":[-4.2745011,55.8378763]}},{"type":"Feature","properties":{"name":"GS5930","type":"Signals","notes":"","equipment_number":[{"number":"3162306","label":"Signal"},{"number":"1696520","label":"AWS"},{"number":"3303615","label":"SPTs"}],"section":"Central"},"geometry":{"type":"Point","coordinates":[-4.2649821,55.8454243]}},{"type":"Feature","properties":{"name":"GR750","type":"Signals","notes":"","equipment_number":[{"number":"18778501","label":"Signal"},{"number":"18992402","label":"SPTs"},{"number":"1351105","label":"SPTs"},{"number":"18886744","label":"Banner"}],"section":"Central"},"geometry":{"type":"Point","coordinates":[-4.2538703,55.8405075]}},{"type":"Feature","properties":{"name":"GB5188","type":"Signals","notes":"","equipment_number":[{"number":"7887631","label":"Main"},{"number":"7887632","label":"Main"},{"number":"7887657","label":"AWS"},{"number":"7887638","label":"TPWS"},{"number":"7923436","label":"SPTs"}],"section":"Central"},"geometry":{"type":"Point","coordinates":[-4.262843,55.8446897]}},{"type":"Feature","properties":{"name":"GG5189","type":"Signals","notes":"","equipment_number":[{"number":"2236664","label":"Signal"},{"number":"1696329","label":"AWS"},{"number":"2643016","label":"SPTs"}],"section":"Central"},"geometry":{"type":"Point","coordinates":[-4.2631224,55.8444718]}},{"type":"Feature","properties":{"name":"GR829","type":"Signals","notes":"","equipment_number":[{"number":"18886767","label":"Main"},{"number":"18886765","label":"Position Light"},{"number":"18886773","label":"AWS"},{"number":"18886775","label":"AWS"},{"number":"18992441","label":"SPTs"},{"number":"18886768","label":"Banner"},{"number":"18886769","label":"Banner"}],"section":"Central"},"geometry":{"type":"Point","coordinates":[-4.2160259,55.8305496]}},{"type":"Feature","properties":{"name":"GR888","type":"Signals","notes":"","equipment_number":[{"number":"18833630","label":"Signal"},{"number":"18992459","label":"SPTs"},{"number":"18833631","label":"Banner"}],"section":"Central"},"geometry":{"type":"Point","coordinates":[-4.2146905,55.8341932]}},{"type":"Feature","properties":{"name":"GB5103","type":"Signals","notes":"","equipment_number":[{"number":"15706362","label":"Signal"},{"number":"19002259","label":"TPWS"},{"number":"7923397","label":"SPTs"}],"section":"Central"},"geometry":{"type":"Point","coordinates":[-4.2686484,55.8412112]}},{"type":"Feature","properties":{"name":"GB5105","type":"Signals","notes":"","equipment_number":[{"number":"7900376","label":"Signal"},{"number":"19002255","label":"TPWS"},{"number":"7923398","label":"SPTs"}],"section":"Central"},"geometry":{"type":"Point","coordinates":[-4.2682614,55.8414341]}},{"type":"Feature","properties":{"name":"GB5100","type":"Signals","notes":"","equipment_number":[{"number":"15706360","label":"Signal"},{"number":"7923396","label":"SPTs"}],"section":"Central"},"geometry":{"type":"Point","coordinates":[-4.269404,55.8400105]}},{"type":"Feature","properties":{"name":"GB5101","type":"Signals","notes":"","equipment_number":[{"number":"15706361","label":"Signal"},{"number":"18839502","label":"AWS"}],"section":"Central"},"geometry":{"type":"Point","coordinates":[-4.2697808,55.8395262]}},{"type":"Feature","properties":{"name":"GB5187","type":"Signals","notes":"","equipment_number":[{"number":"7887630","label":"Signal"},{"number":"7887652","label":"AWS 1"},{"number":"7887653","label":"AWS 2"},{"number":"7895893","label":"AWS 2"},{"number":"7887654","label":"AWS 3"},{"number":"7887655","label":"AWS 3"}],"section":"Central"},"geometry":{"type":"Point","coordinates":[-4.2650714,55.8428107]}},{"type":"Feature","properties":{"name":"GB5111","type":"Signals","notes":"","equipment_number":[{"number":"19659340","label":"Signal"},{"number":"19659341","label":"TPWS"}],"section":"Central"},"geometry":{"type":"Point","coordinates":[-4.3138505,55.8176499]}},{"type":"Feature","properties":{"name":"GC5044","type":"Signals","notes":"","equipment_number":[{"number":"7895460","label":"Main"},{"number":"7895461","label":"Position Light"},{"number":"7895507","label":"AWS"},{"number":"7923452","label":"SPTs"}],"section":"Central"},"geometry":{"type":"Point","coordinates":[-4.4279821,55.7825981]}},{"type":"Feature","properties":{"name":"GC5099","type":"Signals","notes":"","equipment_number":[{"number":"7890038","label":"Signal"},{"number":"7890060","label":"AWS"},{"number":"7923495","label":"SPTs"}],"section":"Central"},"geometry":{"type":"Point","coordinates":[-4.269362,55.8367676]}},{"type":"Feature","properties":{"name":"GC5057","type":"Signals","notes":"","equipment_number":[{"number":"7895401","label":"Signal"},{"number":"7923460","label":"SPTs"}],"section":"Central"},"geometry":{"type":"Point","coordinates":[-4.3095022,55.7903261]}},{"type":"Feature","properties":{"name":"GR878","type":"Signals","notes":"","equipment_number":[{"number":"18886783","label":"Signal"},{"number":"18886784","label":"TPWS"},{"number":"18992451","label":"SPTs"}],"section":"Central"},"geometry":{"type":"Point","coordinates":[-4.191275,55.8277901]}},{"type":"Feature","properties":{"name":"GB5126","type":"Signals","notes":"","equipment_number":[{"number":"7896439","label":"Main"},{"number":"7896437","label":"Position Light"},{"number":"7896512","label":"AWS"},{"number":"7896519","label":"TPWS"},{"number":"7923400","label":"SPTs"}],"section":"Central"},"geometry":{"type":"Point","coordinates":[-4.1849403,55.7656]}},{"type":"Feature","properties":{"name":"GB5120","type":"Signals","notes":"","section":"Central"},"geometry":{"type":"Point","coordinates":[-4.2114014,55.7639433]}},{"type":"Feature","properties":{"name":"GB5121","type":"Signals","notes":"","section":"Central"},"geometry":{"type":"Point","coordinates":[-4.2143583,55.7631935]}},{"type":"Feature","properties":{"name":"GB5122","type":"Signals","notes":"","section":"Central"},"geometry":{"type":"Point","coordinates":[-4.2279181,55.7618445]}},{"type":"Feature","properties":{"name":"GB5133","type":"Signals","notes":"","section":"Central"},"geometry":{"type":"Point","coordinates":[-4.2310966,55.7616001]}},{"type":"Feature","properties":{"name":"GB5123","type":"Signals","notes":"","section":"Central"},"geometry":{"type":"Point","coordinates":[-4.2311466,55.7617365]}},{"type":"Feature","properties":{"name":"GB5136","type":"Signals","notes":"","section":"Central"},"geometry":{"type":"Point","coordinates":[-4.2495093,55.767745]}},{"type":"Feature","properties":{"name":"GB5134","type":"Signals","notes":"","equipment_number":[{"number":"7896445","label":"Signal"},{"number":"7896498","label":"AWS SY"},{"number":"7896516","label":"AWS YS"}],"section":"Central"},"geometry":{"type":"Point","coordinates":[-4.2445,55.762681]}},{"type":"Feature","properties":{"name":"GB5132","type":"Signals","notes":"","equipment_number":[{"number":"7896444","label":"Signal"},{"number":"7896497","label":"AWS SY"},{"number":"7896515","label":"AWS YS"},{"number":"7896527","label":"TPWS"},{"number":"7923404","label":"SPTs"},{"number":"7896452","label":"Banner"}],"section":"Central"},"geometry":{"type":"Point","coordinates":[-4.2279374,55.7619438]}},{"type":"Feature","properties":{"name":"GB5150","type":"Signals","notes":"","section":"Central"},"geometry":{"type":"Point","coordinates":[-4.3128397,55.8132343]}},{"type":"Feature","properties":{"name":"GC5035","type":"Signals","notes":"","equipment_number":[{"number":"7896330","label":"Signal"},{"number":"7896331","label":"AWS SY"},{"number":"7896332","label":"AWS YS"}],"section":"Central"},"geometry":{"type":"Point","coordinates":[-4.2207891,55.8177611]}},{"type":"Feature","properties":{"name":"GG5460","type":"Signals","notes":"","equipment_number":[{"number":"2642445","label":"Signal"},{"number":"2643036","label":"SPTs"}],"section":"Central"},"geometry":{"type":"Point","coordinates":[-4.2599149,55.8525296]}},{"type":"Feature","properties":{"name":"GC5038","type":"Signals","notes":"","equipment_number":[{"number":"7896042","label":"Signal"},{"number":"7923447","label":"SPTs"}],"section":"Central"},"geometry":{"type":"Point","coordinates":[-4.250743,55.8197334]}},{"type":"Feature","properties":{"name":"GC5066","type":"Signals","notes":"","equipment_number":[{"number":"7895406","label":"Signal"},{"number":"7895417","label":"AWS"},{"number":"7895501","label":"TPWS"},{"number":"7923463","label":"SPTs"}],"section":"Central"},"geometry":{"type":"Point","coordinates":[-4.2743207,55.8093101]}},{"type":"Feature","properties":{"name":"Fixed Distant board","type":"Signals","notes":"","equipment_number":"1418230","section":"Central"},"geometry":{"type":"Point","coordinates":[-4.411837,55.8379776]}},{"type":"Feature","properties":{"name":"GG5521","type":"Signals","notes":"","equipment_number":[{"number":"2448143","label":"Signal"},{"number":"2452638","label":"Position Light"},{"number":"1387912","label":"TPWS"},{"number":"2643087","label":"SPTs"},{"number":"2452589","label":"Banner"},{"number":"2452664","label":"Banner"}],"section":"Central"},"geometry":{"type":"Point","coordinates":[-4.2593143,55.8554776]}},{"type":"Feature","properties":{"name":"GG5532","type":"Signals","notes":"","equipment_number":[{"number":"2448382","label":"Signal"},{"number":"1387918","label":"TPWS"},{"number":"2643044","label":"SPTs"},{"number":"2452666","label":"Banner"}],"section":"Central"},"geometry":{"type":"Point","coordinates":[-4.2593103,55.8554935]}},{"type":"Feature","properties":{"name":"GG5523","type":"Signals","notes":"","equipment_number":[{"number":"2448142","label":"Main"},{"number":"2452636","label":"Position Light"},{"number":"1387910","label":"TPWS"},{"number":"2452588","label":"Banner"},{"number":"2452663","label":"Banner"}],"section":"Central"},"geometry":{"type":"Point","coordinates":[-4.2592607,55.8554709]}},{"type":"Feature","properties":{"name":"GG5530","type":"Signals","notes":"","equipment_number":[{"number":"2448144","label":"Main"},{"number":"2452639","label":"Position Light"},{"number":"1387895","label":"TPWS"},{"number":"2452665","label":"Banner"}],"section":"Central"},"geometry":{"type":"Point","coordinates":[-4.2592566,55.8554859]}},{"type":"Feature","properties":{"name":"GG5525","type":"Signals","notes":"","equipment_number":[{"number":"2828994","label":"Main"},{"number":"2828975","label":"Position Light"},{"number":"2829029","label":"TPWS"},{"number":"2829002","label":"Banner"}],"section":"Central"},"geometry":{"type":"Point","coordinates":[-4.2592084,55.8554679]}},{"type":"Feature","properties":{"name":"GG5528","type":"Signals","notes":"","equipment_number":[{"number":"2448141","label":"Main"},{"number":"2452635","label":"Position Light"},{"number":"19169786","label":"TPWS"},{"number":"2643091","label":"SPTs"},{"number":"2452662","label":"Banner"}],"section":"Central"},"geometry":{"type":"Point","coordinates":[-4.2592057,55.8554806]}},{"type":"Feature","properties":{"name":"GG5527","type":"Signals","notes":"","equipment_number":[{"number":"2448140","label":"Main"},{"number":"2452634","label":"Position Light"},{"number":"1387887","label":"TPWS"},{"number":"2643043","label":"SPTs"},{"number":"2452587","label":"Banner"},{"number":"2452661","label":"Banner"}],"section":"Central"},"geometry":{"type":"Point","coordinates":[-4.2590608,55.8554513]}},{"type":"Feature","properties":{"name":"GG5526","type":"Signals","notes":"","equipment_number":[{"number":"2449789","label":"Main"},{"number":"2452646","label":"Position Light"},{"number":"1387914","label":"TPWS"},{"number":"2643042","label":"SPTs"},{"number":"2452593","label":"Banner"},{"number":"2452671","label":"Banner"}],"section":"Central"},"geometry":{"type":"Point","coordinates":[-4.2590568,55.8554648]}},{"type":"Feature","properties":{"name":"GG5529","type":"Signals","notes":"","equipment_number":[{"number":"2448139","label":"Main"},{"number":"2452633","label":"Position Light"},{"number":"1387888","label":"TPWS"},{"number":"2452586","label":"Banner"},{"number":"2452660","label":"Banner"}],"section":"Central"},"geometry":{"type":"Point","coordinates":[-4.2590085,55.8554437]}},{"type":"Feature","properties":{"name":"GG5524","type":"Signals","notes":"","equipment_number":[{"number":"2449522","label":"Main"},{"number":"2452644","label":"Position Light"},{"number":"1387915","label":"TPWS"},{"number":"2452592","label":"Banner"},{"number":"2452670","label":"Banner"}],"section":"Central"},"geometry":{"type":"Point","coordinates":[-4.2590072,55.855455]}},{"type":"Feature","properties":{"name":"GG5531","type":"Signals","notes":"","equipment_number":[{"number":"2448119","label":"Main"},{"number":"2452632","label":"Position Light"},{"number":"1387889","label":"TPWS"},{"number":"2452585","label":"Banner"},{"number":"2452658","label":"Banner"}],"section":"Central"},"geometry":{"type":"Point","coordinates":[-4.2589575,55.8554362]}},{"type":"Feature","properties":{"name":"GG5522","type":"Signals","notes":"","equipment_number":[{"number":"2449269","label":"Main"},{"number":"2452642","label":"Position Light"},{"number":"1387916","label":"TPWS"},{"number":"2452591","label":"Banner"},{"number":"2452669","label":"Banner"}],"section":"Central"},"geometry":{"type":"Point","coordinates":[-4.2589522,55.8554498]}},{"type":"Feature","properties":{"name":"GG5533","type":"Signals","notes":"","equipment_number":[{"number":"2448093","label":"Main"},{"number":"2452631","label":"Position Light"},{"number":"1387890","label":"TPWS"},{"number":"2452584","label":"Banner"},{"number":"2452655","label":"Banner"}],"section":"Central"},"geometry":{"type":"Point","coordinates":[-4.2589052,55.8554325]}},{"type":"Feature","properties":{"name":"GG5520","type":"Signals","notes":"","equipment_number":[{"number":"2448810","label":"Main"},{"number":"2452640","label":"Position Light"},{"number":"1387917","label":"TPWS"},{"number":"2643086","label":"SPTs"},{"number":"2452590","label":"Banner"},{"number":"2452668","label":"Banner"}],"section":"Central"},"geometry":{"type":"Point","coordinates":[-4.2588999,55.8554422]}},{"type":"Feature","properties":{"name":"GG5487","type":"Signals","notes":"","equipment_number":[{"number":"2237310","label":"Main"},{"number":"2237314","label":"Position Light"},{"number":"1387892","label":"TPWS"},{"number":"2643041","label":"SPTs"},{"number":"2642483","label":"Banner"},{"number":"2642484","label":"Banner"}],"section":"Central"},"geometry":{"type":"Point","coordinates":[-4.259553,55.854093]}},{"type":"Feature","properties":{"name":"GG5486","type":"Signals","notes":"","equipment_number":[{"number":"2459536","label":"Signal"},{"number":"1112832","label":"TPWS"},{"number":"2642482","label":"Banner"}],"section":"Central"},"geometry":{"type":"Point","coordinates":[-4.2595453,55.854115]}},{"type":"Feature","properties":{"name":"GG5489","type":"Signals","notes":"","equipment_number":[{"number":"2237309","label":"Signal"},{"number":"1387902","label":"TPWS"},{"number":"2239332","label":"Banner"}],"section":"Central"},"geometry":{"type":"Point","coordinates":[-4.259497,55.854087]}},{"type":"Feature","properties":{"name":"GG5484","type":"Signals","notes":"","equipment_number":[{"number":"2459534","label":"Signal"},{"number":"1387891","label":"TPWS"},{"number":"2642481","label":"Banner"}],"section":"Central"},"geometry":{"type":"Point","coordinates":[-4.2594903,55.8541068]}},{"type":"Feature","properties":{"name":"GG5281","type":"Signals","notes":"","equipment_number":[{"number":"2415207","label":"Signal"},{"number":"1387896","label":"TPWS"},{"number":"2415229","label":"Banner"}],"section":"Central"},"geometry":{"type":"Point","coordinates":[-4.259283,55.853941]}},{"type":"Feature","properties":{"name":"GG5283","type":"Signals","notes":"","equipment_number":[{"number":"2415205","label":"Signal"},{"number":"1387897","label":"TPWS"},{"number":"2415226","label":"Banner"}],"section":"Central"},"geometry":{"type":"Point","coordinates":[-4.259226,55.853935]}},{"type":"Feature","properties":{"name":"GG5285","type":"Signals","notes":"","equipment_number":[{"number":"2415202","label":"Signal"},{"number":"1387898","label":"TPWS"},{"number":"2415224","label":"Banner"}],"section":"Central"},"geometry":{"type":"Point","coordinates":[-4.259156,55.853924]}},{"type":"Feature","properties":{"name":"GG5267","type":"Signals","notes":"","equipment_number":[{"number":"2642443","label":"Signal"},{"number":"2643082","label":"SPTs"}],"section":"Central"},"geometry":{"type":"Point","coordinates":[-4.2591017,55.85392]}},{"type":"Feature","properties":{"name":"GG5290","type":"Signals","notes":"","equipment_number":[{"number":"2459539","label":"Signal"},{"number":"1387894","label":"TPWS"},{"number":"2643035","label":"SPTs"},{"number":"2642477","label":"Banner"}],"section":"Central"},"geometry":{"type":"Point","coordinates":[-4.259284,55.8539591]}},{"type":"Feature","properties":{"name":"GG5288","type":"Signals","notes":"","equipment_number":[{"number":"2459538","label":"Signal"},{"number":"1387886","label":"TPWS"},{"number":"2643034","label":"SPTs"},{"number":"2642476","label":"Banner"}],"section":"Central"},"geometry":{"type":"Point","coordinates":[-4.2592223,55.8539516]}},{"type":"Feature","properties":{"name":"GG5284","type":"Signals","notes":"","equipment_number":[{"number":"2459537","label":"Signal"},{"number":"2643033","label":"SPTs"},{"number":"2642475","label":"Banner"}],"section":"Central"},"geometry":{"type":"Point","coordinates":[-4.2591003,55.8539373]}},{"type":"Feature","properties":{"name":"GG5481","type":"Signals","notes":"","equipment_number":[{"number":"2237311","label":"Signal"},{"number":"1387900","label":"TPWS"},{"number":"2643040","label":"SPTs"},{"number":"2642449","label":"Banner"}],"section":"Central"},"geometry":{"type":"Point","coordinates":[-4.2599287,55.8535747]}},{"type":"Feature","properties":{"name":"GG5483","type":"Signals","notes":"","equipment_number":[{"number":"2642452","label":"Signal"},{"number":"2642453","label":"Banner"}],"section":"Central"},"geometry":{"type":"Point","coordinates":[-4.259881,55.853566]}},{"type":"Feature","properties":{"name":"GG5490","type":"Signals","notes":"","equipment_number":[{"number":"2459540","label":"Signal"},{"number":"1387899","label":"TPWS"},{"number":"2642485","label":"Banner"}],"section":"Central"},"geometry":{"type":"Point","coordinates":[-4.259875,55.8535837]}},{"type":"Feature","properties":{"name":"GG5470","type":"Signals","notes":"","equipment_number":[{"number":"2459543","label":"Signal"},{"number":"1112835","label":"TPWS"},{"number":"2459700","label":"Banner"}],"section":"Central"},"geometry":{"type":"Point","coordinates":[-4.2600427,55.853123]}},{"type":"Feature","properties":{"name":"GG5466","type":"Signals","notes":"","equipment_number":[{"number":"2459542","label":"Signal"},{"number":"1112847","label":"TPWS"},{"number":"2643037","label":"SPTs"},{"number":"2459699","label":"Banner"}],"section":"Central"},"geometry":{"type":"Point","coordinates":[-4.2599086,55.853108]}},{"type":"Feature","properties":{"name":"GG5464","type":"Signals","notes":"","equipment_number":[{"number":"2459541","label":"Signal"},{"number":"1112837","label":"TPWS"},{"number":"2459698","label":"Banner"}],"section":"Central"},"geometry":{"type":"Point","coordinates":[-4.2598536,55.8531027]}},{"type":"Feature","properties":{"name":"GG5469","type":"Signals","notes":"","equipment_number":[{"number":"2237312","label":"Signal"},{"number":"1112836","label":"TPWS"},{"number":"2642480","label":"Banner"}],"section":"Central"},"geometry":{"type":"Point","coordinates":[-4.2598603,55.8530869]}},{"type":"Feature","properties":{"name":"GG5467","type":"Signals","notes":"","equipment_number":[{"number":"2237313","label":"Signal"},{"number":"1112839","label":"TPWS"},{"number":"2643038","label":"SPTs"},{"number":"2642478","label":"Banner"}],"section":"Central"},"geometry":{"type":"Point","coordinates":[-4.259916,55.853089]}},{"type":"Feature","properties":{"name":"GG5261","type":"Signals","notes":"","section":"Central","equipment_number":[{"number":"2642472","label":"Banner"}]},"geometry":{"type":"Point","coordinates":[-4.2597302,55.8525935]}},{"type":"Feature","properties":{"name":"GG5281 BR","type":"Signals","notes":"","equipment_number":"2415212","section":"Central"},"geometry":{"type":"Point","coordinates":[-4.2594405,55.8535317]}},{"type":"Feature","properties":{"name":"GG5263","type":"Signals","notes":"","equipment_number":[{"number":"2415198","label":"Signal"},{"number":"1112857","label":"TPWS"},{"number":"2642473","label":"Banner"}],"section":"Central"},"geometry":{"type":"Point","coordinates":[-4.2596687,55.8525878]}},{"type":"Feature","properties":{"name":"GG5265","type":"Signals","notes":"","equipment_number":[{"number":"2415197","label":"Signal"},{"number":"2642474","label":"Banner"}],"section":"Central"},"geometry":{"type":"Point","coordinates":[-4.2596189,55.8525814]}},{"type":"Feature","properties":{"name":"GG5270","type":"Signals","notes":"","equipment_number":[{"number":"2459549","label":"Signal"},{"number":"1112855","label":"TPWS"},{"number":"2459703","label":"Banner"}],"section":"Central"},"geometry":{"type":"Point","coordinates":[-4.2597248,55.8526115]}},{"type":"Feature","properties":{"name":"GG5268","type":"Signals","notes":"","equipment_number":[{"number":"2459547","label":"Signal"},{"number":"1112840","label":"TPWS"},{"number":"2459702","label":"Banner"}],"section":"Central"},"geometry":{"type":"Point","coordinates":[-4.2596631,55.8526055]}},{"type":"Feature","properties":{"name":"GG5264","type":"Signals","notes":"","equipment_number":[{"number":"2459545","label":"Signal"},{"number":"1112834","label":"TPWS"},{"number":"2643032","label":"SPTs"},{"number":"2459701","label":"Banner"}],"section":"Central"},"geometry":{"type":"Point","coordinates":[-4.2595626,55.852595]}},{"type":"Feature","properties":{"name":"GG5244","type":"Signals","notes":"","equipment_number":[{"number":"2459553","label":"Signal"},{"number":"1112848","label":"TPWS"},{"number":"2643027","label":"SPTs"},{"number":"2642470","label":"Banner"}],"section":"Central"},"geometry":{"type":"Point","coordinates":[-4.2600998,55.8507497]}},{"type":"Feature","properties":{"name":"GG5249","type":"Signals","notes":"","equipment_number":[{"number":"2642439","label":"Signal"},{"number":"2643028","label":"SPTs"},{"number":"2642440","label":"Banner"}],"section":"Central"},"geometry":{"type":"Point","coordinates":[-4.2600891,55.8506699]}},{"type":"Feature","properties":{"name":"GG5248","type":"Signals","notes":"","equipment_number":[{"number":"2459555","label":"Signal"},{"number":"1112859","label":"TPWS"},{"number":"2459704","label":"Banner"}],"section":"Central"},"geometry":{"type":"Point","coordinates":[-4.260203,55.850766]}},{"type":"Feature","properties":{"name":"GG5250","type":"Signals","notes":"","equipment_number":[{"number":"2459558","label":"Signal"},{"number":"1112860","label":"TPWS"},{"number":"2643029","label":"SPTs"},{"number":"2459705","label":"Banner"}],"section":"Central"},"geometry":{"type":"Point","coordinates":[-4.260263,55.850774]}},{"type":"Feature","properties":{"name":"GG5241","type":"Signals","notes":"","equipment_number":[{"number":"2236438","label":"Main"},{"number":"2236480","label":"Position Light"},{"number":"2642518","label":"AWS"},{"number":"1112862","label":"TPWS"},{"number":"2643026","label":"SPTs"},{"number":"2239290","label":"Banner"}],"section":"Central"},"geometry":{"type":"Point","coordinates":[-4.2602715,55.8507527]}},{"type":"Feature","properties":{"name":"GG5243","type":"Signals","notes":"","equipment_number":[{"number":"2236435","label":"Main"},{"number":"2236479","label":"Position Light"},{"number":"2642511","label":"AWS"},{"number":"2239289","label":"Banner"}],"section":"Central"},"geometry":{"type":"Point","coordinates":[-4.2602111,55.8507466]}},{"type":"Feature","properties":{"name":"GG5245","type":"Signals","notes":"","equipment_number":[{"number":"2236434","label":"Main"},{"number":"2236478","label":"Position Light"},{"number":"2642514","label":"AWS"},{"number":"1112858","label":"TPWS"},{"number":"2421700","label":"Banner"},{"number":"2642471","label":"Banner"}],"section":"Central"},"geometry":{"type":"Point","coordinates":[-4.2601588,55.8507391]}},{"type":"Feature","properties":{"name":"GG5221","type":"Signals","notes":"","equipment_number":[{"number":"2236444","label":"Signal"},{"number":"2642526","label":"AWS"},{"number":"1109985","label":"TPWS"},{"number":"2643023","label":"SPTs"},{"number":"2642469","label":"Banner"}],"section":"Central"},"geometry":{"type":"Point","coordinates":[-4.2606197,55.849487]}},{"type":"Feature","properties":{"name":"GG5223","type":"Signals","notes":"","equipment_number":[{"number":"2236440","label":"Signal"},{"number":"2642529","label":"AWS"},{"number":"1109993","label":"TPWS"},{"number":"2239292","label":"Banner"}],"section":"Central"},"geometry":{"type":"Point","coordinates":[-4.2605566,55.849481]}},{"type":"Feature","properties":{"name":"GG5225","type":"Signals","notes":"","equipment_number":[{"number":"2236439","label":"Signal"},{"number":"2642533","label":"AWS"},{"number":"1109983","label":"TPWS"},{"number":"2239291","label":"Banner"}],"section":"Central"},"geometry":{"type":"Point","coordinates":[-4.260503,55.8494787]}},{"type":"Feature","properties":{"name":"GG5229","type":"Signals","notes":"","equipment_number":[{"number":"18833640","label":"Main"},{"number":"18833642","label":"Position Light"},{"number":"2642437","label":"Position Light"},{"number":"18833648","label":"AWS"},{"number":"18833646","label":"TPWS"},{"number":"18992387","label":"SPTs"},{"number":"2642438","label":"Banner"},{"number":"18833641","label":"Banner"},{"number":"18833643","label":"Banner"},{"number":"18833644","label":"Banner"}],"section":"Central"},"geometry":{"type":"Point","coordinates":[-4.260444,55.849478]}},{"type":"Feature","properties":{"name":"GG5224","type":"Signals","notes":"","equipment_number":[{"number":"2459696","label":"Signal"},{"number":"2642520","label":"AWS"},{"number":"18833647","label":"TPWS"},{"number":"2643024","label":"SPTs"},{"number":"2459706","label":"Banner"}],"section":"Central"},"geometry":{"type":"Point","coordinates":[-4.2606317,55.8486731]}},{"type":"Feature","properties":{"name":"GG5228","type":"Signals","notes":"","equipment_number":[{"number":"2459697","label":"Signal"},{"number":"2642523","label":"AWS"},{"number":"1112856","label":"TPWS"},{"number":"2459707","label":"Banner"}],"section":"Central"},"geometry":{"type":"Point","coordinates":[-4.260739,55.8486822]}},{"type":"Feature","properties":{"name":"GG5221 BR","type":"Signals","notes":"","equipment_number":"2642436","section":"Central"},"geometry":{"type":"Point","coordinates":[-4.2608747,55.8485427]}},{"type":"Feature","properties":{"name":"GG5214 BR","type":"Signals","notes":"","equipment_number":"18778493","section":"Central"},"geometry":{"type":"Point","coordinates":[-4.2613573,55.8468]}},{"type":"Feature","properties":{"name":"GG5215","type":"Signals","notes":"","equipment_number":[{"number":"18833658","label":"Signal"},{"number":"18833660","label":"AWS"},{"number":"18833659","label":"TPWS"},{"number":"18992389","label":"SPTs"},{"number":"18854059","label":"Banner"}],"section":"Central"},"geometry":{"type":"Point","coordinates":[-4.2616656,55.8462772]}},{"type":"Feature","properties":{"name":"GG5213","type":"Signals","notes":"","equipment_number":[{"number":"2236445","label":"Signal"},{"number":"762988","label":"AWS"},{"number":"1387869","label":"TPWS"},{"number":"18992388","label":"SPTs"},{"number":"18778698","label":"Banner"}],"section":"Central"},"geometry":{"type":"Point","coordinates":[-4.2617192,55.8462833]}},{"type":"Feature","properties":{"name":"GG5203","type":"Signals","notes":"","equipment_number":[{"number":"18778540","label":"Signal"},{"number":"779754","label":"AWS"},{"number":"18992396","label":"SPTs"}],"section":"Central"},"geometry":{"type":"Point","coordinates":[-4.2596211,55.8428671]}},{"type":"Feature","properties":{"name":"GG5205","type":"Signals","notes":"","equipment_number":[{"number":"18833654","label":"Signal"},{"number":"18833655","label":"AWS YE"},{"number":"18886964","label":"AWS YE"},{"number":"18887043","label":"AWS YE"},{"number":"18886803","label":"TPWS"},{"number":"18992397","label":"SPTs"}],"section":"Central"},"geometry":{"type":"Point","coordinates":[-4.2595769,55.8428905]}},{"type":"Feature","properties":{"name":"GG5831","type":"Signals","notes":"","equipment_number":[{"number":"2236659","label":"Signal"},{"number":"762657","label":"TPWS"},{"number":"2643060","label":"SPTs"},{"number":"2239326","label":"Banner"}],"section":"Central"},"geometry":{"type":"Point","coordinates":[-4.2612021,55.8507781]}},{"type":"Feature","properties":{"name":"GG5833","type":"Signals","notes":"","equipment_number":[{"number":"2236661","label":"Signal"},{"number":"762656","label":"TPWS"},{"number":"2643062","label":"SPTs"},{"number":"2642487","label":"Banner"}],"section":"Central"},"geometry":{"type":"Point","coordinates":[-4.2612517,55.8507977]}},{"type":"Feature","properties":{"name":"GG5832","type":"Signals","notes":"","equipment_number":[{"number":"2237198","label":"Main"},{"number":"2237203","label":"Position Light"},{"number":"2907783","label":"AWS"},{"number":"762654","label":"TPWS"},{"number":"2643061","label":"SPTs"},{"number":"2421699","label":"Banner"},{"number":"2239331","label":"Banner"}],"section":"Central"},"geometry":{"type":"Point","coordinates":[-4.2624834,55.8501759]}},{"type":"Feature","properties":{"name":"GG5830","type":"Signals","notes":"","equipment_number":[{"number":"2237196","label":"Main"},{"number":"2237202","label":"Position Light"},{"number":"2642498","label":"AWS"},{"number":"762655","label":"TPWS"},{"number":"2643059","label":"SPTs"},{"number":"2239330","label":"Banner"}],"section":"Central"},"geometry":{"type":"Point","coordinates":[-4.2624552,55.8501481]}},{"type":"Feature","properties":{"name":"GG5835","type":"Signals","notes":"","equipment_number":[{"number":"2236671","label":"Signal"},{"number":"1534679","label":"AWS"},{"number":"762653","label":"TPWS"},{"number":"2643064","label":"SPTs"}],"section":"Central"},"geometry":{"type":"Point","coordinates":[-4.2655823,55.8494529]}},{"type":"Feature","properties":{"name":"GG5837","type":"Signals","notes":"","equipment_number":[{"number":"2236672","label":"Signal"},{"number":"1388090","label":"TPWS"},{"number":"2643065","label":"SPTs"},{"number":"2239329","label":"Banner"}],"section":"Central"},"geometry":{"type":"Point","coordinates":[-4.2655608,55.8494183]}},{"type":"Feature","properties":{"name":"GS5857","type":"Signals","notes":"","equipment_number":[{"number":"3162244","label":"Signal"},{"number":"3178065","label":"AWS"},{"number":"3178274","label":"TPWS"},{"number":"3303466","label":"SPTs"},{"number":"3162245","label":"Banner"}],"section":"Central"},"geometry":{"type":"Point","coordinates":[-4.283054,55.847473]}},{"type":"Feature","properties":{"name":"GS5855","type":"Signals","notes":"","equipment_number":[{"number":"3162241","label":"Signal"},{"number":"1721635","label":"AWS SY"},{"number":"3178064","label":"AWS SY"},{"number":"3178272","label":"TPWS"},{"number":"3303465","label":"SPTs"},{"number":"3162242","label":"Banner"},{"number":"3162243","label":"Banner"}],"section":"Central"},"geometry":{"type":"Point","coordinates":[-4.2830548,55.8474411]}},{"type":"Feature","properties":{"name":"GS5852","type":"Signals","notes":"","equipment_number":[{"number":"3162239","label":"Signal"},{"number":"3178067","label":"AWS"},{"number":"3178276","label":"TPWS 2"},{"number":"3178275","label":"TPWS OT"},{"number":"3303464","label":"SPTs"},{"number":"3162240","label":"Banner"}],"section":"Central"},"geometry":{"type":"Point","coordinates":[-4.2830762,55.8474426]}},{"type":"Feature","properties":{"name":"GS5850","type":"Signals","notes":"","equipment_number":[{"number":"2237201","label":"Signal"},{"number":"3178066","label":"AWS"},{"number":"3303462","label":"SPTs"}],"section":"Central"},"geometry":{"type":"Point","coordinates":[-4.2830776,55.8474742]}},{"type":"Feature","properties":{"name":"GS5861","type":"Signals","notes":"","equipment_number":[{"number":"3162247","label":"Signal"},{"number":"3178068","label":"AWS"},{"number":"3303491","label":"SPTs"},{"number":"3162248","label":"Banner"}],"section":"Central"},"geometry":{"type":"Point","coordinates":[-4.2917104,55.8478245]}},{"type":"Feature","properties":{"name":"GS5863","type":"Signals","notes":"","equipment_number":[{"number":"3162251","label":"Signal"},{"number":"3178069","label":"AWS"},{"number":"3162252","label":"RTI"},{"number":"3178278","label":"TPWS OS -"},{"number":"3178277","label":"TPWS OT"}],"section":"Central"},"geometry":{"type":"Point","coordinates":[-4.2916957,55.8478569]}},{"type":"Feature","properties":{"name":"GS5865","type":"Signals","notes":"","equipment_number":[{"number":"3162255","label":"Signal"},{"number":"3178070","label":"AWS"},{"number":"3178288","label":"TPWS"},{"number":"3303543","label":"SPTs"}],"section":"Central"},"geometry":{"type":"Point","coordinates":[-4.2916823,55.8478923]}},{"type":"Feature","properties":{"name":"GS5860","type":"Signals","notes":"","equipment_number":[{"number":"3162246","label":"Signal"},{"number":"3178073","label":"AWS"},{"number":"3303542","label":"SPTs"}],"section":"Central"},"geometry":{"type":"Point","coordinates":[-4.2917091,55.847893]}},{"type":"Feature","properties":{"name":"GS5862","type":"Signals","notes":"","equipment_number":[{"number":"3162249","label":"Signal"},{"number":"3178072","label":"AWS"},{"number":"3178291","label":"TPWS OS (2"},{"number":"3178290","label":"TPWS OS -"},{"number":"3178292","label":"TPWS OS(1)"},{"number":"3178293","label":"TPWS OS(2)"},{"number":"3178289","label":"TPWS OT"},{"number":"3162250","label":"Banner"}],"section":"Central"},"geometry":{"type":"Point","coordinates":[-4.2917171,55.8478599]}},{"type":"Feature","properties":{"name":"GS5864","type":"Signals","notes":"","equipment_number":[{"number":"3162253","label":"Signal"},{"number":"3178071","label":"AWS"},{"number":"3178287","label":"TPWS OS -"},{"number":"3178286","label":"TPWS OT"},{"number":"3303493","label":"SPTs"},{"number":"3162254","label":"Banner"}],"section":"Central"},"geometry":{"type":"Point","coordinates":[-4.2917292,55.847826]}},{"type":"Feature","properties":{"name":"GS5875","type":"Signals","notes":"","equipment_number":[{"number":"3162264","label":"Signal"},{"number":"3178076","label":"AWS 1"},{"number":"3178077","label":"AWS 2"},{"number":"3303495","label":"SPTs"},{"number":"3162265","label":"Banner"}],"section":"Central"},"geometry":{"type":"Point","coordinates":[-4.3021932,55.8489275]}},{"type":"Feature","properties":{"name":"GS5873","type":"Signals","notes":"","equipment_number":[{"number":"3162261","label":"Signal"},{"number":"3178075","label":"AWS"},{"number":"3178295","label":"TPWS OS -"},{"number":"3178294","label":"TPWS OT"},{"number":"3162262","label":"Banner"}],"section":"Central"},"geometry":{"type":"Point","coordinates":[-4.3022052,55.8488891]}},{"type":"Feature","properties":{"name":"GS5871","type":"Signals","notes":"","equipment_number":[{"number":"3162258","label":"Signal"},{"number":"3178074","label":"AWS"},{"number":"3178296","label":"TPWS"},{"number":"3303494","label":"SPTs"}],"section":"Central"},"geometry":{"type":"Point","coordinates":[-4.3022213,55.8488455]}},{"type":"Feature","properties":{"name":"GS5870","type":"Signals","notes":"","equipment_number":[{"number":"3162256","label":"Signal"},{"number":"3178080","label":"AWS 1"},{"number":"3178081","label":"AWS 2"},{"number":"3303498","label":"SPTs"},{"number":"3162257","label":"Banner"}],"section":"Central"},"geometry":{"type":"Point","coordinates":[-4.305925,55.8493148]}},{"type":"Feature","properties":{"name":"GS5872","type":"Signals","notes":"","equipment_number":[{"number":"3162259","label":"Signal"},{"number":"3178079","label":"AWS"},{"number":"3178300","label":"TPWS OS +"},{"number":"3178299","label":"TPWS OT"},{"number":"3162260","label":"Banner"}],"section":"Central"},"geometry":{"type":"Point","coordinates":[-4.3059384,55.8492711]}},{"type":"Feature","properties":{"name":"GS5874","type":"Signals","notes":"","equipment_number":[{"number":"3162263","label":"Signal"},{"number":"3178078","label":"AWS"},{"number":"3178298","label":"TPWS"},{"number":"3303496","label":"SPTs"}],"section":"Central"},"geometry":{"type":"Point","coordinates":[-4.3059532,55.8492282]}},{"type":"Feature","properties":{"name":"GS5885","type":"Signals","notes":"","equipment_number":[{"number":"3162281","label":"Signal"},{"number":"3178091","label":"AWS"},{"number":"3178301","label":"TPWS"},{"number":"3303516","label":"SPTs"}],"section":"Central"},"geometry":{"type":"Point","coordinates":[-4.3154214,55.8502799]}},{"type":"Feature","properties":{"name":"GS5883","type":"Signals","notes":"","equipment_number":[{"number":"3162279","label":"Signal"},{"number":"3178089","label":"AWS 1"},{"number":"3178090","label":"AWS 2"}],"section":"Central"},"geometry":{"type":"Point","coordinates":[-4.3154348,55.8502363]}},{"type":"Feature","properties":{"name":"GS5881","type":"Signals","notes":"","equipment_number":[{"number":"3162276","label":"Signal"},{"number":"3178088","label":"AWS"},{"number":"19613104","label":"TPWS"},{"number":"3303514","label":"SPTs"},{"number":"3162268","label":"Banner"}],"section":"Central"},"geometry":{"type":"Point","coordinates":[-4.3154455,55.8501956]}},{"type":"Feature","properties":{"name":"GS5880","type":"Signals","notes":"","equipment_number":[{"number":"3162266","label":"Signal"},{"number":"3178087","label":"AWS"},{"number":"3303499","label":"SPTs"},{"number":"3178302","label":"TPWS"},{"number":"3178303","label":"TPWS+"}],"section":"Central"},"geometry":{"type":"Point","coordinates":[-4.3164755,55.8503853]}},{"type":"Feature","properties":{"name":"GS5882","type":"Signals","notes":"","equipment_number":[{"number":"3162277","label":"Signal"},{"number":"3178093","label":"AWS"},{"number":"3178306","label":"TPWS"},{"number":"3162278","label":"Banner"},{"number":"3162270","label":"Banner"}],"section":"Central"},"geometry":{"type":"Point","coordinates":[-4.3164862,55.8503462]}},{"type":"Feature","properties":{"name":"GS5884","type":"Signals","notes":"","equipment_number":[{"number":"3162280","label":"Signal"},{"number":"3178092","label":"AWS"},{"number":"3178305","label":"TPWS"},{"number":"3303519","label":"SPTs"},{"number":"3162273","label":"Banner"}],"section":"Central"},"geometry":{"type":"Point","coordinates":[-4.3164969,55.8503025]}},{"type":"Feature","properties":{"name":"GS5891","type":"Signals","notes":"","equipment_number":[{"number":"3162276","label":"Signal"},{"number":"3178088","label":"AWS"},{"number":"19613104","label":"TPWS"},{"number":"3303514","label":"SPTs"},{"number":"3162268","label":"Banner"}],"section":"Central"},"geometry":{"type":"Point","coordinates":[-4.3244232,55.8510956]}},{"type":"Feature","properties":{"name":"GS5893","type":"Signals","notes":"","equipment_number":[{"number":"3162279","label":"Signal"},{"number":"3178089","label":"AWS 1"},{"number":"3178090","label":"AWS 2"}],"section":"Central"},"geometry":{"type":"Point","coordinates":[-4.3243991,55.8511408]}},{"type":"Feature","properties":{"name":"GS5895","type":"Signals","notes":"","equipment_number":[{"number":"3162281","label":"Signal"},{"number":"3178091","label":"AWS"},{"number":"3178301","label":"TPWS"},{"number":"3303516","label":"SPTs"}],"section":"Central"},"geometry":{"type":"Point","coordinates":[-4.324383,55.851183]}},{"type":"Feature","properties":{"name":"GS5894","type":"Signals","notes":"","equipment_number":[{"number":"3162280","label":"Signal"},{"number":"3178092","label":"AWS"},{"number":"3178305","label":"TPWS"},{"number":"3303519","label":"SPTs"}],"section":"Central"},"geometry":{"type":"Point","coordinates":[-4.3282658,55.8514825]}},{"type":"Feature","properties":{"name":"GS5892","type":"Signals","notes":"","equipment_number":[{"number":"3162277","label":"Signal"},{"number":"3178093","label":"AWS"},{"number":"3178306","label":"TPWS"},{"number":"3162278","label":"Banner"}],"section":"Central"},"geometry":{"type":"Point","coordinates":[-4.3282497,55.8515277]}},{"type":"Feature","properties":{"name":"GS5890","type":"Signals","notes":"","equipment_number":[{"number":"3162275","label":"Signal"},{"number":"3178094","label":"AWS"},{"number":"3303518","label":"SPTs"}],"section":"Central"},"geometry":{"type":"Point","coordinates":[-4.3282309,55.8515729]}},{"type":"Feature","properties":{"name":"GS5900","type":"Signals","notes":"","equipment_number":[{"number":"3162282","label":"Signal"},{"number":"3178100","label":"AWS"},{"number":"3303520","label":"SPTs"}],"section":"Central"},"geometry":{"type":"Point","coordinates":[-4.3376189,55.8525251]}},{"type":"Feature","properties":{"name":"GS5902","type":"Signals","notes":"","equipment_number":[{"number":"3162284","label":"Signal"},{"number":"3178099","label":"AWS"}],"section":"Central"},"geometry":{"type":"Point","coordinates":[-4.337631,55.852483]}},{"type":"Feature","properties":{"name":"GS5904","type":"Signals","notes":"","equipment_number":[{"number":"3162287","label":"Signal"},{"number":"3178098","label":"AWS"},{"number":"3303521","label":"SPTs"}],"section":"Central"},"geometry":{"type":"Point","coordinates":[-4.3376457,55.8524348]}},{"type":"Feature","properties":{"name":"GS5915","type":"Signals","notes":"","equipment_number":[{"number":"3162299","label":"Signal"},{"number":"3178103","label":"AWS"},{"number":"3303527","label":"SPTs"}],"section":"Central"},"geometry":{"type":"Point","coordinates":[-4.3532395,55.8541061]}},{"type":"Feature","properties":{"name":"GS5913","type":"Signals","notes":"","equipment_number":[{"number":"3162297","label":"Signal"},{"number":"3178102","label":"AWS"}],"section":"Central"},"geometry":{"type":"Point","coordinates":[-4.3532542,55.854061]}},{"type":"Feature","properties":{"name":"GS5911","type":"Signals","notes":"","equipment_number":[{"number":"3162295","label":"Signal"},{"number":"3178101","label":"AWS"},{"number":"3303525","label":"SPTs"}],"section":"Central"},"geometry":{"type":"Point","coordinates":[-4.3532703,55.854015]}},{"type":"Feature","properties":{"name":"GS5914","type":"Signals","notes":"","equipment_number":[{"number":"3162298","label":"Signal"},{"number":"3178104","label":"AWS"},{"number":"3303526","label":"SPTs"}],"section":"Central"},"geometry":{"type":"Point","coordinates":[-4.3532958,55.8540165]}},{"type":"Feature","properties":{"name":"GS5912","type":"Signals","notes":"","equipment_number":[{"number":"3162296","label":"Signal"},{"number":"3178105","label":"AWS"},{"number":"3178308","label":"TPWS"}],"section":"Central"},"geometry":{"type":"Point","coordinates":[-4.3532904,55.8540655]}},{"type":"Feature","properties":{"name":"GS5910","type":"Signals","notes":"","equipment_number":[{"number":"3162293","label":"Signal"},{"number":"3178106","label":"AWS"},{"number":"3178310","label":"TPWS OS -"},{"number":"3178309","label":"TPWS OT"},{"number":"3303524","label":"SPTs"},{"number":"3162294","label":"Banner"}],"section":"Central"},"geometry":{"type":"Point","coordinates":[-4.353274,55.85411]}},{"type":"Feature","properties":{"name":"GS5925","type":"Signals","notes":"","equipment_number":[{"number":"3162305","label":"Signal"},{"number":"3178109","label":"AWS"},{"number":"3303531","label":"SPTs"}],"section":"Central"},"geometry":{"type":"Point","coordinates":[-4.3619495,55.8549841]}},{"type":"Feature","properties":{"name":"GS5923","type":"Signals","notes":"","equipment_number":[{"number":"3162303","label":"Signal"},{"number":"3178108","label":"AWS"}],"section":"Central"},"geometry":{"type":"Point","coordinates":[-4.3619642,55.8549359]}},{"type":"Feature","properties":{"name":"GS5921","type":"Signals","notes":"","equipment_number":[{"number":"3162301","label":"Signal"},{"number":"3178107","label":"AWS"},{"number":"19613103","label":"TPWS"},{"number":"3303530","label":"SPTs"}],"section":"Central"},"geometry":{"type":"Point","coordinates":[-4.3619763,55.8548937]}},{"type":"Feature","properties":{"name":"GS5924","type":"Signals","notes":"","equipment_number":[{"number":"3162304","label":"Signal"},{"number":"3178110","label":"AWS"},{"number":"3303529","label":"SPTs"}],"section":"Central"},"geometry":{"type":"Point","coordinates":[-4.3620045,55.8548952]}},{"type":"Feature","properties":{"name":"GS5922","type":"Signals","notes":"","equipment_number":[{"number":"3162302","label":"Signal"},{"number":"3178111","label":"AWS"}],"section":"Central"},"geometry":{"type":"Point","coordinates":[-4.3619897,55.8549404]}},{"type":"Feature","properties":{"name":"GS5920","type":"Signals","notes":"","equipment_number":[{"number":"3162300","label":"Signal"},{"number":"3178112","label":"AWS"},{"number":"3303528","label":"SPTs"}],"section":"Central"},"geometry":{"type":"Point","coordinates":[-4.3619763,55.8549833]}},{"type":"Feature","properties":{"name":"GR755","type":"Signals","notes":"","equipment_number":[{"number":"18886867","label":"Main"},{"number":"19508657","label":"Main"},{"number":"18886862","label":"AWS SY"},{"number":"18886917","label":"AWS SY"},{"number":"19508658","label":"AWS SY"},{"number":"19508659","label":"TPWS"},{"number":"18992406","label":"SPTs"}],"section":"Central"},"geometry":{"type":"Point","coordinates":[-4.2486809,55.8389465]}},{"type":"Feature","properties":{"name":"GR757","type":"Signals","notes":"","equipment_number":[{"number":"759968","label":"Signal"},{"number":"762985","label":"AWS"},{"number":"1403699","label":"TPWS"},{"number":"18992407","label":"SPTs"},{"number":"18886959","label":"Banner"}],"section":"Central"},"geometry":{"type":"Point","coordinates":[-4.2487091,55.8389231]}},{"type":"Feature","properties":{"name":"GR781","type":"Signals","notes":"","equipment_number":[{"number":"18778553","label":"Signal"},{"number":"762955","label":"AWS"},{"number":"762867","label":"TPWS"},{"number":"18992420","label":"SPTs"},{"number":"18804392","label":"Banner"}],"section":"Central"},"geometry":{"type":"Point","coordinates":[-4.2396813,55.8358238]}},{"type":"Feature","properties":{"name":"GR783","type":"Signals","notes":"","equipment_number":[{"number":"18833653","label":"Signal"},{"number":"1721648","label":"AWS"},{"number":"762868","label":"TPWS"},{"number":"18992421","label":"SPTs"},{"number":"18804360","label":"Banner"}],"section":"Central"},"geometry":{"type":"Point","coordinates":[-4.2397095,55.8357989]}},{"type":"Feature","properties":{"name":"GR811","type":"Signals","notes":"","equipment_number":[{"number":"18778565","label":"Signal"},{"number":"762849","label":"TPWS"},{"number":"18992431","label":"SPTs"}],"section":"Central"},"geometry":{"type":"Point","coordinates":[-4.231269,55.8328926]}},{"type":"Feature","properties":{"name":"GR813","type":"Signals","notes":"","equipment_number":[{"number":"18833652","label":"Signal"},{"number":"1696564","label":"AWS"},{"number":"762850","label":"TPWS"},{"number":"1350989","label":"SPTs"},{"number":"18992432","label":"SPTs"}],"section":"Central"},"geometry":{"type":"Point","coordinates":[-4.2312985,55.8328692]}},{"type":"Feature","properties":{"name":"GR828","type":"Signals","notes":"","equipment_number":[{"number":"18804383","label":"Signal"},{"number":"2907788","label":"AWS"},{"number":"1443883","label":"TPWS 1"},{"number":"1443880","label":"TPWS 2"},{"number":"762898","label":"TPWS OT"},{"number":"18992436","label":"SPTs"},{"number":"18804386","label":"Banner"}],"section":"Central"},"geometry":{"type":"Point","coordinates":[-4.2216778,55.830665]}},{"type":"Feature","properties":{"name":"GR832","type":"Signals","notes":"","equipment_number":[{"number":"18804382","label":"Signal"},{"number":"1696570","label":"AWS"},{"number":"762907","label":"TPWS"},{"number":"2586502","label":"SPTs"},{"number":"18804385","label":"Banner"}],"section":"Central"},"geometry":{"type":"Point","coordinates":[-4.221693,55.830638]}},{"type":"Feature","properties":{"name":"GR844","type":"Signals","notes":"","equipment_number":[{"number":"18804335","label":"Signal"},{"number":"18886837","label":"AWS"},{"number":"1109979","label":"TPWS"},{"number":"1369579","label":"SPTs"},{"number":"18992442","label":"SPTs"},{"number":"18804337","label":"Banner"}],"section":"Central"},"geometry":{"type":"Point","coordinates":[-4.211903,55.8301]}},{"type":"Feature","properties":{"name":"GR846","type":"Signals","notes":"","equipment_number":[{"number":"18804396","label":"Signal"},{"number":"18886948","label":"AWS"},{"number":"1110007","label":"TPWS"}],"section":"Central"},"geometry":{"type":"Point","coordinates":[-4.211905,55.830063]}},{"type":"Feature","properties":{"name":"GR851","type":"Signals","notes":"","equipment_number":[{"number":"18886820","label":"Main"},{"number":"18886818","label":"Position Light"},{"number":"18886815","label":"AWS"},{"number":"18886822","label":"TPWS"},{"number":"18992445","label":"SPTs"},{"number":"18886821","label":"Banner"}],"section":"Central"},"geometry":{"type":"Point","coordinates":[-4.2083196,55.8298763]}},{"type":"Feature","properties":{"name":"GR853","type":"Signals","notes":"","equipment_number":[{"number":"18886943","label":"Signal"},{"number":"18886939","label":"AWS"},{"number":"18886927","label":"TPWS OT"},{"number":"18886945","label":"TPWS OT"},{"number":"18886944","label":"Banner"}],"section":"Central"},"geometry":{"type":"Point","coordinates":[-4.208325,55.8298431]}},{"type":"Feature","properties":{"name":"GR855","type":"Signals","notes":"","equipment_number":[{"number":"18886911","label":"Signal"},{"number":"18886910","label":"AWS"},{"number":"18992446","label":"SPTs"}],"section":"Central"},"geometry":{"type":"Point","coordinates":[-4.2083545,55.8297618]}},{"type":"Feature","properties":{"name":"GR858","type":"Signals","notes":"","equipment_number":[{"number":"18886811","label":"Main"},{"number":"18886809","label":"Position Light"},{"number":"18886817","label":"AWS"},{"number":"18886813","label":"TPWS"},{"number":"18992447","label":"SPTs"},{"number":"18886812","label":"Banner"}],"section":"Central"},"geometry":{"type":"Point","coordinates":[-4.2039484,55.8293967]}},{"type":"Feature","properties":{"name":"GR860","type":"Signals","notes":"","equipment_number":[{"number":"18886933","label":"Signal"},{"number":"18886941","label":"AWS"},{"number":"18886936","label":"TPWS"},{"number":"18886934","label":"Banner"}],"section":"Central"},"geometry":{"type":"Point","coordinates":[-4.2039591,55.8293665]}},{"type":"Feature","properties":{"name":"GR862","type":"Signals","notes":"","equipment_number":[{"number":"18886793","label":"Signal"},{"number":"18886797","label":"AWS"},{"number":"18886795","label":"TPWS 1"},{"number":"18886799","label":"TPWS 2"},{"number":"18886794","label":"TPWS OT"}],"section":"Central"},"geometry":{"type":"Point","coordinates":[-4.2039859,55.8293213]}},{"type":"Feature","properties":{"name":"Gantry A","type":"Signals","notes":"GG5520 GG5522 GG5524 GG5526 GG5528 GG5530 GG5532 GG5533 GG5531 GG5539 GG5527 GG5525 GG5523 GG5521","section":"Central"},"geometry":{"type":"LineString","coordinates":[[-4.2593795,55.8554945],[-4.2588538,55.8554313]]}},{"type":"Feature","properties":{"name":"Gantry B","type":"Signals","notes":"GG5484 GG5486 GG5489 GG5487","section":"Central"},"geometry":{"type":"LineString","coordinates":[[-4.2595779,55.8541087],[-4.2593284,55.8540756]]}},{"type":"Feature","properties":{"name":"Gantry C","type":"Signals","notes":"GG5284 GG5288 GG5290 GG5285 GG5283 GG5281","section":"Central"},"geometry":{"type":"LineString","coordinates":[[-4.2593244,55.8539552],[-4.2590669,55.8539243]]}},{"type":"Feature","properties":{"name":"Gantry D","type":"Signals","notes":"GG5490 GG5483 GG5481","section":"Central"},"geometry":{"type":"LineString","coordinates":[[-4.2600201,55.8535941],[-4.2597927,55.8535647]]}},{"type":"Feature","properties":{"name":"Gantry E","type":"Signals","notes":"GG5464 GG5466 GG5470 GG5469 GG5467","section":"Central"},"geometry":{"type":"LineString","coordinates":[[-4.2601853,55.8531298],[-4.2596073,55.853065]]}},{"type":"Feature","properties":{"name":"Gantry F","type":"Signals","notes":"GG5264 GG5268 GG5270 GG5265 GG5263 GG5261","section":"Central"},"geometry":{"type":"LineString","coordinates":[[-4.2597654,55.8526073],[-4.2595293,55.8525801]]}},{"type":"Feature","properties":{"name":"Gantry G","type":"Signals","notes":"GG5244 GG5248 GG5250 GG5249 GG5245 GG5243 GG5241","section":"Central"},"geometry":{"type":"LineString","coordinates":[[-4.260302,55.8507648],[-4.260066,55.8507362]]}},{"type":"Feature","properties":{"name":"Gantry H","type":"Signals","notes":"GG5229 GG5225 GG5223 GG5221","section":"Central"},"geometry":{"type":"LineString","coordinates":[[-4.2606512,55.849496],[-4.2604058,55.8494847]]}},{"type":"Feature","properties":{"name":"Gantry I","type":"Signals","notes":"GG5224 GG5228","section":"Central"},"geometry":{"type":"LineString","coordinates":[[-4.2608339,55.8486854],[-4.2605951,55.8486613]]}},{"type":"Feature","properties":{"name":"Gantry","type":"Signals","notes":"GR865 GR860 GR862","section":"Central"},"geometry":{"type":"LineString","coordinates":[[-4.2039229,55.8294306],[-4.2039927,55.8292483]]}},{"type":"Feature","properties":{"name":"Gantry","type":"Signals","notes":"GR851 GR853 GR855","section":"Central"},"geometry":{"type":"LineString","coordinates":[[-4.2083188,55.8299162],[-4.2083685,55.8297445]]}},{"type":"Feature","properties":{"name":"Cantilever","type":"Signals","notes":"GR828 GR832","section":"Central"},"geometry":{"type":"LineString","coordinates":[[-4.2216516,55.8306961],[-4.2216784,55.8306283]]}},{"type":"Feature","properties":{"name":"Cantilever","type":"Signals","notes":"GR844 GR846","section":"Central"},"geometry":{"type":"LineString","coordinates":[[-4.2118937,55.8301434],[-4.211895,55.8300809]]}},{"type":"Feature","properties":{"name":"Cantilever","type":"Signals","notes":"GR811 GR813","section":"Central"},"geometry":{"type":"LineString","coordinates":[[-4.2312662,55.8329054],[-4.2313198,55.8328602]]}},{"type":"Feature","properties":{"name":"Cantilever","type":"Signals","notes":"GR781 GR783","section":"Central"},"geometry":{"type":"LineString","coordinates":[[-4.2396761,55.8358386],[-4.2397311,55.8357874]]}},{"type":"Feature","properties":{"name":"Cantilever","type":"Signals","notes":"GR755 GR757","section":"Central"},"geometry":{"type":"LineString","coordinates":[[-4.2486452,55.8389903],[-4.2487284,55.8389143]]}},{"type":"Feature","properties":{"name":"Cantilever","type":"Signals","notes":"GG5205 GG5203","section":"Central"},"geometry":{"type":"LineString","coordinates":[[-4.2595364,55.8429195],[-4.259645,55.8428638]]}},{"type":"Feature","properties":{"name":"Gantry","type":"Signals","notes":"GG5215 GG5213","section":"Central"},"geometry":{"type":"LineString","coordinates":[[-4.26159,55.846272],[-4.2618501,55.8463082]]}},{"type":"Feature","properties":{"name":"Gantry M","type":"Signals","notes":"GS5855 GS5857 GS5852 GS5850","section":"Central"},"geometry":{"type":"LineString","coordinates":[[-4.2830709,55.8475605],[-4.2830636,55.8474204]]}},{"type":"Feature","properties":{"name":"Gantry J","type":"Signals","notes":"GG5831 GG5833","section":"Central"},"geometry":{"type":"LineString","coordinates":[[-4.2613246,55.850821],[-4.2611235,55.8507367]]}},{"type":"Feature","properties":{"name":"Gantry F","type":"Signals","notes":"GG5832 GG5830","section":"Central"},"geometry":{"type":"LineString","coordinates":[[-4.2625124,55.8502148],[-4.2624373,55.850144]]}},{"type":"Feature","properties":{"name":"Gantry L","type":"Signals","notes":"GG5835 GG5837","section":"Central"},"geometry":{"type":"LineString","coordinates":[[-4.2656524,55.849539],[-4.2655693,55.849411]]}},{"type":"Feature","properties":{"name":"Gantry 1","type":"Signals","notes":"GS5860 GS5862 GS5864 GS5861 GS5863 GS5865","section":"Central"},"geometry":{"type":"LineString","coordinates":[[-4.2917264,55.8478079],[-4.2916754,55.8479404]]}},{"type":"Feature","properties":{"name":"Gantry 2A","type":"Signals","notes":"GS5871 GS5873 GS5875","section":"Central"},"geometry":{"type":"LineString","coordinates":[[-4.3021809,55.8489886],[-4.3022333,55.8488328]]}},{"type":"Feature","properties":{"name":"Gantry 2B","type":"Signals","notes":"GS5870 GS5872 GS5874","section":"Central"},"geometry":{"type":"LineString","coordinates":[[-4.3058878,55.8493842],[-4.3059441,55.8492126]]}},{"type":"Feature","properties":{"name":"Gantry 3A","type":"Signals","notes":"GS5881 GS5883 GS5885","section":"Central"},"geometry":{"type":"LineString","coordinates":[[-4.315415,55.8503357],[-4.3154713,55.8501821]]}},{"type":"Feature","properties":{"name":"Gantry 3B","type":"Signals","notes":"GS5880 GS5882 GS5884","section":"Central"},"geometry":{"type":"LineString","coordinates":[[-4.3164364,55.8504355],[-4.3164874,55.8502751]]}},{"type":"Feature","properties":{"name":"Gantry 4A","type":"Signals","notes":"GS5891 GS5893 GS5895","section":"Central"},"geometry":{"type":"LineString","coordinates":[[-4.3243892,55.851233],[-4.3244442,55.8510795]]}},{"type":"Feature","properties":{"name":"Gantry 4B","type":"Signals","notes":"GS5890 GS5892 GS5894","section":"Central"},"geometry":{"type":"LineString","coordinates":[[-4.3281986,55.8516152],[-4.3282441,55.8514707]]}},{"type":"Feature","properties":{"name":"Gantry 5","type":"Signals","notes":"GS5900 GS5902 GS5904","section":"Central"},"geometry":{"type":"LineString","coordinates":[[-4.3375936,55.8525725],[-4.3376379,55.8524204]]}},{"type":"Feature","properties":{"name":"Gantry 7","type":"Signals","notes":"GS5910 GS5912 GS5914 GS5911 GS5913 GS5915","section":"Central"},"geometry":{"type":"LineString","coordinates":[[-4.3532401,55.8541504],[-4.3532844,55.8540104]]}},{"type":"Feature","properties":{"name":"Gantry 8","type":"Signals","notes":"GG5921 GG5923 GG5925 GG5920 GG5922 GG5924","section":"Central"},"geometry":{"type":"LineString","coordinates":[[-4.3619409,55.8550371],[-4.3619972,55.8548699]]}},{"type":"Feature","properties":{"name":"GG5491","type":"Signals","notes":"","equipment_number":[{"number":"2642457","label":"Banner"}],"section":"Central"},"geometry":{"type":"Point","coordinates":[-4.2593604,55.8543867]}},{"type":"Feature","properties":{"name":"GG5493","type":"Signals","notes":"","equipment_number":[{"number":"2642459","label":"Banner"}],"section":"Central"},"geometry":{"type":"Point","coordinates":[-4.2593604,55.8542354]}}]}