{
  "type": "FeatureCollection",
  "features": [
    {
      "type": "Feature",
      "properties": {
        "name": "114",
        "type": "Points",
        "notes": "RCPL",
        "equipment_number": "765200",
        "section": "Central"
      },
      "geometry": {
        "type": "Point",
        "coordinates": [
          -4.2508097,
          55.8197504
        ]
      }
    },
    {
      "type": "Feature",
      "properties": {
        "name": "115",
        "type": "Points",
        "notes": "RCPL",
        "equipment_number": "765199",
        "section": "Central"
      },
      "geometry": {
        "type": "Point",
        "coordinates": [
          -4.2508016,
          55.8197896
        ]
      }
    },
    {
      "type": "Feature",
      "properties": {
        "name": "118",
        "type": "Points",
        "notes": "RCPL",
        "equipment_number": "765031",
        "section": "Central"
      },
      "geometry": {
        "type": "Point",
        "coordinates": [
          -4.2594231,
          55.8233282
        ]
      }
    },
    {
      "type": "Feature",
      "properties": {
        "name": "119",
        "type": "Points",
        "notes": "RCPL",
        "equipment_number": "765003",
        "section": "Central"
      },
      "geometry": {
        "type": "Point",
        "coordinates": [
          -4.2592273,
          55.8231323
        ]
      }
    },
    {
      "type": "Feature",
      "properties": {
        "name": "125",
        "type": "Points",
        "notes": "RCPL",
        "equipment_number": "765017",
        "section": "Central"
      },
      "geometry": {
        "type": "Point",
        "coordinates": [
          -4.2619439,
          55.8171763
        ]
      }
    },
    {
      "type": "Feature",
      "properties": {
        "name": "126",
        "type": "Points",
        "notes": "RCPL",
        "equipment_number": "765020",
        "section": "Central"
      },
      "geometry": {
        "type": "Point",
        "coordinates": [
          -4.2622483,
          55.817177
        ]
      }
    },
    {
      "type": "Feature",
      "properties": {
        "name": "127",
        "type": "Points",
        "notes": "RCPL",
        "equipment_number": "765018",
        "section": "Central"
      },
      "geometry": {
        "type": "Point",
        "coordinates": [
          -4.2626691,
          55.8170415
        ]
      }
    },
    {
      "type": "Feature",
      "properties": {
        "name": "128",
        "type": "Points",
        "notes": "RCPL",
        "equipment_number": "765019",
        "section": "Central"
      },
      "geometry": {
        "type": "Point",
        "coordinates": [
          -4.2624076,
          55.8171485
        ]
      }
    },
    {
      "type": "Feature",
      "properties": {
        "name": "140",
        "type": "Points",
        "notes": "RCPL",
        "equipment_number": [
          {
            "number": "765203",
            "label": "Point"
          },
          {
            "number": "8429356",
            "label": "SO"
          }
        ],
        "section": "Central"
      },
      "geometry": {
        "type": "Point",
        "coordinates": [
          -4.4290694,
          55.7823123
        ]
      }
    },
    {
      "type": "Feature",
      "properties": {
        "name": "306",
        "type": "Points",
        "notes": "RCPL",
        "equipment_number": "765404",
        "section": "Central"
      },
      "geometry": {
        "type": "Point",
        "coordinates": [
          -4.2581043,
          55.8578188
        ]
      }
    },
    {
      "type": "Feature",
      "properties": {
        "name": "307",
        "type": "Points",
        "notes": "EP",
        "equipment_number": "1953588",
        "section": "Central"
      },
      "geometry": {
        "type": "Point",
        "coordinates": [
          -4.2580962,
          55.8574244
        ]
      }
    },
    {
      "type": "Feature",
      "properties": {
        "name": "308",
        "type": "Points",
        "notes": "EP",
        "equipment_number": "763291",
        "section": "Central"
      },
      "geometry": {
        "type": "Point",
        "coordinates": [
          -4.2580399,
          55.8575734
        ]
      }
    },
    {
      "type": "Feature",
      "properties": {
        "name": "312",
        "type": "Points",
        "notes": "RCPL",
        "equipment_number": "763716",
        "section": "Central"
      },
      "geometry": {
        "type": "Point",
        "coordinates": [
          -4.2583256,
          55.8565754
        ]
      }
    },
    {
      "type": "Feature",
      "properties": {
        "name": "317",
        "type": "Points",
        "notes": "EP",
        "equipment_number": "763714",
        "section": "Central"
      },
      "geometry": {
        "type": "Point",
        "coordinates": [
          -4.2584999,
          55.8562796
        ]
      }
    },
    {
      "type": "Feature",
      "properties": {
        "name": "318",
        "type": "Points",
        "notes": "EP",
        "equipment_number": "763715",
        "section": "Central"
      },
      "geometry": {
        "type": "Point",
        "coordinates": [
          -4.2586917,
          55.8559916
        ]
      }
    },
    {
      "type": "Feature",
      "properties": {
        "name": "321",
        "type": "Points",
        "notes": "RCPL",
        "equipment_number": "765415",
        "section": "Central"
      },
      "geometry": {
        "type": "Point",
        "coordinates": [
          -4.2587957,
          55.8560284
        ]
      }
    },
    {
      "type": "Feature",
      "properties": {
        "name": "328",
        "type": "Points",
        "notes": "RCPL",
        "equipment_number": "2828974",
        "section": "Central"
      },
      "geometry": {
        "type": "Point",
        "coordinates": [
          -4.2591248,
          55.8557293
        ]
      }
    },
    {
      "type": "Feature",
      "properties": {
        "name": "330",
        "type": "Points",
        "notes": "EP",
        "equipment_number": "763713",
        "section": "Central"
      },
      "geometry": {
        "type": "Point",
        "coordinates": [
          -4.2589201,
          55.8553902
        ]
      }
    },
    {
      "type": "Feature",
      "properties": {
        "name": "334",
        "type": "Points",
        "notes": "EP",
        "equipment_number": "763696",
        "section": "Central"
      },
      "geometry": {
        "type": "Point",
        "coordinates": [
          -4.2590916,
          55.8553534
        ]
      }
    },
    {
      "type": "Feature",
      "properties": {
        "name": "335",
        "type": "Points",
        "notes": "EP",
        "equipment_number": "763553",
        "section": "Central"
      },
      "geometry": {
        "type": "Point",
        "coordinates": [
          -4.2592694,
          55.8554266
        ]
      }
    },
    {
      "type": "Feature",
      "properties": {
        "name": "336",
        "type": "Points",
        "notes": "EP",
        "equipment_number": "763284",
        "section": "Central"
      },
      "geometry": {
        "type": "Point",
        "coordinates": [
          -4.2593297,
          55.8550058
        ]
      }
    },
    {
      "type": "Feature",
      "properties": {
        "name": "339",
        "type": "Points",
        "notes": "EP",
        "equipment_number": "763692",
        "section": "Central"
      },
      "geometry": {
        "type": "Point",
        "coordinates": [
          -4.2590086,
          55.8551429
        ]
      }
    },
    {
      "type": "Feature",
      "properties": {
        "name": "345",
        "type": "Points",
        "notes": "EP",
        "equipment_number": "763304",
        "section": "Central"
      },
      "geometry": {
        "type": "Point",
        "coordinates": [
          -4.2590079,
          55.8546889
        ]
      }
    },
    {
      "type": "Feature",
      "properties": {
        "name": "350",
        "type": "Points",
        "notes": "EP",
        "equipment_number": "763308",
        "section": "Central"
      },
      "geometry": {
        "type": "Point",
        "coordinates": [
          -4.259036,
          55.8538488
        ]
      }
    },
    {
      "type": "Feature",
      "properties": {
        "name": "352",
        "type": "Points",
        "notes": "EP",
        "equipment_number": "763305",
        "section": "Central"
      },
      "geometry": {
        "type": "Point",
        "coordinates": [
          -4.2594075,
          55.8546908
        ]
      }
    },
    {
      "type": "Feature",
      "properties": {
        "name": "356",
        "type": "Points",
        "notes": "EP",
        "equipment_number": "763310",
        "section": "Central"
      },
      "geometry": {
        "type": "Point",
        "coordinates": [
          -4.2596409,
          55.8540577
        ]
      }
    },
    {
      "type": "Feature",
      "properties": {
        "name": "357",
        "type": "Points",
        "notes": "EP",
        "equipment_number": "763718",
        "section": "Central"
      },
      "geometry": {
        "type": "Point",
        "coordinates": [
          -4.2599239,
          55.8528872
        ]
      }
    },
    {
      "type": "Feature",
      "properties": {
        "name": "358",
        "type": "Points",
        "notes": "EP",
        "equipment_number": "763674",
        "section": "Central"
      },
      "geometry": {
        "type": "Point",
        "coordinates": [
          -4.259987,
          55.8528725
        ]
      }
    },
    {
      "type": "Feature",
      "properties": {
        "name": "360",
        "type": "Points",
        "notes": "EP",
        "equipment_number": "763341",
        "section": "Central"
      },
      "geometry": {
        "type": "Point",
        "coordinates": [
          -4.2599038,
          55.8527746
        ]
      }
    },
    {
      "type": "Feature",
      "properties": {
        "name": "362",
        "type": "Points",
        "notes": "EP",
        "equipment_number": "763354",
        "section": "Central"
      },
      "geometry": {
        "type": "Point",
        "coordinates": [
          -4.2598063,
          55.8523647
        ]
      }
    },
    {
      "type": "Feature",
      "properties": {
        "name": "363",
        "type": "Points",
        "notes": "EP",
        "equipment_number": "763309",
        "section": "Central"
      },
      "geometry": {
        "type": "Point",
        "coordinates": [
          -4.2596655,
          55.8522936
        ]
      }
    },
    {
      "type": "Feature",
      "properties": {
        "name": "364",
        "type": "Points",
        "notes": "EP",
        "equipment_number": "763340",
        "section": "Central"
      },
      "geometry": {
        "type": "Point",
        "coordinates": [
          -4.260095,
          55.852187
        ]
      }
    },
    {
      "type": "Feature",
      "properties": {
        "name": "365",
        "type": "Points",
        "notes": "EP",
        "equipment_number": "763338",
        "section": "Central"
      },
      "geometry": {
        "type": "Point",
        "coordinates": [
          -4.2599467,
          55.8524938
        ]
      }
    },
    {
      "type": "Feature",
      "properties": {
        "name": "367",
        "type": "Points",
        "notes": "EP",
        "equipment_number": "763296",
        "section": "Central"
      },
      "geometry": {
        "type": "Point",
        "coordinates": [
          -4.2600266,
          55.8521644
        ]
      }
    },
    {
      "type": "Feature",
      "properties": {
        "name": "368",
        "type": "Points",
        "notes": "EP",
        "equipment_number": "763293",
        "section": "Central"
      },
      "geometry": {
        "type": "Point",
        "coordinates": [
          -4.2597361,
          55.8518125
        ]
      }
    },
    {
      "type": "Feature",
      "properties": {
        "name": "370",
        "type": "Points",
        "notes": "EP",
        "equipment_number": "763297",
        "section": "Central"
      },
      "geometry": {
        "type": "Point",
        "coordinates": [
          -4.2600856,
          55.8521366
        ]
      }
    },
    {
      "type": "Feature",
      "properties": {
        "name": "371",
        "type": "Points",
        "notes": "RCPL",
        "equipment_number": "765037",
        "section": "Central"
      },
      "geometry": {
        "type": "Point",
        "coordinates": [
          -4.2603028,
          55.8518479
        ]
      }
    },
    {
      "type": "Feature",
      "properties": {
        "name": "372",
        "type": "Points",
        "notes": "RCPL",
        "equipment_number": "765036",
        "section": "Central"
      },
      "geometry": {
        "type": "Point",
        "coordinates": [
          -4.2603619,
          55.8518535
        ]
      }
    },
    {
      "type": "Feature",
      "properties": {
        "name": "373",
        "type": "Points",
        "notes": "EP",
        "equipment_number": "763294",
        "section": "Central"
      },
      "geometry": {
        "type": "Point",
        "coordinates": [
          -4.2599762,
          55.8515528
        ]
      }
    },
    {
      "type": "Feature",
      "properties": {
        "name": "375",
        "type": "Points",
        "notes": "EP",
        "equipment_number": "763295",
        "section": "Central"
      },
      "geometry": {
        "type": "Point",
        "coordinates": [
          -4.2603873,
          55.8514851
        ]
      }
    },
    {
      "type": "Feature",
      "properties": {
        "name": "377",
        "type": "Points",
        "notes": "RCPL",
        "equipment_number": "765035",
        "section": "Central"
      },
      "geometry": {
        "type": "Point",
        "coordinates": [
          -4.2601079,
          55.8510787
        ]
      }
    },
    {
      "type": "Feature",
      "properties": {
        "name": "378",
        "type": "Points",
        "notes": "RCPL",
        "equipment_number": "765058",
        "section": "Central"
      },
      "geometry": {
        "type": "Point",
        "coordinates": [
          -4.2601669,
          55.8510863
        ]
      }
    },
    {
      "type": "Feature",
      "properties": {
        "name": "384",
        "type": "Points",
        "notes": "EP",
        "equipment_number": "763299",
        "section": "Central"
      },
      "geometry": {
        "type": "Point",
        "coordinates": [
          -4.2608232,
          55.8510771
        ]
      }
    },
    {
      "type": "Feature",
      "properties": {
        "name": "390",
        "type": "Points",
        "notes": "EP",
        "equipment_number": "2642538",
        "section": "Central"
      },
      "geometry": {
        "type": "Point",
        "coordinates": [
          -4.2654125,
          55.8493947
        ]
      }
    },
    {
      "type": "Feature",
      "properties": {
        "name": "401",
        "type": "Points",
        "notes": "RCPL",
        "equipment_number": "765061",
        "section": "Central"
      },
      "geometry": {
        "type": "Point",
        "coordinates": [
          -4.2608442,
          55.8482038
        ]
      }
    },
    {
      "type": "Feature",
      "properties": {
        "name": "406",
        "type": "Points",
        "notes": "RCPL",
        "equipment_number": "765051",
        "section": "Central"
      },
      "geometry": {
        "type": "Point",
        "coordinates": [
          -4.2607825,
          55.8482012
        ]
      }
    },
    {
      "type": "Feature",
      "properties": {
        "name": "449",
        "type": "Points",
        "notes": "HPSS",
        "equipment_number": "2488532",
        "section": "Central"
      },
      "geometry": {
        "type": "Point",
        "coordinates": [
          -4.2757936,
          55.8473975
        ]
      }
    },
    {
      "type": "Feature",
      "properties": {
        "name": "451",
        "type": "Points",
        "notes": "HW2000",
        "equipment_number": "761668",
        "section": "Central"
      },
      "geometry": {
        "type": "Point",
        "coordinates": [
          -4.2739536,
          55.8475769
        ]
      }
    },
    {
      "type": "Feature",
      "properties": {
        "name": "453",
        "type": "Points",
        "notes": "HPSS",
        "equipment_number": "2488476",
        "section": "Central"
      },
      "geometry": {
        "type": "Point",
        "coordinates": [
          -4.282858,
          55.8474491
        ]
      }
    },
    {
      "type": "Feature",
      "properties": {
        "name": "454",
        "type": "Points",
        "notes": "HPSS",
        "equipment_number": "2488499",
        "section": "Central"
      },
      "geometry": {
        "type": "Point",
        "coordinates": [
          -4.2832074,
          55.8473806
        ]
      }
    },
    {
      "type": "Feature",
      "properties": {
        "name": "456",
        "type": "Points",
        "notes": "HPSS",
        "equipment_number": "2488514",
        "section": "Central"
      },
      "geometry": {
        "type": "Point",
        "coordinates": [
          -4.2859417,
          55.847481
        ]
      }
    },
    {
      "type": "Feature",
      "properties": {
        "name": "457",
        "type": "Points",
        "notes": "HPSS",
        "equipment_number": "2488504",
        "section": "Central"
      },
      "geometry": {
        "type": "Point",
        "coordinates": [
          -4.2842887,
          55.8473357
        ]
      }
    },
    {
      "type": "Feature",
      "properties": {
        "name": "459",
        "type": "Points",
        "notes": "HPSS",
        "equipment_number": "2522558",
        "section": "Central"
      },
      "geometry": {
        "type": "Point",
        "coordinates": [
          -4.2854912,
          55.8474216
        ]
      }
    },
    {
      "type": "Feature",
      "properties": {
        "name": "460",
        "type": "Points",
        "notes": "HPSS",
        "equipment_number": "2488510",
        "section": "Central"
      },
      "geometry": {
        "type": "Point",
        "coordinates": [
          -4.2857019,
          55.847434
        ]
      }
    },
    {
      "type": "Feature",
      "properties": {
        "name": "462",
        "type": "Points",
        "notes": "HPSS",
        "equipment_number": "2488515",
        "section": "Central"
      },
      "geometry": {
        "type": "Point",
        "coordinates": [
          -4.2868861,
          55.8475094
        ]
      }
    },
    {
      "type": "Feature",
      "properties": {
        "name": "471",
        "type": "Points",
        "notes": "HPSS",
        "equipment_number": "2488516",
        "section": "Central"
      },
      "geometry": {
        "type": "Point",
        "coordinates": [
          -4.2870378,
          55.8475064
        ]
      }
    },
    {
      "type": "Feature",
      "properties": {
        "name": "472",
        "type": "Points",
        "notes": "HPSS",
        "equipment_number": "2488518",
        "section": "Central"
      },
      "geometry": {
        "type": "Point",
        "coordinates": [
          -4.2870156,
          55.847555
        ]
      }
    },
    {
      "type": "Feature",
      "properties": {
        "name": "474",
        "type": "Points",
        "notes": "HPSS",
        "equipment_number": "2488470",
        "section": "Central"
      },
      "geometry": {
        "type": "Point",
        "coordinates": [
          -4.2884782,
          55.8475258
        ]
      }
    },
    {
      "type": "Feature",
      "properties": {
        "name": "479",
        "type": "Points",
        "notes": "RCPL",
        "equipment_number": "1403694",
        "section": "Central"
      },
      "geometry": {
        "type": "Point",
        "coordinates": [
          -4.2926532,
          55.8473668
        ]
      }
    },
    {
      "type": "Feature",
      "properties": {
        "name": "487",
        "type": "Points",
        "notes": "RCPL",
        "equipment_number": "765093",
        "section": "Central"
      },
      "geometry": {
        "type": "Point",
        "coordinates": [
          -4.3151334,
          55.8395478
        ]
      }
    },
    {
      "type": "Feature",
      "properties": {
        "name": "489",
        "type": "Points",
        "notes": "RCPL",
        "equipment_number": [
          {
            "number": "765087",
            "label": "Point"
          },
          {
            "number": "7791956",
            "label": "supp."
          }
        ],
        "section": "Central"
      },
      "geometry": {
        "type": "Point",
        "coordinates": [
          -4.3524994,
          55.8419202
        ]
      }
    },
    {
      "type": "Feature",
      "properties": {
        "name": "490",
        "type": "Points",
        "notes": "RCPL",
        "equipment_number": [
          {
            "number": "765096",
            "label": "Point"
          },
          {
            "number": "7791852",
            "label": "supp."
          }
        ],
        "section": "Central"
      },
      "geometry": {
        "type": "Point",
        "coordinates": [
          -4.3638694,
          55.8425278
        ]
      }
    },
    {
      "type": "Feature",
      "properties": {
        "name": "498",
        "type": "Points",
        "notes": "HW2000",
        "equipment_number": "761616",
        "section": "Central"
      },
      "geometry": {
        "type": "Point",
        "coordinates": [
          -4.3472625,
          55.8535721
        ]
      }
    },
    {
      "type": "Feature",
      "properties": {
        "name": "499",
        "type": "Points",
        "notes": "HW2000",
        "equipment_number": "3178137",
        "section": "Central"
      },
      "geometry": {
        "type": "Point",
        "coordinates": [
          -4.3526759,
          55.8572944
        ]
      }
    },
    {
      "type": "Feature",
      "properties": {
        "name": "672",
        "type": "Points",
        "notes": "HW2000",
        "equipment_number": "762428",
        "section": "Central"
      },
      "geometry": {
        "type": "Point",
        "coordinates": [
          -4.2667147,
          55.8421335
        ]
      }
    },
    {
      "type": "Feature",
      "properties": {
        "name": "673",
        "type": "Points",
        "notes": "HW2000",
        "equipment_number": "762427",
        "section": "Central"
      },
      "geometry": {
        "type": "Point",
        "coordinates": [
          -4.2667495,
          55.8421621
        ]
      }
    },
    {
      "type": "Feature",
      "properties": {
        "name": "676",
        "type": "Points",
        "notes": "HW2000",
        "equipment_number": "762429",
        "section": "Central"
      },
      "geometry": {
        "type": "Point",
        "coordinates": [
          -4.2694266,
          55.8405511
        ]
      }
    },
    {
      "type": "Feature",
      "properties": {
        "name": "679",
        "type": "Points",
        "notes": "HW2000",
        "equipment_number": "762547",
        "section": "Central"
      },
      "geometry": {
        "type": "Point",
        "coordinates": [
          -4.2699659,
          55.8399279
        ]
      }
    },
    {
      "type": "Feature",
      "properties": {
        "name": "681",
        "type": "Points",
        "notes": "HW2000",
        "equipment_number": "762133",
        "section": "Central"
      },
      "geometry": {
        "type": "Point",
        "coordinates": [
          -4.2699203,
          55.8399211
        ]
      }
    },
    {
      "type": "Feature",
      "properties": {
        "name": "682",
        "type": "Points",
        "notes": "HW2000",
        "equipment_number": "762540",
        "section": "Central"
      },
      "geometry": {
        "type": "Point",
        "coordinates": [
          -4.2718783,
          55.8382241
        ]
      }
    },
    {
      "type": "Feature",
      "properties": {
        "name": "683",
        "type": "Points",
        "notes": "HW2000",
        "equipment_number": "762426",
        "section": "Central"
      },
      "geometry": {
        "type": "Point",
        "coordinates": [
          -4.2728358,
          55.8378867
        ]
      }
    },
    {
      "type": "Feature",
      "properties": {
        "name": "688",
        "type": "Points",
        "notes": "IBCL",
        "equipment_number": "9254096",
        "section": "Central"
      },
      "geometry": {
        "type": "Point",
        "coordinates": [
          -4.3063239,
          55.8202676
        ]
      }
    },
    {
      "type": "Feature",
      "properties": {
        "name": "689",
        "type": "Points",
        "notes": "IBCL",
        "equipment_number": [
          {
            "number": "19862371",
            "label": "Point"
          },
          {
            "number": "19862372",
            "label": "SO"
          }
        ],
        "section": "Central"
      },
      "geometry": {
        "type": "Point",
        "coordinates": [
          -4.3086587,
          55.8193495
        ]
      }
    },
    {
      "type": "Feature",
      "properties": {
        "name": "690",
        "type": "Points",
        "notes": "IBCL",
        "equipment_number": [
          {
            "number": "19862381",
            "label": "Point"
          },
          {
            "number": "19862382",
            "label": "SO"
          }
        ],
        "section": "Central"
      },
      "geometry": {
        "type": "Point",
        "coordinates": [
          -4.3100387,
          55.818885
        ]
      }
    },
    {
      "type": "Feature",
      "properties": {
        "name": "691",
        "type": "Points",
        "notes": "IBCL",
        "equipment_number": [
          {
            "number": "19862442",
            "label": "Point"
          },
          {
            "number": "19862444",
            "label": "supp."
          },
          {
            "number": "19862443",
            "label": "SO"
          }
        ],
        "section": "Central"
      },
      "geometry": {
        "type": "Point",
        "coordinates": [
          -4.3101634,
          55.8188462
        ]
      }
    },
    {
      "type": "Feature",
      "properties": {
        "name": "695",
        "type": "Points",
        "notes": "HW2000",
        "equipment_number": "1217562",
        "section": "Central"
      },
      "geometry": {
        "type": "Point",
        "coordinates": [
          -4.2625725,
          55.7779306
        ]
      }
    },
    {
      "type": "Feature",
      "properties": {
        "name": "696",
        "type": "Points",
        "notes": "RCPL",
        "equipment_number": "19888544",
        "section": "Central"
      },
      "geometry": {
        "type": "Point",
        "coordinates": [
          -4.2349407,
          55.7608329
        ]
      }
    },
    {
      "type": "Feature",
      "properties": {
        "name": "697",
        "type": "Points",
        "notes": "RCPL",
        "equipment_number": "765028",
        "section": "Central"
      },
      "geometry": {
        "type": "Point",
        "coordinates": [
          -4.2047202,
          55.7650583
        ]
      }
    },
    {
      "type": "Feature",
      "properties": {
        "name": "914",
        "type": "Points",
        "notes": "HW2000",
        "equipment_number": "762571",
        "section": "Central"
      },
      "geometry": {
        "type": "Point",
        "coordinates": [
          -4.2582276,
          55.8420774
        ]
      }
    },
    {
      "type": "Feature",
      "properties": {
        "name": "915",
        "type": "Points",
        "notes": "HW2000",
        "equipment_number": "762572",
        "section": "Central"
      },
      "geometry": {
        "type": "Point",
        "coordinates": [
          -4.258264,
          55.8420415
        ]
      }
    },
    {
      "type": "Feature",
      "properties": {
        "name": "924",
        "type": "Points",
        "notes": "RCPL",
        "equipment_number": [
          {
            "number": "765053",
            "label": "Point"
          },
          {
            "number": "781246",
            "label": "SO"
          }
        ],
        "section": "Central"
      },
      "geometry": {
        "type": "Point",
        "coordinates": [
          -4.2523634,
          55.8400408
        ]
      }
    },
    {
      "type": "Feature",
      "properties": {
        "name": "937",
        "type": "Points",
        "notes": "IBCL",
        "equipment_number": "762398",
        "section": "Central"
      },
      "geometry": {
        "type": "Point",
        "coordinates": [
          -4.2420818,
          55.8366662
        ]
      }
    },
    {
      "type": "Feature",
      "properties": {
        "name": "938",
        "type": "Points",
        "notes": "HW2000",
        "equipment_number": "762436",
        "section": "Central"
      },
      "geometry": {
        "type": "Point",
        "coordinates": [
          -4.2413388,
          55.8364524
        ]
      }
    },
    {
      "type": "Feature",
      "properties": {
        "name": "943",
        "type": "Points",
        "notes": "HW2000",
        "equipment_number": "762405",
        "section": "Central"
      },
      "geometry": {
        "type": "Point",
        "coordinates": [
          -4.2425005,
          55.8365772
        ]
      }
    },
    {
      "type": "Feature",
      "properties": {
        "name": "948",
        "type": "Points",
        "notes": "HW2000",
        "equipment_number": "762415",
        "section": "Central"
      },
      "geometry": {
        "type": "Point",
        "coordinates": [
          -4.24062,
          55.8363078
        ]
      }
    },
    {
      "type": "Feature",
      "properties": {
        "name": "951",
        "type": "Points",
        "notes": "HW2000",
        "equipment_number": "761656",
        "section": "Central"
      },
      "geometry": {
        "type": "Point",
        "coordinates": [
          -4.2401782,
          55.8362557
        ]
      }
    },
    {
      "type": "Feature",
      "properties": {
        "name": "952",
        "type": "Points",
        "notes": "HW2000",
        "equipment_number": "761647",
        "section": "Central"
      },
      "geometry": {
        "type": "Point",
        "coordinates": [
          -4.2349352,
          55.8338287
        ]
      }
    },
    {
      "type": "Feature",
      "properties": {
        "name": "953",
        "type": "Points",
        "notes": "HW2000",
        "equipment_number": "762438",
        "section": "Central"
      },
      "geometry": {
        "type": "Point",
        "coordinates": [
          -4.2344256,
          55.8336976
        ]
      }
    },
    {
      "type": "Feature",
      "properties": {
        "name": "954",
        "type": "Points",
        "notes": "HW2000",
        "equipment_number": "762390",
        "section": "Central"
      },
      "geometry": {
        "type": "Point",
        "coordinates": [
          -4.2332857,
          55.8333866
        ]
      }
    },
    {
      "type": "Feature",
      "properties": {
        "name": "955",
        "type": "Points",
        "notes": "HW2000",
        "equipment_number": "762376",
        "section": "Central"
      },
      "geometry": {
        "type": "Point",
        "coordinates": [
          -4.2327492,
          55.8332329
        ]
      }
    },
    {
      "type": "Feature",
      "properties": {
        "name": "970",
        "type": "Points",
        "notes": "IBCL",
        "equipment_number": [
          {
            "number": "18879136",
            "label": "Point"
          },
          {
            "number": "18879137",
            "label": "SO"
          }
        ],
        "section": "Central"
      },
      "geometry": {
        "type": "Point",
        "coordinates": [
          -4.2087164,
          55.8299092
        ]
      }
    },
    {
      "type": "Feature",
      "properties": {
        "name": "971",
        "type": "Points",
        "notes": "IBCL",
        "equipment_number": [
          {
            "number": "18879138",
            "label": "Point"
          },
          {
            "number": "18879139",
            "label": "SO"
          }
        ],
        "section": "Central"
      },
      "geometry": {
        "type": "Point",
        "coordinates": [
          -4.2108326,
          55.8300508
        ]
      }
    },
    {
      "type": "Feature",
      "properties": {
        "name": "989",
        "type": "Points",
        "notes": "HW2000",
        "equipment_number": "762333",
        "section": "Central"
      },
      "geometry": {
        "type": "Point",
        "coordinates": [
          -4.2143907,
          55.8335301
        ]
      }
    },
    {
      "type": "Feature",
      "properties": {
        "name": "993",
        "type": "Points",
        "notes": "HW2000",
        "equipment_number": "762339",
        "section": "Central"
      },
      "geometry": {
        "type": "Point",
        "coordinates": [
          -4.213389,
          55.8314307
        ]
      }
    },
    {
      "type": "Feature",
      "properties": {
        "name": "113A",
        "type": "Points",
        "notes": "RCPL",
        "equipment_number": "765201",
        "section": "Central"
      },
      "geometry": {
        "type": "Point",
        "coordinates": [
          -4.2502129,
          55.8197143
        ]
      }
    },
    {
      "type": "Feature",
      "properties": {
        "name": "113B",
        "type": "Points",
        "notes": "RCPL",
        "equipment_number": "765202",
        "section": "Central"
      },
      "geometry": {
        "type": "Point",
        "coordinates": [
          -4.2493408,
          55.8196879
        ]
      }
    },
    {
      "type": "Feature",
      "properties": {
        "name": "116A",
        "type": "Points",
        "notes": "RCPL",
        "equipment_number": "765088",
        "section": "Central"
      },
      "geometry": {
        "type": "Point",
        "coordinates": [
          -4.2516237,
          55.8198016
        ]
      }
    },
    {
      "type": "Feature",
      "properties": {
        "name": "116B",
        "type": "Points",
        "notes": "RCPL",
        "equipment_number": "765198",
        "section": "Central"
      },
      "geometry": {
        "type": "Point",
        "coordinates": [
          -4.2515607,
          55.8197979
        ]
      }
    },
    {
      "type": "Feature",
      "properties": {
        "name": "122A",
        "type": "Points",
        "notes": "RCPL",
        "equipment_number": "765016",
        "section": "Central"
      },
      "geometry": {
        "type": "Point",
        "coordinates": [
          -4.2586158,
          55.8210393
        ]
      }
    },
    {
      "type": "Feature",
      "properties": {
        "name": "122B",
        "type": "Points",
        "notes": "RCPL",
        "equipment_number": "764987",
        "section": "Central"
      },
      "geometry": {
        "type": "Point",
        "coordinates": [
          -4.2584602,
          55.820595
        ]
      }
    },
    {
      "type": "Feature",
      "properties": {
        "name": "135A",
        "type": "Points",
        "notes": "RCPL",
        "equipment_number": "7895497",
        "section": "Central"
      },
      "geometry": {
        "type": "Point",
        "coordinates": [
          -4.2745526,
          55.8093055
        ]
      }
    },
    {
      "type": "Feature",
      "properties": {
        "name": "135B",
        "type": "Points",
        "notes": "RCPL",
        "equipment_number": "7895498",
        "section": "Central"
      },
      "geometry": {
        "type": "Point",
        "coordinates": [
          -4.2748061,
          55.8087795
        ]
      }
    },
    {
      "type": "Feature",
      "properties": {
        "name": "304A",
        "type": "Points",
        "notes": "EP",
        "equipment_number": "763289",
        "section": "Central"
      },
      "geometry": {
        "type": "Point",
        "coordinates": [
          -4.2582527,
          55.857778
        ]
      }
    },
    {
      "type": "Feature",
      "properties": {
        "name": "304B",
        "type": "Points",
        "notes": "EP",
        "equipment_number": "763690",
        "section": "Central"
      },
      "geometry": {
        "type": "Point",
        "coordinates": [
          -4.2581736,
          55.8583004
        ]
      }
    },
    {
      "type": "Feature",
      "properties": {
        "name": "313A",
        "type": "Points",
        "notes": "EP",
        "equipment_number": "763691",
        "section": "Central"
      },
      "geometry": {
        "type": "Point",
        "coordinates": [
          -4.2583846,
          55.8566781
        ]
      }
    },
    {
      "type": "Feature",
      "properties": {
        "name": "313B",
        "type": "Points",
        "notes": "EP",
        "equipment_number": "763709",
        "section": "Central"
      },
      "geometry": {
        "type": "Point",
        "coordinates": [
          -4.2581512,
          55.8570846
        ]
      }
    },
    {
      "type": "Feature",
      "properties": {
        "name": "314A",
        "type": "Points",
        "notes": "RCPL",
        "equipment_number": "765414",
        "section": "Central"
      },
      "geometry": {
        "type": "Point",
        "coordinates": [
          -4.2586672,
          55.8562762
        ]
      }
    },
    {
      "type": "Feature",
      "properties": {
        "name": "314B",
        "type": "Points",
        "notes": "RCPL",
        "equipment_number": "765409",
        "section": "Central"
      },
      "geometry": {
        "type": "Point",
        "coordinates": [
          -4.258402,
          55.8566391
        ]
      }
    },
    {
      "type": "Feature",
      "properties": {
        "name": "315A",
        "type": "Points",
        "notes": "EP",
        "equipment_number": "763717",
        "section": "Central"
      },
      "geometry": {
        "type": "Point",
        "coordinates": [
          -4.2583296,
          55.8566691
        ]
      }
    },
    {
      "type": "Feature",
      "properties": {
        "name": "315B",
        "type": "Points",
        "notes": "EP",
        "equipment_number": "763316",
        "section": "Central"
      },
      "geometry": {
        "type": "Point",
        "coordinates": [
          -4.2580989,
          55.8570768
        ]
      }
    },
    {
      "type": "Feature",
      "properties": {
        "name": "316A",
        "type": "Points",
        "notes": "RCPL",
        "equipment_number": "765425",
        "section": "Central"
      },
      "geometry": {
        "type": "Point",
        "coordinates": [
          -4.2586491,
          55.8562129
        ]
      }
    },
    {
      "type": "Feature",
      "properties": {
        "name": "316B",
        "type": "Points",
        "notes": "RCPL",
        "equipment_number": "765398",
        "section": "Central"
      },
      "geometry": {
        "type": "Point",
        "coordinates": [
          -4.2583537,
          55.8566222
        ]
      }
    },
    {
      "type": "Feature",
      "properties": {
        "name": "319A",
        "type": "Points",
        "notes": "RCPL",
        "equipment_number": "765456",
        "section": "Central"
      },
      "geometry": {
        "type": "Point",
        "coordinates": [
          -4.2588534,
          55.8560269
        ]
      }
    },
    {
      "type": "Feature",
      "properties": {
        "name": "319B",
        "type": "Points",
        "notes": "RCPL",
        "equipment_number": "765455",
        "section": "Central"
      },
      "geometry": {
        "type": "Point",
        "coordinates": [
          -4.2586322,
          55.8564773
        ]
      }
    },
    {
      "type": "Feature",
      "properties": {
        "name": "320A",
        "type": "Points",
        "notes": "RCPL",
        "equipment_number": "765412",
        "section": "Central"
      },
      "geometry": {
        "type": "Point",
        "coordinates": [
          -4.2589109,
          55.8557859
        ]
      }
    },
    {
      "type": "Feature",
      "properties": {
        "name": "320B",
        "type": "Points",
        "notes": "RCPL",
        "equipment_number": "765413",
        "section": "Central"
      },
      "geometry": {
        "type": "Point",
        "coordinates": [
          -4.2588801,
          55.8557814
        ]
      }
    },
    {
      "type": "Feature",
      "properties": {
        "name": "320C",
        "type": "Points",
        "notes": "RCPL",
        "equipment_number": "765408",
        "section": "Central"
      },
      "geometry": {
        "type": "Point",
        "coordinates": [
          -4.2586634,
          55.8561882
        ]
      }
    },
    {
      "type": "Feature",
      "properties": {
        "name": "322A",
        "type": "Points",
        "notes": "RCPL",
        "equipment_number": "765441",
        "section": "Central"
      },
      "geometry": {
        "type": "Point",
        "coordinates": [
          -4.25902,
          55.8555718
        ]
      }
    },
    {
      "type": "Feature",
      "properties": {
        "name": "322B",
        "type": "Points",
        "notes": "RCPL",
        "equipment_number": "765410",
        "section": "Central"
      },
      "geometry": {
        "type": "Point",
        "coordinates": [
          -4.2588346,
          55.8559306
        ]
      }
    },
    {
      "type": "Feature",
      "properties": {
        "name": "322C",
        "type": "Points",
        "notes": "RCPL",
        "equipment_number": "765411",
        "section": "Central"
      },
      "geometry": {
        "type": "Point",
        "coordinates": [
          -4.2588064,
          55.8559313
        ]
      }
    },
    {
      "type": "Feature",
      "properties": {
        "name": "323A",
        "type": "Points",
        "notes": "RCPL",
        "equipment_number": "765454",
        "section": "Central"
      },
      "geometry": {
        "type": "Point",
        "coordinates": [
          -4.2589121,
          55.8555499
        ]
      }
    },
    {
      "type": "Feature",
      "properties": {
        "name": "323B",
        "type": "Points",
        "notes": "RCPL",
        "equipment_number": "765469",
        "section": "Central"
      },
      "geometry": {
        "type": "Point",
        "coordinates": [
          -4.2587297,
          55.8559135
        ]
      }
    },
    {
      "type": "Feature",
      "properties": {
        "name": "324A",
        "type": "Points",
        "notes": "EP",
        "equipment_number": "763313",
        "section": "Central"
      },
      "geometry": {
        "type": "Point",
        "coordinates": [
          -4.2591849,
          55.855931
        ]
      }
    },
    {
      "type": "Feature",
      "properties": {
        "name": "324B",
        "type": "Points",
        "notes": "EP",
        "equipment_number": "763312",
        "section": "Central"
      },
      "geometry": {
        "type": "Point",
        "coordinates": [
          -4.2590327,
          55.8563167
        ]
      }
    },
    {
      "type": "Feature",
      "properties": {
        "name": "325A",
        "type": "Points",
        "notes": "EP",
        "equipment_number": "763315",
        "section": "Central"
      },
      "geometry": {
        "type": "Point",
        "coordinates": [
          -4.259256,
          55.8554823
        ]
      }
    },
    {
      "type": "Feature",
      "properties": {
        "name": "325B",
        "type": "Points",
        "notes": "EP",
        "equipment_number": "763314",
        "section": "Central"
      },
      "geometry": {
        "type": "Point",
        "coordinates": [
          -4.259197,
          55.8558926
        ]
      }
    },
    {
      "type": "Feature",
      "properties": {
        "name": "329A",
        "type": "Points",
        "notes": "EP",
        "equipment_number": "763317",
        "section": "Central"
      },
      "geometry": {
        "type": "Point",
        "coordinates": [
          -4.2589757,
          55.8538495
        ]
      }
    },
    {
      "type": "Feature",
      "properties": {
        "name": "329B",
        "type": "Points",
        "notes": "EP",
        "equipment_number": "763306",
        "section": "Central"
      },
      "geometry": {
        "type": "Point",
        "coordinates": [
          -4.2589784,
          55.8542733
        ]
      }
    },
    {
      "type": "Feature",
      "properties": {
        "name": "331A",
        "type": "Points",
        "notes": "EP",
        "equipment_number": "763711",
        "section": "Central"
      },
      "geometry": {
        "type": "Point",
        "coordinates": [
          -4.2590449,
          55.854975
        ]
      }
    },
    {
      "type": "Feature",
      "properties": {
        "name": "331B",
        "type": "Points",
        "notes": "EP",
        "equipment_number": "763700",
        "section": "Central"
      },
      "geometry": {
        "type": "Point",
        "coordinates": [
          -4.2589684,
          55.8553962
        ]
      }
    },
    {
      "type": "Feature",
      "properties": {
        "name": "332A",
        "type": "Points",
        "notes": "RCPL",
        "equipment_number": "763707",
        "section": "Central"
      },
      "geometry": {
        "type": "Point",
        "coordinates": [
          -4.2590992,
          55.8549826
        ]
      }
    },
    {
      "type": "Feature",
      "properties": {
        "name": "332B",
        "type": "Points",
        "notes": "RCPL",
        "equipment_number": "763687",
        "section": "Central"
      },
      "geometry": {
        "type": "Point",
        "coordinates": [
          -4.2591254,
          55.8549814
        ]
      }
    },
    {
      "type": "Feature",
      "properties": {
        "name": "332C",
        "type": "Points",
        "notes": "EP",
        "equipment_number": "763684",
        "section": "Central"
      },
      "geometry": {
        "type": "Point",
        "coordinates": [
          -4.2590227,
          55.8554026
        ]
      }
    },
    {
      "type": "Feature",
      "properties": {
        "name": "333A",
        "type": "Points",
        "notes": "RCPL",
        "equipment_number": "763695",
        "section": "Central"
      },
      "geometry": {
        "type": "Point",
        "coordinates": [
          -4.2591528,
          55.8549867
        ]
      }
    },
    {
      "type": "Feature",
      "properties": {
        "name": "333B",
        "type": "Points",
        "notes": "RCPL",
        "equipment_number": "763694",
        "section": "Central"
      },
      "geometry": {
        "type": "Point",
        "coordinates": [
          -4.2591749,
          55.8549856
        ]
      }
    },
    {
      "type": "Feature",
      "properties": {
        "name": "333C",
        "type": "Points",
        "notes": "EP",
        "equipment_number": "763303",
        "section": "Central"
      },
      "geometry": {
        "type": "Point",
        "coordinates": [
          -4.2590737,
          55.855409
        ]
      }
    },
    {
      "type": "Feature",
      "properties": {
        "name": "338A",
        "type": "Points",
        "notes": "EP",
        "equipment_number": "763708",
        "section": "Central"
      },
      "geometry": {
        "type": "Point",
        "coordinates": [
          -4.2591911,
          55.8547186
        ]
      }
    },
    {
      "type": "Feature",
      "properties": {
        "name": "338B",
        "type": "Points",
        "notes": "RCPL",
        "equipment_number": "763683",
        "section": "Central"
      },
      "geometry": {
        "type": "Point",
        "coordinates": [
          -4.2591401,
          55.8551463
        ]
      }
    },
    {
      "type": "Feature",
      "properties": {
        "name": "338C",
        "type": "Points",
        "notes": "RCPL",
        "equipment_number": "763693",
        "section": "Central"
      },
      "geometry": {
        "type": "Point",
        "coordinates": [
          -4.2591153,
          55.8551452
        ]
      }
    },
    {
      "type": "Feature",
      "properties": {
        "name": "340A",
        "type": "Points",
        "notes": "EP",
        "equipment_number": "763706",
        "section": "Central"
      },
      "geometry": {
        "type": "Point",
        "coordinates": [
          -4.2591347,
          55.8546983
        ]
      }
    },
    {
      "type": "Feature",
      "properties": {
        "name": "340B",
        "type": "Points",
        "notes": "RCPL",
        "equipment_number": "763686",
        "section": "Central"
      },
      "geometry": {
        "type": "Point",
        "coordinates": [
          -4.2590857,
          55.8551392
        ]
      }
    },
    {
      "type": "Feature",
      "properties": {
        "name": "340C",
        "type": "Points",
        "notes": "RCPL",
        "equipment_number": "763685",
        "section": "Central"
      },
      "geometry": {
        "type": "Point",
        "coordinates": [
          -4.2590623,
          55.8551369
        ]
      }
    },
    {
      "type": "Feature",
      "properties": {
        "name": "342A",
        "type": "Points",
        "notes": "EP",
        "equipment_number": "763704",
        "section": "Central"
      },
      "geometry": {
        "type": "Point",
        "coordinates": [
          -4.2593204,
          55.8544055
        ]
      }
    },
    {
      "type": "Feature",
      "properties": {
        "name": "342B",
        "type": "Points",
        "notes": "EP",
        "equipment_number": "763705",
        "section": "Central"
      },
      "geometry": {
        "type": "Point",
        "coordinates": [
          -4.2592264,
          55.8548344
        ]
      }
    },
    {
      "type": "Feature",
      "properties": {
        "name": "343A",
        "type": "Points",
        "notes": "EP",
        "equipment_number": "763719",
        "section": "Central"
      },
      "geometry": {
        "type": "Point",
        "coordinates": [
          -4.2594102,
          55.8543298
        ]
      }
    },
    {
      "type": "Feature",
      "properties": {
        "name": "343B",
        "type": "Points",
        "notes": "EP",
        "equipment_number": "763710",
        "section": "Central"
      },
      "geometry": {
        "type": "Point",
        "coordinates": [
          -4.2592841,
          55.854838
        ]
      }
    },
    {
      "type": "Feature",
      "properties": {
        "name": "346A",
        "type": "Points",
        "notes": "EP",
        "equipment_number": "763703",
        "section": "Central"
      },
      "geometry": {
        "type": "Point",
        "coordinates": [
          -4.259315,
          55.8542693
        ]
      }
    },
    {
      "type": "Feature",
      "properties": {
        "name": "346B",
        "type": "Points",
        "notes": "EP",
        "equipment_number": "763688",
        "section": "Central"
      },
      "geometry": {
        "type": "Point",
        "coordinates": [
          -4.259205,
          55.8546681
        ]
      }
    },
    {
      "type": "Feature",
      "properties": {
        "name": "347A",
        "type": "Points",
        "notes": "EP",
        "equipment_number": "763302",
        "section": "Central"
      },
      "geometry": {
        "type": "Point",
        "coordinates": [
          -4.2593901,
          55.8550073
        ]
      }
    },
    {
      "type": "Feature",
      "properties": {
        "name": "347B",
        "type": "Points",
        "notes": "EP",
        "equipment_number": "763261",
        "section": "Central"
      },
      "geometry": {
        "type": "Point",
        "coordinates": [
          -4.2593257,
          55.8554299
        ]
      }
    },
    {
      "type": "Feature",
      "properties": {
        "name": "351A",
        "type": "Points",
        "notes": "EP",
        "equipment_number": "763712",
        "section": "Central"
      },
      "geometry": {
        "type": "Point",
        "coordinates": [
          -4.2596744,
          55.8541149
        ]
      }
    },
    {
      "type": "Feature",
      "properties": {
        "name": "351B",
        "type": "Points",
        "notes": "EP",
        "equipment_number": "763701",
        "section": "Central"
      },
      "geometry": {
        "type": "Point",
        "coordinates": [
          -4.2594491,
          55.8545564
        ]
      }
    },
    {
      "type": "Feature",
      "properties": {
        "name": "353A",
        "type": "Points",
        "notes": "EP",
        "equipment_number": "763698",
        "section": "Central"
      },
      "geometry": {
        "type": "Point",
        "coordinates": [
          -4.2595336,
          55.8541063
        ]
      }
    },
    {
      "type": "Feature",
      "properties": {
        "name": "353B",
        "type": "Points",
        "notes": "EP",
        "equipment_number": "763697",
        "section": "Central"
      },
      "geometry": {
        "type": "Point",
        "coordinates": [
          -4.2594223,
          55.8546509
        ]
      }
    },
    {
      "type": "Feature",
      "properties": {
        "name": "355A",
        "type": "Points",
        "notes": "EP",
        "equipment_number": "763483",
        "section": "Central"
      },
      "geometry": {
        "type": "Point",
        "coordinates": [
          -4.2599145,
          55.8536083
        ]
      }
    },
    {
      "type": "Feature",
      "properties": {
        "name": "355B",
        "type": "Points",
        "notes": "EP",
        "equipment_number": "763699",
        "section": "Central"
      },
      "geometry": {
        "type": "Point",
        "coordinates": [
          -4.2596972,
          55.854051
        ]
      }
    },
    {
      "type": "Feature",
      "properties": {
        "name": "359A",
        "type": "Points",
        "notes": "EP",
        "equipment_number": "763339",
        "section": "Central"
      },
      "geometry": {
        "type": "Point",
        "coordinates": [
          -4.2601613,
          55.8523955
        ]
      }
    },
    {
      "type": "Feature",
      "properties": {
        "name": "359B",
        "type": "Points",
        "notes": "EP",
        "equipment_number": "763342",
        "section": "Central"
      },
      "geometry": {
        "type": "Point",
        "coordinates": [
          -4.2600634,
          55.8528518
        ]
      }
    },
    {
      "type": "Feature",
      "properties": {
        "name": "361A",
        "type": "Points",
        "notes": "EP",
        "equipment_number": "763298",
        "section": "Central"
      },
      "geometry": {
        "type": "Point",
        "coordinates": [
          -4.2599882,
          55.8517448
        ]
      }
    },
    {
      "type": "Feature",
      "properties": {
        "name": "361B",
        "type": "Points",
        "notes": "EP",
        "equipment_number": "763343",
        "section": "Central"
      },
      "geometry": {
        "type": "Point",
        "coordinates": [
          -4.2597487,
          55.8523553
        ]
      }
    },
    {
      "type": "Feature",
      "properties": {
        "name": "369A",
        "type": "Points",
        "notes": "EP",
        "equipment_number": "763282",
        "section": "Central"
      },
      "geometry": {
        "type": "Point",
        "coordinates": [
          -4.2599229,
          55.851347
        ]
      }
    },
    {
      "type": "Feature",
      "properties": {
        "name": "369B",
        "type": "Points",
        "notes": "EP",
        "equipment_number": "763325",
        "section": "Central"
      },
      "geometry": {
        "type": "Point",
        "coordinates": [
          -4.2597553,
          55.8517543
        ]
      }
    },
    {
      "type": "Feature",
      "properties": {
        "name": "376A",
        "type": "Points",
        "notes": "EP",
        "equipment_number": "763290",
        "section": "Central"
      },
      "geometry": {
        "type": "Point",
        "coordinates": [
          -4.2599377,
          55.8513037
        ]
      }
    },
    {
      "type": "Feature",
      "properties": {
        "name": "376B",
        "type": "Points",
        "notes": "EP",
        "equipment_number": "763292",
        "section": "Central"
      },
      "geometry": {
        "type": "Point",
        "coordinates": [
          -4.2601437,
          55.8507758
        ]
      }
    },
    {
      "type": "Feature",
      "properties": {
        "name": "379A",
        "type": "Points",
        "notes": "RCPL",
        "equipment_number": "765040",
        "section": "Central"
      },
      "geometry": {
        "type": "Point",
        "coordinates": [
          -4.2602242,
          55.8507185
        ]
      }
    },
    {
      "type": "Feature",
      "properties": {
        "name": "379B",
        "type": "Points",
        "notes": "RCPL",
        "equipment_number": "765062",
        "section": "Central"
      },
      "geometry": {
        "type": "Point",
        "coordinates": [
          -4.2603436,
          55.8502104
        ]
      }
    },
    {
      "type": "Feature",
      "properties": {
        "name": "380A",
        "type": "Points",
        "notes": "RCPL",
        "equipment_number": "765042",
        "section": "Central"
      },
      "geometry": {
        "type": "Point",
        "coordinates": [
          -4.2602872,
          55.8507242
        ]
      }
    },
    {
      "type": "Feature",
      "properties": {
        "name": "380B",
        "type": "Points",
        "notes": "RCPL",
        "equipment_number": "765064",
        "section": "Central"
      },
      "geometry": {
        "type": "Point",
        "coordinates": [
          -4.2604066,
          55.8501893
        ]
      }
    },
    {
      "type": "Feature",
      "properties": {
        "name": "381A",
        "type": "Points",
        "notes": "RCPL",
        "equipment_number": "765063",
        "section": "Central"
      },
      "geometry": {
        "type": "Point",
        "coordinates": [
          -4.2603744,
          55.8501005
        ]
      }
    },
    {
      "type": "Feature",
      "properties": {
        "name": "381B",
        "type": "Points",
        "notes": "RCPL",
        "equipment_number": "765066",
        "section": "Central"
      },
      "geometry": {
        "type": "Point",
        "coordinates": [
          -4.2604401,
          55.8495453
        ]
      }
    },
    {
      "type": "Feature",
      "properties": {
        "name": "382A",
        "type": "Points",
        "notes": "RCPL",
        "equipment_number": "765065",
        "section": "Central"
      },
      "geometry": {
        "type": "Point",
        "coordinates": [
          -4.2604307,
          55.8500974
        ]
      }
    },
    {
      "type": "Feature",
      "properties": {
        "name": "382B",
        "type": "Points",
        "notes": "RCPL",
        "equipment_number": "765067",
        "section": "Central"
      },
      "geometry": {
        "type": "Point",
        "coordinates": [
          -4.2604951,
          55.8495355
        ]
      }
    },
    {
      "type": "Feature",
      "properties": {
        "name": "383A",
        "type": "Points",
        "notes": "RCPL",
        "equipment_number": "763288",
        "section": "Central"
      },
      "geometry": {
        "type": "Point",
        "coordinates": [
          -4.2608219,
          55.8511441
        ]
      }
    },
    {
      "type": "Feature",
      "properties": {
        "name": "383B",
        "type": "Points",
        "notes": "RCPL",
        "equipment_number": "763353",
        "section": "Central"
      },
      "geometry": {
        "type": "Point",
        "coordinates": [
          -4.2603323,
          55.8517719
        ]
      }
    },
    {
      "type": "Feature",
      "properties": {
        "name": "386A",
        "type": "Points",
        "notes": "EP",
        "equipment_number": "763285",
        "section": "Central"
      },
      "geometry": {
        "type": "Point",
        "coordinates": [
          -4.2612379,
          55.8507307
        ]
      }
    },
    {
      "type": "Feature",
      "properties": {
        "name": "386B",
        "type": "Points",
        "notes": "EP",
        "equipment_number": "763287",
        "section": "Central"
      },
      "geometry": {
        "type": "Point",
        "coordinates": [
          -4.2622014,
          55.8502873
        ]
      }
    },
    {
      "type": "Feature",
      "properties": {
        "name": "388B",
        "type": "Points",
        "notes": "EP",
        "equipment_number": "1218726",
        "section": "Central"
      },
      "geometry": {
        "type": "Point",
        "coordinates": [
          -4.2671268,
          55.8490806
        ]
      }
    },
    {
      "type": "Feature",
      "properties": {
        "name": "389A",
        "type": "Points",
        "notes": "EP",
        "equipment_number": "1403689",
        "section": "Central"
      },
      "geometry": {
        "type": "Point",
        "coordinates": [
          -4.2663854,
          55.8492339
        ]
      }
    },
    {
      "type": "Feature",
      "properties": {
        "name": "389B",
        "type": "Points",
        "notes": "EP",
        "equipment_number": "763663",
        "section": "Central"
      },
      "geometry": {
        "type": "Point",
        "coordinates": [
          -4.2670948,
          55.849045
        ]
      }
    },
    {
      "type": "Feature",
      "properties": {
        "name": "391A",
        "type": "Points",
        "notes": "EP",
        "equipment_number": "1786419",
        "section": "Central"
      },
      "geometry": {
        "type": "Point",
        "coordinates": [
          -4.2674403,
          55.8490199
        ]
      }
    },
    {
      "type": "Feature",
      "properties": {
        "name": "391B",
        "type": "Points",
        "notes": "EP",
        "equipment_number": "763351",
        "section": "Central"
      },
      "geometry": {
        "type": "Point",
        "coordinates": [
          -4.2680708,
          55.8488299
        ]
      }
    },
    {
      "type": "Feature",
      "properties": {
        "name": "400A",
        "type": "Points",
        "notes": "RCPL",
        "equipment_number": "765056",
        "section": "Central"
      },
      "geometry": {
        "type": "Point",
        "coordinates": [
          -4.2609743,
          55.8478308
        ]
      }
    },
    {
      "type": "Feature",
      "properties": {
        "name": "400B",
        "type": "Points",
        "notes": "RCPL",
        "equipment_number": "765057",
        "section": "Central"
      },
      "geometry": {
        "type": "Point",
        "coordinates": [
          -4.2609957,
          55.8477871
        ]
      }
    },
    {
      "type": "Feature",
      "properties": {
        "name": "402A",
        "type": "Points",
        "notes": "RCPL",
        "equipment_number": "765508",
        "section": "Central"
      },
      "geometry": {
        "type": "Point",
        "coordinates": [
          -4.261126,
          55.8477628
        ]
      }
    },
    {
      "type": "Feature",
      "properties": {
        "name": "402B",
        "type": "Points",
        "notes": "RCPL",
        "equipment_number": "765068",
        "section": "Central"
      },
      "geometry": {
        "type": "Point",
        "coordinates": [
          -4.2615522,
          55.8471185
        ]
      }
    },
    {
      "type": "Feature",
      "properties": {
        "name": "405A",
        "type": "Points",
        "notes": "RCPL",
        "equipment_number": "765059",
        "section": "Central"
      },
      "geometry": {
        "type": "Point",
        "coordinates": [
          -4.2616675,
          55.8469469
        ]
      }
    },
    {
      "type": "Feature",
      "properties": {
        "name": "405B",
        "type": "Points",
        "notes": "RCPL",
        "equipment_number": "765055",
        "section": "Central"
      },
      "geometry": {
        "type": "Point",
        "coordinates": [
          -4.2617882,
          55.8466119
        ]
      }
    },
    {
      "type": "Feature",
      "properties": {
        "name": "447A",
        "type": "Points",
        "notes": "HW2000",
        "equipment_number": "762532",
        "section": "Central"
      },
      "geometry": {
        "type": "Point",
        "coordinates": [
          -4.2705748,
          55.8460198
        ]
      }
    },
    {
      "type": "Feature",
      "properties": {
        "name": "447B",
        "type": "Points",
        "notes": "HW2000",
        "equipment_number": "765240",
        "section": "Central"
      },
      "geometry": {
        "type": "Point",
        "coordinates": [
          -4.2712736,
          55.846211
        ]
      }
    },
    {
      "type": "Feature",
      "properties": {
        "name": "448A",
        "type": "Points",
        "notes": "HW2000",
        "equipment_number": "765242",
        "section": "Central"
      },
      "geometry": {
        "type": "Point",
        "coordinates": [
          -4.2724809,
          55.8464584
        ]
      }
    },
    {
      "type": "Feature",
      "properties": {
        "name": "448B",
        "type": "Points",
        "notes": "HW2000",
        "equipment_number": "765233",
        "section": "Central"
      },
      "geometry": {
        "type": "Point",
        "coordinates": [
          -4.2738809,
          55.846931
        ]
      }
    },
    {
      "type": "Feature",
      "properties": {
        "name": "452A",
        "type": "Points",
        "notes": "HW2000",
        "equipment_number": "761615",
        "section": "Central"
      },
      "geometry": {
        "type": "Point",
        "coordinates": [
          -4.2753601,
          55.8475739
        ]
      }
    },
    {
      "type": "Feature",
      "properties": {
        "name": "452B",
        "type": "Points",
        "notes": "HW2000",
        "section": "Central"
      },
      "geometry": {
        "type": "Point",
        "coordinates": [
          -4.2762563,
          55.8475691
        ]
      }
    },
    {
      "type": "Feature",
      "properties": {
        "name": "455A",
        "type": "Points",
        "notes": "HPSS",
        "equipment_number": "2488513",
        "section": "Central"
      },
      "geometry": {
        "type": "Point",
        "coordinates": [
          -4.2832393,
          55.8474454
        ]
      }
    },
    {
      "type": "Feature",
      "properties": {
        "name": "455B",
        "type": "Points",
        "notes": "HPSS",
        "equipment_number": "2488517",
        "section": "Central"
      },
      "geometry": {
        "type": "Point",
        "coordinates": [
          -4.2853095,
          55.8474969
        ]
      }
    },
    {
      "type": "Feature",
      "properties": {
        "name": "473A",
        "type": "Points",
        "notes": "RCPL",
        "equipment_number": "765498",
        "section": "Central"
      },
      "geometry": {
        "type": "Point",
        "coordinates": [
          -4.2879956,
          55.8475611
        ]
      }
    },
    {
      "type": "Feature",
      "properties": {
        "name": "473B",
        "type": "Points",
        "notes": "RCPL",
        "equipment_number": "765542",
        "section": "Central"
      },
      "geometry": {
        "type": "Point",
        "coordinates": [
          -4.2880435,
          55.8475586
        ]
      }
    },
    {
      "type": "Feature",
      "properties": {
        "name": "475A",
        "type": "Points",
        "notes": "RCPL",
        "equipment_number": "765060",
        "section": "Central"
      },
      "geometry": {
        "type": "Point",
        "coordinates": [
          -4.2887514,
          55.8475532
        ]
      }
    },
    {
      "type": "Feature",
      "properties": {
        "name": "475B",
        "type": "Points",
        "notes": "RCPL",
        "equipment_number": "765104",
        "section": "Central"
      },
      "geometry": {
        "type": "Point",
        "coordinates": [
          -4.2895715,
          55.847505
        ]
      }
    },
    {
      "type": "Feature",
      "properties": {
        "name": "476A",
        "type": "Points",
        "notes": "RCPL",
        "equipment_number": "765459",
        "section": "Central"
      },
      "geometry": {
        "type": "Point",
        "coordinates": [
          -4.288884,
          55.8474628
        ]
      }
    },
    {
      "type": "Feature",
      "properties": {
        "name": "476B",
        "type": "Points",
        "notes": "RCPL",
        "equipment_number": "765238",
        "section": "Central"
      },
      "geometry": {
        "type": "Point",
        "coordinates": [
          -4.2900466,
          55.8474895
        ]
      }
    },
    {
      "type": "Feature",
      "properties": {
        "name": "477A",
        "type": "Points",
        "notes": "RCPL",
        "equipment_number": "765049",
        "section": "Central"
      },
      "geometry": {
        "type": "Point",
        "coordinates": [
          -4.2902969,
          55.8474851
        ]
      }
    },
    {
      "type": "Feature",
      "properties": {
        "name": "477B",
        "type": "Points",
        "notes": "RCPL",
        "equipment_number": "765048",
        "section": "Central"
      },
      "geometry": {
        "type": "Point",
        "coordinates": [
          -4.2911708,
          55.8474875
        ]
      }
    },
    {
      "type": "Feature",
      "properties": {
        "name": "481A",
        "type": "Points",
        "notes": "RCPL",
        "equipment_number": "765089",
        "section": "Central"
      },
      "geometry": {
        "type": "Point",
        "coordinates": [
          -4.2925982,
          55.8474169
        ]
      }
    },
    {
      "type": "Feature",
      "properties": {
        "name": "481B",
        "type": "Points",
        "notes": "RCPL",
        "equipment_number": "765457",
        "section": "Central"
      },
      "geometry": {
        "type": "Point",
        "coordinates": [
          -4.2933719,
          55.8473483
        ]
      }
    },
    {
      "type": "Feature",
      "properties": {
        "name": "482A",
        "type": "Points",
        "notes": "RCPL",
        "equipment_number": "765458",
        "section": "Central"
      },
      "geometry": {
        "type": "Point",
        "coordinates": [
          -4.2975189,
          55.8464038
        ]
      }
    },
    {
      "type": "Feature",
      "properties": {
        "name": "482B",
        "type": "Points",
        "notes": "RCPL",
        "equipment_number": [
          {
            "number": "765090",
            "label": "Point"
          },
          {
            "number": "7797935",
            "label": "supp."
          }
        ],
        "section": "Central"
      },
      "geometry": {
        "type": "Point",
        "coordinates": [
          -4.298986,
          55.8458979
        ]
      }
    },
    {
      "type": "Feature",
      "properties": {
        "name": "483A",
        "type": "Points",
        "notes": "RCPL",
        "equipment_number": [
          {
            "number": "3178125",
            "label": "Point"
          },
          {
            "number": "9221874",
            "label": "SO"
          }
        ],
        "section": "Central"
      },
      "geometry": {
        "type": "Point",
        "coordinates": [
          -4.2952059,
          55.8481587
        ]
      }
    },
    {
      "type": "Feature",
      "properties": {
        "name": "483B",
        "type": "Points",
        "notes": "RCPL",
        "equipment_number": [
          {
            "number": "3178126",
            "label": "Point"
          },
          {
            "number": "9221875",
            "label": "SO"
          }
        ],
        "section": "Central"
      },
      "geometry": {
        "type": "Point",
        "coordinates": [
          -4.2961559,
          55.8482721
        ]
      }
    },
    {
      "type": "Feature",
      "properties": {
        "name": "485A",
        "type": "Points",
        "notes": "RCPL",
        "equipment_number": [
          {
            "number": "3178127",
            "label": "Point"
          },
          {
            "number": "9221877",
            "label": "SO"
          }
        ],
        "section": "Central"
      },
      "geometry": {
        "type": "Point",
        "coordinates": [
          -4.2981893,
          55.8484769
        ]
      }
    },
    {
      "type": "Feature",
      "properties": {
        "name": "485B",
        "type": "Points",
        "notes": "RCPL",
        "equipment_number": [
          {
            "number": "3178128",
            "label": "Point"
          },
          {
            "number": "9221878",
            "label": "SO"
          }
        ],
        "section": "Central"
      },
      "geometry": {
        "type": "Point",
        "coordinates": [
          -4.3002506,
          55.8487284
        ]
      }
    },
    {
      "type": "Feature",
      "properties": {
        "name": "486A",
        "type": "Points",
        "notes": "RCPL",
        "equipment_number": [
          {
            "number": "765105",
            "label": "Point"
          },
          {
            "number": "9221879",
            "label": "SO"
          }
        ],
        "section": "Central"
      },
      "geometry": {
        "type": "Point",
        "coordinates": [
          -4.3139535,
          55.8397736
        ]
      }
    },
    {
      "type": "Feature",
      "properties": {
        "name": "486B",
        "type": "Points",
        "notes": "RCPL",
        "equipment_number": [
          {
            "number": "765094",
            "label": "Point"
          },
          {
            "number": "7791856",
            "label": "supp."
          }
        ],
        "section": "Central"
      },
      "geometry": {
        "type": "Point",
        "coordinates": [
          -4.3151819,
          55.8395762
        ]
      }
    },
    {
      "type": "Feature",
      "properties": {
        "name": "488A",
        "type": "Points",
        "notes": "RCPL",
        "equipment_number": [
          {
            "number": "765092",
            "label": "Point"
          },
          {
            "number": "7791855",
            "label": "supp."
          }
        ],
        "section": "Central"
      },
      "geometry": {
        "type": "Point",
        "coordinates": [
          -4.3170357,
          55.8392178
        ]
      }
    },
    {
      "type": "Feature",
      "properties": {
        "name": "488B",
        "type": "Points",
        "notes": "RCPL",
        "equipment_number": "765091",
        "section": "Central"
      },
      "geometry": {
        "type": "Point",
        "coordinates": [
          -4.3177049,
          55.8390021
        ]
      }
    },
    {
      "type": "Feature",
      "properties": {
        "name": "492A",
        "type": "Points",
        "notes": "IBCL",
        "equipment_number": [
          {
            "number": "2912215",
            "label": "Point"
          },
          {
            "number": "9221880",
            "label": "SO"
          }
        ],
        "section": "Central"
      },
      "geometry": {
        "type": "Point",
        "coordinates": [
          -4.3068963,
          55.8494246
        ]
      }
    },
    {
      "type": "Feature",
      "properties": {
        "name": "492B",
        "type": "Points",
        "notes": "IBCL",
        "equipment_number": [
          {
            "number": "3178130",
            "label": "Point"
          },
          {
            "number": "9221882",
            "label": "SO"
          }
        ],
        "section": "Central"
      },
      "geometry": {
        "type": "Point",
        "coordinates": [
          -4.3100518,
          55.8496849
        ]
      }
    },
    {
      "type": "Feature",
      "properties": {
        "name": "493A",
        "type": "Points",
        "notes": "IBCL",
        "equipment_number": [
          {
            "number": "3178131",
            "label": "Point"
          },
          {
            "number": "9221883",
            "label": "SO"
          }
        ],
        "section": "Central"
      },
      "geometry": {
        "type": "Point",
        "coordinates": [
          -4.3127745,
          55.8499595
        ]
      }
    },
    {
      "type": "Feature",
      "properties": {
        "name": "493B",
        "type": "Points",
        "notes": "IBCL",
        "equipment_number": [
          {
            "number": "2912216",
            "label": "Point"
          },
          {
            "number": "9221884",
            "label": "SO"
          }
        ],
        "section": "Central"
      },
      "geometry": {
        "type": "Point",
        "coordinates": [
          -4.3143744,
          55.8500838
        ]
      }
    },
    {
      "type": "Feature",
      "properties": {
        "name": "494A",
        "type": "Points",
        "notes": "IBCL",
        "equipment_number": [
          {
            "number": "3178133",
            "label": "Point"
          },
          {
            "number": "9221885",
            "label": "SO"
          }
        ],
        "section": "Central"
      },
      "geometry": {
        "type": "Point",
        "coordinates": [
          -4.3204026,
          55.8506738
        ]
      }
    },
    {
      "type": "Feature",
      "properties": {
        "name": "494B",
        "type": "Points",
        "notes": "IBCL",
        "equipment_number": [
          {
            "number": "3178134",
            "label": "Point"
          },
          {
            "number": "9221886",
            "label": "SO"
          }
        ],
        "section": "Central"
      },
      "geometry": {
        "type": "Point",
        "coordinates": [
          -4.3235428,
          55.8510482
        ]
      }
    },
    {
      "type": "Feature",
      "properties": {
        "name": "496A",
        "type": "Points",
        "notes": "IBCL",
        "equipment_number": [
          {
            "number": "3178135",
            "label": "Point"
          },
          {
            "number": "786332",
            "label": "SO"
          }
        ],
        "section": "Central"
      },
      "geometry": {
        "type": "Point",
        "coordinates": [
          -4.3437172,
          55.8530876
        ]
      }
    },
    {
      "type": "Feature",
      "properties": {
        "name": "496B",
        "type": "Points",
        "notes": "IBCL",
        "equipment_number": [
          {
            "number": "3178136",
            "label": "Point"
          },
          {
            "number": "9221887",
            "label": "SO"
          }
        ],
        "section": "Central"
      },
      "geometry": {
        "type": "Point",
        "coordinates": [
          -4.3448495,
          55.853258
        ]
      }
    },
    {
      "type": "Feature",
      "properties": {
        "name": "497A",
        "type": "Points",
        "notes": "HW2000",
        "equipment_number": "761663",
        "section": "Central"
      },
      "geometry": {
        "type": "Point",
        "coordinates": [
          -4.3458812,
          55.8533599
        ]
      }
    },
    {
      "type": "Feature",
      "properties": {
        "name": "497B",
        "type": "Points",
        "notes": "HW2000",
        "equipment_number": "761617",
        "section": "Central"
      },
      "geometry": {
        "type": "Point",
        "coordinates": [
          -4.3467779,
          55.853495
        ]
      }
    },
    {
      "type": "Feature",
      "properties": {
        "name": "671A",
        "type": "Points",
        "notes": "HW2000",
        "equipment_number": "7887639",
        "section": "Central"
      },
      "geometry": {
        "type": "Point",
        "coordinates": [
          -4.2657793,
          55.8424735
        ]
      }
    },
    {
      "type": "Feature",
      "properties": {
        "name": "671B",
        "type": "Points",
        "notes": "HW2000",
        "section": "Central"
      },
      "geometry": {
        "type": "Point",
        "coordinates": [
          -4.266429,
          55.8422232
        ]
      }
    },
    {
      "type": "Feature",
      "properties": {
        "name": "678A",
        "type": "Points",
        "notes": "HW2000",
        "equipment_number": "762430",
        "section": "Central"
      },
      "geometry": {
        "type": "Point",
        "coordinates": [
          -4.2694968,
          55.8404807
        ]
      }
    },
    {
      "type": "Feature",
      "properties": {
        "name": "678B",
        "type": "Points",
        "notes": "HW2000",
        "equipment_number": "762441",
        "section": "Central"
      },
      "geometry": {
        "type": "Point",
        "coordinates": [
          -4.2698601,
          55.8399871
        ]
      }
    },
    {
      "type": "Feature",
      "properties": {
        "name": "680A",
        "type": "Points",
        "notes": "RCPL",
        "equipment_number": "762607",
        "section": "Central"
      },
      "geometry": {
        "type": "Point",
        "coordinates": [
          -4.2704299,
          55.8393978
        ]
      }
    },
    {
      "type": "Feature",
      "properties": {
        "name": "680B",
        "type": "Points",
        "notes": "RCPL",
        "equipment_number": "1443895",
        "section": "Central"
      },
      "geometry": {
        "type": "Point",
        "coordinates": [
          -4.2704058,
          55.8394181
        ]
      }
    },
    {
      "type": "Feature",
      "properties": {
        "name": "684A",
        "type": "Points",
        "notes": "HW2000",
        "equipment_number": "762502",
        "section": "Central"
      },
      "geometry": {
        "type": "Point",
        "coordinates": [
          -4.2730987,
          55.8377959
        ]
      }
    },
    {
      "type": "Feature",
      "properties": {
        "name": "684B",
        "type": "Points",
        "notes": "HW2000",
        "equipment_number": "762503",
        "section": "Central"
      },
      "geometry": {
        "type": "Point",
        "coordinates": [
          -4.2739543,
          55.8375376
        ]
      }
    },
    {
      "type": "Feature",
      "properties": {
        "name": "693A",
        "type": "Points",
        "notes": "HW2000",
        "equipment_number": "762501",
        "section": "Central"
      },
      "geometry": {
        "type": "Point",
        "coordinates": [
          -4.2646099,
          55.7830501
        ]
      }
    },
    {
      "type": "Feature",
      "properties": {
        "name": "693B",
        "type": "Points",
        "notes": "HW2000",
        "equipment_number": "762500",
        "section": "Central"
      },
      "geometry": {
        "type": "Point",
        "coordinates": [
          -4.2640172,
          55.7826346
        ]
      }
    },
    {
      "type": "Feature",
      "properties": {
        "name": "913A",
        "type": "Points",
        "notes": "HW2000",
        "equipment_number": "762573",
        "section": "Central"
      },
      "geometry": {
        "type": "Point",
        "coordinates": [
          -4.2587291,
          55.8422381
        ]
      }
    },
    {
      "type": "Feature",
      "properties": {
        "name": "913B",
        "type": "Points",
        "notes": "HW2000",
        "equipment_number": "762574",
        "section": "Central"
      },
      "geometry": {
        "type": "Point",
        "coordinates": [
          -4.2587895,
          55.8422566
        ]
      }
    },
    {
      "type": "Feature",
      "properties": {
        "name": "921A",
        "type": "Points",
        "notes": "HW2000",
        "equipment_number": [
          {
            "number": "762498",
            "label": "Point"
          },
          {
            "number": "9221893",
            "label": "supp."
          }
        ],
        "section": "Central"
      },
      "geometry": {
        "type": "Point",
        "coordinates": [
          -4.2554978,
          55.8411279
        ]
      }
    },
    {
      "type": "Feature",
      "properties": {
        "name": "921B",
        "type": "Points",
        "notes": "HW2000",
        "equipment_number": "762380",
        "section": "Central"
      },
      "geometry": {
        "type": "Point",
        "coordinates": [
          -4.2537731,
          55.8405845
        ]
      }
    },
    {
      "type": "Feature",
      "properties": {
        "name": "922A",
        "type": "Points",
        "notes": "Mk 3",
        "equipment_number": [
          {
            "number": "19783645",
            "label": "Point"
          },
          {
            "number": "19783647",
            "label": "supp."
          },
          {
            "number": "19783646",
            "label": "SO"
          }
        ],
        "section": "Central"
      },
      "geometry": {
        "type": "Point",
        "coordinates": [
          -4.2535547,
          55.8406365
        ]
      }
    },
    {
      "type": "Feature",
      "properties": {
        "name": "922B",
        "type": "Points",
        "notes": "Mk 3",
        "equipment_number": [
          {
            "number": "19783984",
            "label": "Point"
          },
          {
            "number": "19783986",
            "label": "supp."
          },
          {
            "number": "19783985",
            "label": "SO"
          }
        ],
        "section": "Central"
      },
      "geometry": {
        "type": "Point",
        "coordinates": [
          -4.2523197,
          55.8401718
        ]
      }
    },
    {
      "type": "Feature",
      "properties": {
        "name": "923A",
        "type": "Points",
        "notes": "HW2000",
        "equipment_number": "762382",
        "section": "Central"
      },
      "geometry": {
        "type": "Point",
        "coordinates": [
          -4.2536342,
          55.8405386
        ]
      }
    },
    {
      "type": "Feature",
      "properties": {
        "name": "923B",
        "type": "Points",
        "notes": "HW2000",
        "equipment_number": "762377",
        "section": "Central"
      },
      "geometry": {
        "type": "Point",
        "coordinates": [
          -4.2523666,
          55.8401318
        ]
      }
    },
    {
      "type": "Feature",
      "properties": {
        "name": "925A",
        "type": "Points",
        "notes": "Mk 3",
        "equipment_number": [
          {
            "number": "19784083",
            "label": "Point"
          },
          {
            "number": "19784085",
            "label": "supp."
          },
          {
            "number": "19784084",
            "label": "SO"
          }
        ],
        "section": "Central"
      },
      "geometry": {
        "type": "Point",
        "coordinates": [
          -4.2521273,
          55.8401085
        ]
      }
    },
    {
      "type": "Feature",
      "properties": {
        "name": "925B",
        "type": "Points",
        "notes": "Mk 3",
        "equipment_number": [
          {
            "number": "19785133",
            "label": "Point"
          },
          {
            "number": "19785136",
            "label": "supp."
          },
          {
            "number": "19785135",
            "label": "SO"
          }
        ],
        "section": "Central"
      },
      "geometry": {
        "type": "Point",
        "coordinates": [
          -4.2505394,
          55.8394993
        ]
      }
    },
    {
      "type": "Feature",
      "properties": {
        "name": "926A",
        "type": "Points",
        "notes": "RCPL",
        "equipment_number": [
          {
            "number": "765054",
            "label": "Point"
          },
          {
            "number": "9221894",
            "label": "SO"
          }
        ],
        "section": "Central"
      },
      "geometry": {
        "type": "Point",
        "coordinates": [
          -4.2522298,
          55.8399873
        ]
      }
    },
    {
      "type": "Feature",
      "properties": {
        "name": "926B",
        "type": "Points",
        "notes": "RCPL",
        "equipment_number": [
          {
            "number": "765304",
            "label": "Point"
          },
          {
            "number": "9222182",
            "label": "SO"
          }
        ],
        "section": "Central"
      },
      "geometry": {
        "type": "Point",
        "coordinates": [
          -4.2504992,
          55.8394493
        ]
      }
    },
    {
      "type": "Feature",
      "properties": {
        "name": "927A",
        "type": "Points",
        "notes": "HW2000",
        "equipment_number": [
          {
            "number": "762374",
            "label": "Point"
          },
          {
            "number": "9222213",
            "label": "supp."
          }
        ],
        "section": "Central"
      },
      "geometry": {
        "type": "Point",
        "coordinates": [
          -4.2499748,
          55.8393046
        ]
      }
    },
    {
      "type": "Feature",
      "properties": {
        "name": "927B",
        "type": "Points",
        "notes": "HW2000",
        "equipment_number": [
          {
            "number": "762372",
            "label": "Point"
          },
          {
            "number": "9222214",
            "label": "supp."
          }
        ],
        "section": "Central"
      },
      "geometry": {
        "type": "Point",
        "coordinates": [
          -4.248837,
          55.8388722
        ]
      }
    },
    {
      "type": "Feature",
      "properties": {
        "name": "932A",
        "type": "Points",
        "notes": "HW2000",
        "equipment_number": [
          {
            "number": "762373",
            "label": "Point"
          },
          {
            "number": "9222215",
            "label": "supp."
          }
        ],
        "section": "Central"
      },
      "geometry": {
        "type": "Point",
        "coordinates": [
          -4.2482304,
          55.8386619
        ]
      }
    },
    {
      "type": "Feature",
      "properties": {
        "name": "932B",
        "type": "Points",
        "notes": "HW2000",
        "equipment_number": [
          {
            "number": "762395",
            "label": "Point"
          },
          {
            "number": "9222216",
            "label": "supp."
          }
        ],
        "section": "Central"
      },
      "geometry": {
        "type": "Point",
        "coordinates": [
          -4.2469577,
          55.8382583
        ]
      }
    },
    {
      "type": "Feature",
      "properties": {
        "name": "933A",
        "type": "Points",
        "notes": "HW2000",
        "equipment_number": [
          {
            "number": "762371",
            "label": "Point"
          },
          {
            "number": "9222217",
            "label": "supp."
          }
        ],
        "section": "Central"
      },
      "geometry": {
        "type": "Point",
        "coordinates": [
          -4.2468308,
          55.8382182
        ]
      }
    },
    {
      "type": "Feature",
      "properties": {
        "name": "933B",
        "type": "Points",
        "notes": "IBCL",
        "equipment_number": "762402",
        "section": "Central"
      },
      "geometry": {
        "type": "Point",
        "coordinates": [
          -4.2451973,
          55.8377032
        ]
      }
    },
    {
      "type": "Feature",
      "properties": {
        "name": "934A",
        "type": "Points",
        "notes": "HW2000",
        "equipment_number": [
          {
            "number": "762370",
            "label": "Point"
          },
          {
            "number": "9222218",
            "label": "supp."
          }
        ],
        "section": "Central"
      },
      "geometry": {
        "type": "Point",
        "coordinates": [
          -4.2468165,
          55.8381687
        ]
      }
    },
    {
      "type": "Feature",
      "properties": {
        "name": "934B",
        "type": "Points",
        "notes": "HW2000",
        "equipment_number": "762403",
        "section": "Central"
      },
      "geometry": {
        "type": "Point",
        "coordinates": [
          -4.2452112,
          55.8375617
        ]
      }
    },
    {
      "type": "Feature",
      "properties": {
        "name": "935A",
        "type": "Points",
        "notes": "IBCL",
        "equipment_number": "762378",
        "section": "Central"
      },
      "geometry": {
        "type": "Point",
        "coordinates": [
          -4.2449592,
          55.8376238
        ]
      }
    },
    {
      "type": "Feature",
      "properties": {
        "name": "935B",
        "type": "Points",
        "notes": "IBCL",
        "equipment_number": "762399",
        "section": "Central"
      },
      "geometry": {
        "type": "Point",
        "coordinates": [
          -4.2436744,
          55.8372179
        ]
      }
    },
    {
      "type": "Feature",
      "properties": {
        "name": "936A",
        "type": "Points",
        "notes": "HW2000",
        "equipment_number": "762397",
        "section": "Central"
      },
      "geometry": {
        "type": "Point",
        "coordinates": [
          -4.2450811,
          55.8375165
        ]
      }
    },
    {
      "type": "Feature",
      "properties": {
        "name": "936B",
        "type": "Points",
        "notes": "HW2000",
        "equipment_number": "762400",
        "section": "Central"
      },
      "geometry": {
        "type": "Point",
        "coordinates": [
          -4.2442305,
          55.8371985
        ]
      }
    },
    {
      "type": "Feature",
      "properties": {
        "name": "939A",
        "type": "Points",
        "notes": "IBCL",
        "equipment_number": "762396",
        "section": "Central"
      },
      "geometry": {
        "type": "Point",
        "coordinates": [
          -4.2421194,
          55.836644
        ]
      }
    },
    {
      "type": "Feature",
      "properties": {
        "name": "939B",
        "type": "Points",
        "notes": "IBCL",
        "equipment_number": "762392",
        "section": "Central"
      },
      "geometry": {
        "type": "Point",
        "coordinates": [
          -4.2407836,
          55.836211
        ]
      }
    },
    {
      "type": "Feature",
      "properties": {
        "name": "941A",
        "type": "Points",
        "notes": "HW2000",
        "equipment_number": "762387",
        "section": "Central"
      },
      "geometry": {
        "type": "Point",
        "coordinates": [
          -4.242232,
          55.8365253
        ]
      }
    },
    {
      "type": "Feature",
      "properties": {
        "name": "941B",
        "type": "Points",
        "notes": "HW2000",
        "equipment_number": [
          {
            "number": "762394",
            "label": "Point"
          },
          {
            "number": "9222219",
            "label": "supp."
          }
        ],
        "section": "Central"
      },
      "geometry": {
        "type": "Point",
        "coordinates": [
          -4.2404794,
          55.8359749
        ]
      }
    },
    {
      "type": "Feature",
      "properties": {
        "name": "949A",
        "type": "Points",
        "notes": "IBCL",
        "equipment_number": "765514",
        "section": "Central"
      },
      "geometry": {
        "type": "Point",
        "coordinates": [
          -4.240705,
          55.8361862
        ]
      }
    },
    {
      "type": "Feature",
      "properties": {
        "name": "949B",
        "type": "Points",
        "notes": "HW2000",
        "equipment_number": "762393",
        "section": "Central"
      },
      "geometry": {
        "type": "Point",
        "coordinates": [
          -4.2398708,
          55.8359482
        ]
      }
    },
    {
      "type": "Feature",
      "properties": {
        "name": "956A",
        "type": "Points",
        "notes": "HW2000",
        "equipment_number": "762404",
        "section": "Central"
      },
      "geometry": {
        "type": "Point",
        "coordinates": [
          -4.2324478,
          55.8331433
        ]
      }
    },
    {
      "type": "Feature",
      "properties": {
        "name": "956B",
        "type": "Points",
        "notes": "HW2000",
        "equipment_number": [
          {
            "number": "762360",
            "label": "Point"
          },
          {
            "number": "9222222",
            "label": "supp."
          }
        ],
        "section": "Central"
      },
      "geometry": {
        "type": "Point",
        "coordinates": [
          -4.2314218,
          55.8328217
        ]
      }
    },
    {
      "type": "Feature",
      "properties": {
        "name": "957A",
        "type": "Points",
        "notes": "HW2000",
        "equipment_number": "762389",
        "section": "Central"
      },
      "geometry": {
        "type": "Point",
        "coordinates": [
          -4.2308883,
          55.8326348
        ]
      }
    },
    {
      "type": "Feature",
      "properties": {
        "name": "957B",
        "type": "Points",
        "notes": "HW2000",
        "equipment_number": "762065",
        "section": "Central"
      },
      "geometry": {
        "type": "Point",
        "coordinates": [
          -4.2296304,
          55.8322311
        ]
      }
    },
    {
      "type": "Feature",
      "properties": {
        "name": "959A",
        "type": "Points",
        "notes": "HW2000",
        "equipment_number": "762439",
        "section": "Central"
      },
      "geometry": {
        "type": "Point",
        "coordinates": [
          -4.2288257,
          55.8320993
        ]
      }
    },
    {
      "type": "Feature",
      "properties": {
        "name": "959B",
        "type": "Points",
        "notes": "HW2000",
        "equipment_number": "761655",
        "section": "Central"
      },
      "geometry": {
        "type": "Point",
        "coordinates": [
          -4.2276858,
          55.8317197
        ]
      }
    },
    {
      "type": "Feature",
      "properties": {
        "name": "961A",
        "type": "Points",
        "notes": "HW2000",
        "equipment_number": "762076",
        "section": "Central"
      },
      "geometry": {
        "type": "Point",
        "coordinates": [
          -4.2294936,
          55.8321904
        ]
      }
    },
    {
      "type": "Feature",
      "properties": {
        "name": "961B",
        "type": "Points",
        "notes": "HW2000",
        "equipment_number": "762115",
        "section": "Central"
      },
      "geometry": {
        "type": "Point",
        "coordinates": [
          -4.2277957,
          55.8317189
        ]
      }
    },
    {
      "type": "Feature",
      "properties": {
        "name": "962A",
        "type": "Points",
        "notes": "IBCL",
        "equipment_number": "762061",
        "section": "Central"
      },
      "geometry": {
        "type": "Point",
        "coordinates": [
          -4.2275396,
          55.8316444
        ]
      }
    },
    {
      "type": "Feature",
      "properties": {
        "name": "962B",
        "type": "Points",
        "notes": "IBCL",
        "equipment_number": "762062",
        "section": "Central"
      },
      "geometry": {
        "type": "Point",
        "coordinates": [
          -4.2262045,
          55.8313604
        ]
      }
    },
    {
      "type": "Feature",
      "properties": {
        "name": "963A",
        "type": "Points",
        "notes": "IBCL",
        "equipment_number": "762063",
        "section": "Central"
      },
      "geometry": {
        "type": "Point",
        "coordinates": [
          -4.2259873,
          55.8313092
        ]
      }
    },
    {
      "type": "Feature",
      "properties": {
        "name": "963B",
        "type": "Points",
        "notes": "IBCL",
        "equipment_number": "762064",
        "section": "Central"
      },
      "geometry": {
        "type": "Point",
        "coordinates": [
          -4.2247132,
          55.8310395
        ]
      }
    },
    {
      "type": "Feature",
      "properties": {
        "name": "965A",
        "type": "Points",
        "notes": "IBCL",
        "equipment_number": "18879149",
        "section": "Central"
      },
      "geometry": {
        "type": "Point",
        "coordinates": [
          -4.2197645,
          55.8304165
        ]
      }
    },
    {
      "type": "Feature",
      "properties": {
        "name": "965B",
        "type": "Points",
        "notes": "HW2000",
        "equipment_number": "762166",
        "section": "Central"
      },
      "geometry": {
        "type": "Point",
        "coordinates": [
          -4.2181222,
          55.8303539
        ]
      }
    },
    {
      "type": "Feature",
      "properties": {
        "name": "966",
        "type": "Points",
        "notes": "HW2000",
        "equipment_number": "762096",
        "section": "Central"
      },
      "geometry": {
        "type": "Point",
        "coordinates": [
          -4.217968,
          55.8303441
        ]
      }
    },
    {
      "type": "Feature",
      "properties": {
        "name": "972A",
        "type": "Points",
        "notes": "HW2000",
        "equipment_number": "762165",
        "section": "Central"
      },
      "geometry": {
        "type": "Point",
        "coordinates": [
          -4.2101755,
          55.8300168
        ]
      }
    },
    {
      "type": "Feature",
      "properties": {
        "name": "972B",
        "type": "Points",
        "notes": "HW2000",
        "equipment_number": "762161",
        "section": "Central"
      },
      "geometry": {
        "type": "Point",
        "coordinates": [
          -4.2088746,
          55.8298942
        ]
      }
    },
    {
      "type": "Feature",
      "properties": {
        "name": "975A",
        "type": "Points",
        "notes": "IBCL",
        "equipment_number": [
          {
            "number": "18879140",
            "label": "Point"
          },
          {
            "number": "18879141",
            "label": "SO"
          }
        ],
        "section": "Central"
      },
      "geometry": {
        "type": "Point",
        "coordinates": [
          -4.2037209,
          55.829333
        ]
      }
    },
    {
      "type": "Feature",
      "properties": {
        "name": "975B",
        "type": "Points",
        "notes": "IBCL",
        "equipment_number": [
          {
            "number": "18879142",
            "label": "Point"
          },
          {
            "number": "18879127",
            "label": "SO"
          }
        ],
        "section": "Central"
      },
      "geometry": {
        "type": "Point",
        "coordinates": [
          -4.2004155,
          55.8289177
        ]
      }
    },
    {
      "type": "Feature",
      "properties": {
        "name": "976A",
        "type": "Points",
        "notes": "IBCL",
        "equipment_number": [
          {
            "number": "18879145",
            "label": "Point"
          },
          {
            "number": "18879143",
            "label": "SO"
          }
        ],
        "section": "Central"
      },
      "geometry": {
        "type": "Point",
        "coordinates": [
          -4.2024781,
          55.829228
        ]
      }
    },
    {
      "type": "Feature",
      "properties": {
        "name": "976B",
        "type": "Points",
        "notes": "IBCL",
        "equipment_number": [
          {
            "number": "18879146",
            "label": "Point"
          },
          {
            "number": "18879144",
            "label": "SO"
          }
        ],
        "section": "Central"
      },
      "geometry": {
        "type": "Point",
        "coordinates": [
          -4.1999596,
          55.8289102
        ]
      }
    },
    {
      "type": "Feature",
      "properties": {
        "name": "979A",
        "type": "Points",
        "notes": "IBCL",
        "equipment_number": "18879147",
        "section": "Central"
      },
      "geometry": {
        "type": "Point",
        "coordinates": [
          -4.2003807,
          55.8289885
        ]
      }
    },
    {
      "type": "Feature",
      "properties": {
        "name": "979B",
        "type": "Points",
        "notes": "IBCL",
        "equipment_number": [
          {
            "number": "18879128",
            "label": "Point"
          },
          {
            "number": "18879129",
            "label": "SO"
          }
        ],
        "section": "Central"
      },
      "geometry": {
        "type": "Point",
        "coordinates": [
          -4.1990154,
          55.8288966
        ]
      }
    },
    {
      "type": "Feature",
      "properties": {
        "name": "980A",
        "type": "Points",
        "notes": "IBCL",
        "equipment_number": [
          {
            "number": "18879130",
            "label": "Point"
          },
          {
            "number": "18879131",
            "label": "SO"
          }
        ],
        "section": "Central"
      },
      "geometry": {
        "type": "Point",
        "coordinates": [
          -4.1998281,
          55.8288499
        ]
      }
    },
    {
      "type": "Feature",
      "properties": {
        "name": "980B",
        "type": "Points",
        "notes": "IBCL",
        "equipment_number": [
          {
            "number": "18879132",
            "label": "Point"
          },
          {
            "number": "18879133",
            "label": "SO"
          }
        ],
        "section": "Central"
      },
      "geometry": {
        "type": "Point",
        "coordinates": [
          -4.1973149,
          55.828538
        ]
      }
    },
    {
      "type": "Feature",
      "properties": {
        "name": "981A",
        "type": "Points",
        "notes": "IBCL",
        "equipment_number": [
          {
            "number": "18879148",
            "label": "Point"
          },
          {
            "number": "18879158",
            "label": "SO"
          }
        ],
        "section": "Central"
      },
      "geometry": {
        "type": "Point",
        "coordinates": [
          -4.1992595,
          55.8288303
        ]
      }
    },
    {
      "type": "Feature",
      "properties": {
        "name": "981B",
        "type": "Points",
        "notes": "IBCL",
        "equipment_number": [
          {
            "number": "18879134",
            "label": "Point"
          },
          {
            "number": "18879135",
            "label": "SO"
          }
        ],
        "section": "Central"
      },
      "geometry": {
        "type": "Point",
        "coordinates": [
          -4.1962474,
          55.8284567
        ]
      }
    },
    {
      "type": "Feature",
      "properties": {
        "name": "987A",
        "type": "Points",
        "notes": "HW2000",
        "equipment_number": "762344",
        "section": "Central"
      },
      "geometry": {
        "type": "Point",
        "coordinates": [
          -4.2150372,
          55.8352893
        ]
      }
    },
    {
      "type": "Feature",
      "properties": {
        "name": "987B",
        "type": "Points",
        "notes": "HW2000",
        "equipment_number": "762364",
        "section": "Central"
      },
      "geometry": {
        "type": "Point",
        "coordinates": [
          -4.2152142,
          55.8359415
        ]
      }
    },
    {
      "type": "Feature",
      "properties": {
        "name": "988A",
        "type": "Points",
        "notes": "HW2000",
        "equipment_number": "762341",
        "section": "Central"
      },
      "geometry": {
        "type": "Point",
        "coordinates": [
          -4.2144512,
          55.8336537
        ]
      }
    },
    {
      "type": "Feature",
      "properties": {
        "name": "988B",
        "type": "Points",
        "notes": "HW2000",
        "equipment_number": "762343",
        "section": "Central"
      },
      "geometry": {
        "type": "Point",
        "coordinates": [
          -4.214596,
          55.8341673
        ]
      }
    },
    {
      "type": "Feature",
      "properties": {
        "name": "994A",
        "type": "Points",
        "notes": "HW2000",
        "equipment_number": "762417",
        "section": "Central"
      },
      "geometry": {
        "type": "Point",
        "coordinates": [
          -4.2112832,
          55.8301909
        ]
      }
    },
    {
      "type": "Feature",
      "properties": {
        "name": "994B",
        "type": "Points",
        "notes": "HW2000",
        "equipment_number": "762350",
        "section": "Central"
      },
      "geometry": {
        "type": "Point",
        "coordinates": [
          -4.210437,
          55.8300787
        ]
      }
    },
    {
      "type": "Feature",
      "properties": {
        "name": "Hawkhead GF (OOU) 499",
        "type": "Points",
        "notes": "",
        "section": "Central"
      },
      "geometry": {
        "type": "Point",
        "coordinates": [
          -4.3879693,
          55.8401572
        ]
      }
    },
    {
      "type": "Feature",
      "properties": {
        "name": "S101",
        "type": "Points",
        "notes": "RCPL",
        "equipment_number": "1418222",
        "section": "Central"
      },
      "geometry": {
        "type": "Point",
        "coordinates": [
          -4.3185361,
          55.8385634
        ]
      }
    },
    {
      "type": "Feature",
      "properties": {
        "name": "S102",
        "type": "Points",
        "notes": "RCPL",
        "equipment_number": "1418225",
        "section": "Central"
      },
      "geometry": {
        "type": "Point",
        "coordinates": [
          -4.3187594,
          55.8384787
        ]
      }
    },
    {
      "type": "Feature",
      "properties": {
        "name": "388A",
        "type": "Points",
        "notes": "EP",
        "equipment_number": "1218727",
        "section": "Central"
      },
      "geometry": {
        "type": "Point",
        "coordinates": [
          -4.2664184,
          55.8492729
        ]
      }
    },
    {
      "type": "Feature",
      "properties": {
        "name": "751",
        "type": "Points",
        "notes": "",
        "section": "Cowlairs",
        "equipment_number": [
          {
            "number": "18262942",
            "label": "Point"
          }
        ]
      },
      "geometry": {
        "type": "Point",
        "coordinates": [
          -4.2504105,
          55.8640914
        ]
      }
    },
    {
      "type": "Feature",
      "properties": {
        "name": "753B",
        "type": "Points",
        "notes": "",
        "section": "Cowlairs",
        "equipment_number": [
          {
            "number": "18262940",
            "label": "Point"
          }
        ]
      },
      "geometry": {
        "type": "Point",
        "coordinates": [
          -4.2505607,
          55.8639334
        ]
      }
    },
    {
      "type": "Feature",
      "properties": {
        "name": "753A",
        "type": "Points",
        "notes": "",
        "section": "Cowlairs",
        "equipment_number": [
          {
            "number": "18262941",
            "label": "Point"
          }
        ]
      },
      "geometry": {
        "type": "Point",
        "coordinates": [
          -4.2502523,
          55.8643677
        ]
      }
    },
    {
      "type": "Feature",
      "properties": {
        "name": "752",
        "type": "Points",
        "notes": "",
        "section": "Cowlairs",
        "equipment_number": [
          {
            "number": "18262937",
            "label": "Point"
          }
        ]
      },
      "geometry": {
        "type": "Point",
        "coordinates": [
          -4.2506506,
          55.8640221
        ]
      }
    },
    {
      "type": "Feature",
      "properties": {
        "name": "750",
        "type": "Points",
        "notes": "",
        "section": "Cowlairs",
        "equipment_number": [
          {
            "number": "18262943",
            "label": "Point"
          }
        ]
      },
      "geometry": {
        "type": "Point",
        "coordinates": [
          -4.2502173,
          55.8644196
        ]
      }
    },
    {
      "type": "Feature",
      "properties": {
        "name": "754",
        "type": "Points",
        "notes": "",
        "section": "Cowlairs",
        "equipment_number": [
          {
            "number": "18262938",
            "label": "Point"
          }
        ]
      },
      "geometry": {
        "type": "Point",
        "coordinates": [
          -4.250465,
          55.8642339
        ]
      }
    },
    {
      "type": "Feature",
      "properties": {
        "name": "749",
        "type": "Points",
        "notes": "",
        "section": "Cowlairs",
        "equipment_number": [
          {
            "number": "18262939",
            "label": "Point"
          }
        ]
      },
      "geometry": {
        "type": "Point",
        "coordinates": [
          -4.2503616,
          55.8643452
        ]
      }
    },
    {
      "type": "Feature",
      "properties": {
        "name": "748A",
        "type": "Points",
        "notes": "",
        "section": "Cowlairs",
        "equipment_number": [
          {
            "number": "18262945",
            "label": "Point"
          }
        ]
      },
      "geometry": {
        "type": "Point",
        "coordinates": [
          -4.2494793,
          55.8656488
        ]
      }
    },
    {
      "type": "Feature",
      "properties": {
        "name": "748B",
        "type": "Points",
        "notes": "",
        "section": "Cowlairs",
        "equipment_number": [
          {
            "number": "18262944",
            "label": "Point"
          }
        ]
      },
      "geometry": {
        "type": "Point",
        "coordinates": [
          -4.2495678,
          55.8651867
        ]
      }
    },
    {
      "type": "Feature",
      "properties": {
        "name": "747B",
        "type": "Points",
        "notes": "",
        "section": "Cowlairs",
        "equipment_number": [
          {
            "number": "18262946",
            "label": "Point"
          }
        ]
      },
      "geometry": {
        "type": "Point",
        "coordinates": [
          -4.2494283,
          55.8657134
        ]
      }
    },
    {
      "type": "Feature",
      "properties": {
        "name": "747A",
        "type": "Points",
        "notes": "",
        "section": "Cowlairs",
        "equipment_number": [
          {
            "number": "18262947",
            "label": "Point"
          }
        ]
      },
      "geometry": {
        "type": "Point",
        "coordinates": [
          -4.2489455,
          55.866329
        ]
      }
    },
    {
      "type": "Feature",
      "properties": {
        "name": "745B",
        "type": "Points",
        "notes": "",
        "section": "Cowlairs",
        "equipment_number": [
          {
            "number": "18761408",
            "label": "supp."
          },
          {
            "number": "479784",
            "label": "Point"
          }
        ]
      },
      "geometry": {
        "type": "Point",
        "coordinates": [
          -4.2411216,
          55.8779072
        ]
      }
    },
    {
      "type": "Feature",
      "properties": {
        "name": "745A",
        "type": "Points",
        "notes": "",
        "section": "Cowlairs",
        "equipment_number": [
          {
            "number": "18259898",
            "label": "supp."
          },
          {
            "number": "1774643",
            "label": "Point"
          }
        ]
      },
      "geometry": {
        "type": "Point",
        "coordinates": [
          -4.2405328,
          55.878695
        ]
      }
    },
    {
      "type": "Feature",
      "properties": {
        "name": "744",
        "type": "Points",
        "notes": "",
        "section": "Cowlairs",
        "equipment_number": [
          {
            "number": "1774621",
            "label": "supp."
          },
          {
            "number": "479906",
            "label": "Point"
          }
        ]
      },
      "geometry": {
        "type": "Point",
        "coordinates": [
          -4.2397151,
          55.8798777
        ]
      }
    },
    {
      "type": "Feature",
      "properties": {
        "name": "743",
        "type": "Points",
        "notes": "",
        "section": "Cowlairs",
        "equipment_number": [
          {
            "number": "479811",
            "label": "Point"
          }
        ]
      },
      "geometry": {
        "type": "Point",
        "coordinates": [
          -4.2391765,
          55.8806191
        ]
      }
    },
    {
      "type": "Feature",
      "properties": {
        "name": "742",
        "type": "Points",
        "notes": "",
        "section": "Cowlairs",
        "equipment_number": [
          {
            "number": "479807",
            "label": "Point"
          }
        ]
      },
      "geometry": {
        "type": "Point",
        "coordinates": [
          -4.238734,
          55.8813082
        ]
      }
    },
    {
      "type": "Feature",
      "properties": {
        "name": "740B",
        "type": "Points",
        "notes": "",
        "section": "Cowlairs",
        "equipment_number": [
          {
            "number": "479816",
            "label": "Point"
          }
        ]
      },
      "geometry": {
        "type": "Point",
        "coordinates": [
          -4.2385717,
          55.883223
        ]
      }
    },
    {
      "type": "Feature",
      "properties": {
        "name": "740A",
        "type": "Points",
        "notes": "",
        "section": "Cowlairs",
        "equipment_number": [
          {
            "number": "479814",
            "label": "Point"
          }
        ]
      },
      "geometry": {
        "type": "Point",
        "coordinates": [
          -4.2387313,
          55.883669
        ]
      }
    },
    {
      "type": "Feature",
      "properties": {
        "name": "739B",
        "type": "Points",
        "notes": "",
        "section": "Cowlairs",
        "equipment_number": [
          {
            "number": "18623780",
            "label": "supp."
          },
          {
            "number": "1774618",
            "label": "supp."
          },
          {
            "number": "479794",
            "label": "Point"
          }
        ]
      },
      "geometry": {
        "type": "Point",
        "coordinates": [
          -4.238793,
          55.8838797
        ]
      }
    },
    {
      "type": "Feature",
      "properties": {
        "name": "739A",
        "type": "Points",
        "notes": "",
        "section": "Cowlairs",
        "equipment_number": [
          {
            "number": "18623779",
            "label": "supp."
          },
          {
            "number": "1774616",
            "label": "supp."
          },
          {
            "number": "479791",
            "label": "Point"
          }
        ]
      },
      "geometry": {
        "type": "Point",
        "coordinates": [
          -4.2392543,
          55.8849447
        ]
      }
    },
    {
      "type": "Feature",
      "properties": {
        "name": "738B",
        "type": "Points",
        "notes": "",
        "section": "Cowlairs",
        "equipment_number": [
          {
            "number": "18623778",
            "label": "supp."
          },
          {
            "number": "479788",
            "label": "Point"
          }
        ]
      },
      "geometry": {
        "type": "Point",
        "coordinates": [
          -4.2395252,
          55.8855352
        ]
      }
    },
    {
      "type": "Feature",
      "properties": {
        "name": "738A",
        "type": "Points",
        "notes": "",
        "section": "Cowlairs",
        "equipment_number": [
          {
            "number": "18623782",
            "label": "supp."
          },
          {
            "number": "479843",
            "label": "Point"
          }
        ]
      },
      "geometry": {
        "type": "Point",
        "coordinates": [
          -4.239839,
          55.8863275
        ]
      }
    },
    {
      "type": "Feature",
      "properties": {
        "name": "736",
        "type": "Points",
        "notes": "",
        "section": "Cowlairs",
        "equipment_number": [
          {
            "number": "479854",
            "label": "Point"
          }
        ]
      },
      "geometry": {
        "type": "Point",
        "coordinates": [
          -4.2401769,
          55.8869288
        ]
      }
    },
    {
      "type": "Feature",
      "properties": {
        "name": "735",
        "type": "Points",
        "notes": "",
        "section": "Cowlairs",
        "equipment_number": [
          {
            "number": "479799",
            "label": "Point"
          }
        ]
      },
      "geometry": {
        "type": "Point",
        "coordinates": [
          -4.2401273,
          55.8869499
        ]
      }
    },
    {
      "type": "Feature",
      "properties": {
        "name": "734",
        "type": "Points",
        "notes": "",
        "section": "Cowlairs",
        "equipment_number": [
          {
            "number": "479798",
            "label": "Point"
          }
        ]
      },
      "geometry": {
        "type": "Point",
        "coordinates": [
          -4.2402118,
          55.8870135
        ]
      }
    },
    {
      "type": "Feature",
      "properties": {
        "name": "733",
        "type": "Points",
        "notes": "",
        "section": "Cowlairs",
        "equipment_number": [
          {
            "number": "479852",
            "label": "Point"
          }
        ]
      },
      "geometry": {
        "type": "Point",
        "coordinates": [
          -4.2401662,
          55.8870339
        ]
      }
    },
    {
      "type": "Feature",
      "properties": {
        "name": "804",
        "type": "Points",
        "notes": "",
        "section": "Cowlairs",
        "equipment_number": [
          {
            "number": "481806",
            "label": "Point"
          }
        ]
      },
      "geometry": {
        "type": "Point",
        "coordinates": [
          -4.239566,
          55.8862284
        ]
      }
    },
    {
      "type": "Feature",
      "properties": {
        "name": "805A",
        "type": "Points",
        "notes": "",
        "section": "Cowlairs",
        "equipment_number": [
          {
            "number": "481803",
            "label": "Point"
          }
        ]
      },
      "geometry": {
        "type": "Point",
        "coordinates": [
          -4.2394278,
          55.8861051
        ]
      }
    },
    {
      "type": "Feature",
      "properties": {
        "name": "805B",
        "type": "Points",
        "notes": "",
        "section": "Cowlairs",
        "equipment_number": [
          {
            "number": "488413",
            "label": "Point"
          }
        ]
      },
      "geometry": {
        "type": "Point",
        "coordinates": [
          -4.2388606,
          55.8855899
        ]
      }
    },
    {
      "type": "Feature",
      "properties": {
        "name": "731B",
        "type": "Points",
        "notes": "",
        "section": "Cowlairs",
        "equipment_number": [
          {
            "number": "488425",
            "label": "Point"
          }
        ]
      },
      "geometry": {
        "type": "Point",
        "coordinates": [
          -4.2403116,
          55.8873566
        ]
      }
    },
    {
      "type": "Feature",
      "properties": {
        "name": "731A",
        "type": "Points",
        "notes": "",
        "section": "Cowlairs",
        "equipment_number": [
          {
            "number": "479846",
            "label": "Point"
          }
        ]
      },
      "geometry": {
        "type": "Point",
        "coordinates": [
          -4.2404608,
          55.8879314
        ]
      }
    },
    {
      "type": "Feature",
      "properties": {
        "name": "730B",
        "type": "Points",
        "notes": "",
        "section": "Cowlairs",
        "equipment_number": [
          {
            "number": "479844",
            "label": "Point"
          }
        ]
      },
      "geometry": {
        "type": "Point",
        "coordinates": [
          -4.2404756,
          55.8879813
        ]
      }
    },
    {
      "type": "Feature",
      "properties": {
        "name": "730A",
        "type": "Points",
        "notes": "",
        "section": "Cowlairs",
        "equipment_number": [
          {
            "number": "479823",
            "label": "Point"
          }
        ]
      },
      "geometry": {
        "type": "Point",
        "coordinates": [
          -4.2405051,
          55.8883084
        ]
      }
    },
    {
      "type": "Feature",
      "properties": {
        "name": "729",
        "type": "Points",
        "notes": "",
        "section": "Cowlairs",
        "equipment_number": [
          {
            "number": "479822",
            "label": "Point"
          }
        ]
      },
      "geometry": {
        "type": "Point",
        "coordinates": [
          -4.2405104,
          55.8883843
        ]
      }
    },
    {
      "type": "Feature",
      "properties": {
        "name": "728",
        "type": "Points",
        "notes": "",
        "section": "Cowlairs",
        "equipment_number": [
          {
            "number": "479828",
            "label": "Point"
          }
        ]
      },
      "geometry": {
        "type": "Point",
        "coordinates": [
          -4.2405319,
          55.8886822
        ]
      }
    },
    {
      "type": "Feature",
      "properties": {
        "name": "807",
        "type": "Points",
        "notes": "",
        "section": "Cowlairs",
        "equipment_number": [
          {
            "number": "481808",
            "label": "Point"
          }
        ]
      },
      "geometry": {
        "type": "Point",
        "coordinates": [
          -4.2331346,
          55.8824615
        ]
      }
    },
    {
      "type": "Feature",
      "properties": {
        "name": "808A",
        "type": "Points",
        "notes": "",
        "section": "Cowlairs",
        "equipment_number": [
          {
            "number": "488515",
            "label": "Point"
          }
        ]
      },
      "geometry": {
        "type": "Point",
        "coordinates": [
          -4.2322709,
          55.8822449
        ]
      }
    },
    {
      "type": "Feature",
      "properties": {
        "name": "808B",
        "type": "Points",
        "notes": "",
        "section": "Cowlairs",
        "equipment_number": [
          {
            "number": "7886506",
            "label": "SO"
          },
          {
            "number": "481713",
            "label": "Point"
          }
        ]
      },
      "geometry": {
        "type": "Point",
        "coordinates": [
          -4.2313456,
          55.8820847
        ]
      }
    },
    {
      "type": "Feature",
      "properties": {
        "name": "727",
        "type": "Points",
        "notes": "",
        "section": "Cowlairs",
        "equipment_number": [
          {
            "number": "479829",
            "label": "Point"
          }
        ]
      },
      "geometry": {
        "type": "Point",
        "coordinates": [
          -4.2405549,
          55.8888846
        ]
      }
    },
    {
      "type": "Feature",
      "properties": {
        "name": "726",
        "type": "Points",
        "notes": "",
        "section": "Cowlairs",
        "equipment_number": [
          {
            "number": "1806163",
            "label": "Point"
          }
        ]
      },
      "geometry": {
        "type": "Point",
        "coordinates": [
          -4.2404999,
          55.8896819
        ]
      }
    },
    {
      "type": "Feature",
      "properties": {
        "name": "723",
        "type": "Points",
        "notes": "",
        "section": "Cowlairs",
        "equipment_number": [
          {
            "number": "479825",
            "label": "Point"
          }
        ]
      },
      "geometry": {
        "type": "Point",
        "coordinates": [
          -4.2408231,
          55.890888
        ]
      }
    },
    {
      "type": "Feature",
      "properties": {
        "name": "722B",
        "type": "Points",
        "notes": "",
        "section": "Cowlairs",
        "equipment_number": [
          {
            "number": "488459",
            "label": "Point"
          }
        ]
      },
      "geometry": {
        "type": "Point",
        "coordinates": [
          -4.2407267,
          55.8913719
        ]
      }
    },
    {
      "type": "Feature",
      "properties": {
        "name": "722A",
        "type": "Points",
        "notes": "",
        "section": "Cowlairs",
        "equipment_number": [
          {
            "number": "488468",
            "label": "Point"
          }
        ]
      },
      "geometry": {
        "type": "Point",
        "coordinates": [
          -4.2405239,
          55.8918865
        ]
      }
    },
    {
      "type": "Feature",
      "properties": {
        "name": "721",
        "type": "Points",
        "notes": "",
        "section": "Cowlairs",
        "equipment_number": [
          {
            "number": "480022",
            "label": "Point"
          }
        ]
      },
      "geometry": {
        "type": "Point",
        "coordinates": [
          -4.2402764,
          55.8925303
        ]
      }
    },
    {
      "type": "Feature",
      "properties": {
        "name": "720B",
        "type": "Points",
        "notes": "",
        "section": "Cowlairs",
        "equipment_number": [
          {
            "number": "479911",
            "label": "Point"
          }
        ]
      },
      "geometry": {
        "type": "Point",
        "coordinates": [
          -4.2400645,
          55.8929545
        ]
      }
    },
    {
      "type": "Feature",
      "properties": {
        "name": "720A",
        "type": "Points",
        "notes": "",
        "section": "Cowlairs",
        "equipment_number": [
          {
            "number": "479834",
            "label": "Point"
          }
        ]
      },
      "geometry": {
        "type": "Point",
        "coordinates": [
          -4.2398151,
          55.8934696
        ]
      }
    },
    {
      "type": "Feature",
      "properties": {
        "name": "717B",
        "type": "Points",
        "notes": "",
        "section": "Cowlairs",
        "equipment_number": [
          {
            "number": "1774603",
            "label": "supp."
          },
          {
            "number": "19181461",
            "label": "Point"
          }
        ]
      },
      "geometry": {
        "type": "Point",
        "coordinates": [
          -4.1963486,
          55.912847
        ]
      }
    },
    {
      "type": "Feature",
      "properties": {
        "name": "717A",
        "type": "Points",
        "notes": "",
        "section": "Cowlairs",
        "equipment_number": [
          {
            "number": "1774608",
            "label": "supp."
          },
          {
            "number": "19181462",
            "label": "Point"
          }
        ]
      },
      "geometry": {
        "type": "Point",
        "coordinates": [
          -4.1948358,
          55.9130439
        ]
      }
    },
    {
      "type": "Feature",
      "properties": {
        "name": "716",
        "type": "Points",
        "notes": "",
        "section": "Cowlairs",
        "equipment_number": [
          {
            "number": "19181459",
            "label": "Point"
          }
        ]
      },
      "geometry": {
        "type": "Point",
        "coordinates": [
          -4.1945689,
          55.9130837
        ]
      }
    },
    {
      "type": "Feature",
      "properties": {
        "name": "715",
        "type": "Points",
        "notes": "",
        "section": "Cowlairs",
        "equipment_number": [
          {
            "number": "19181460",
            "label": "Point"
          }
        ]
      },
      "geometry": {
        "type": "Point",
        "coordinates": [
          -4.194577,
          55.913116
        ]
      }
    },
    {
      "type": "Feature",
      "properties": {
        "name": "714B",
        "type": "Points",
        "notes": "",
        "section": "Cowlairs",
        "equipment_number": [
          {
            "number": "488475",
            "label": "Point"
          }
        ]
      },
      "geometry": {
        "type": "Point",
        "coordinates": [
          -4.1931728,
          55.9132528
        ]
      }
    },
    {
      "type": "Feature",
      "properties": {
        "name": "714A",
        "type": "Points",
        "notes": "",
        "section": "Cowlairs",
        "equipment_number": [
          {
            "number": "19185327",
            "label": "Point"
          }
        ]
      },
      "geometry": {
        "type": "Point",
        "coordinates": [
          -4.1922475,
          55.9133491
        ]
      }
    },
    {
      "type": "Feature",
      "properties": {
        "name": "708A",
        "type": "Points",
        "notes": "",
        "section": "Cowlairs",
        "equipment_number": [
          {
            "number": "19184880",
            "label": "Point"
          }
        ]
      },
      "geometry": {
        "type": "Point",
        "coordinates": [
          -4.1700842,
          55.9170567
        ]
      }
    },
    {
      "type": "Feature",
      "properties": {
        "name": "708B",
        "type": "Points",
        "notes": "",
        "section": "Cowlairs",
        "equipment_number": [
          {
            "number": "19184910",
            "label": "Point"
          }
        ]
      },
      "geometry": {
        "type": "Point",
        "coordinates": [
          -4.17142,
          55.9167426
        ]
      }
    },
    {
      "type": "Feature",
      "properties": {
        "name": "709",
        "type": "Points",
        "notes": "",
        "section": "Cowlairs",
        "equipment_number": [
          {
            "number": "19184911",
            "label": "Point"
          }
        ]
      },
      "geometry": {
        "type": "Point",
        "coordinates": [
          -4.1716607,
          55.9167317
        ]
      }
    },
    {
      "type": "Feature",
      "properties": {
        "name": "710",
        "type": "Points",
        "notes": "",
        "section": "Cowlairs",
        "equipment_number": [
          {
            "number": "19184912",
            "label": "Point"
          }
        ]
      },
      "geometry": {
        "type": "Point",
        "coordinates": [
          -4.173376,
          55.9163709
        ]
      }
    },
    {
      "type": "Feature",
      "properties": {
        "name": "711A",
        "type": "Points",
        "notes": "",
        "section": "Cowlairs",
        "equipment_number": [
          {
            "number": "19184913",
            "label": "Point"
          }
        ]
      },
      "geometry": {
        "type": "Point",
        "coordinates": [
          -4.1750819,
          55.9160275
        ]
      }
    },
    {
      "type": "Feature",
      "properties": {
        "name": "711B",
        "type": "Points",
        "notes": "",
        "section": "Cowlairs",
        "equipment_number": [
          {
            "number": "19184914",
            "label": "Point"
          }
        ]
      },
      "geometry": {
        "type": "Point",
        "coordinates": [
          -4.1761829,
          55.9157915
        ]
      }
    },
    {
      "type": "Feature",
      "properties": {
        "name": "800",
        "type": "Points",
        "notes": "",
        "section": "Cowlairs",
        "equipment_number": [
          {
            "number": "19495236",
            "label": "Point"
          }
        ]
      },
      "geometry": {
        "type": "Point",
        "coordinates": [
          -4.2442152,
          55.8886911
        ]
      }
    },
    {
      "type": "Feature",
      "properties": {
        "name": "801A",
        "type": "Points",
        "notes": "",
        "section": "Cowlairs",
        "equipment_number": [
          {
            "number": "483606",
            "label": "Point"
          }
        ]
      },
      "geometry": {
        "type": "Point",
        "coordinates": [
          -4.2447268,
          55.8886843
        ]
      }
    },
    {
      "type": "Feature",
      "properties": {
        "name": "801B",
        "type": "Points",
        "notes": "",
        "section": "Cowlairs",
        "equipment_number": [
          {
            "number": "483608",
            "label": "Point"
          }
        ]
      },
      "geometry": {
        "type": "Point",
        "coordinates": [
          -4.2456804,
          55.888655
        ]
      }
    },
    {
      "type": "Feature",
      "properties": {
        "name": "802A",
        "type": "Points",
        "notes": "",
        "section": "Cowlairs",
        "equipment_number": [
          {
            "number": "1831067",
            "label": "Point"
          }
        ]
      },
      "geometry": {
        "type": "Point",
        "coordinates": [
          -4.3025593,
          55.8969972
        ]
      }
    },
    {
      "type": "Feature",
      "properties": {
        "name": "802B",
        "type": "Points",
        "notes": "",
        "section": "Cowlairs",
        "equipment_number": [
          {
            "number": "1831066",
            "label": "Point"
          }
        ]
      },
      "geometry": {
        "type": "Point",
        "coordinates": [
          -4.3033157,
          55.8966844
        ]
      }
    },
    {
      "type": "Feature",
      "properties": {
        "name": "803",
        "type": "Points",
        "notes": "",
        "section": "Cowlairs",
        "equipment_number": [
          {
            "number": "1831065",
            "label": "Point"
          }
        ]
      },
      "geometry": {
        "type": "Point",
        "coordinates": [
          -4.3035356,
          55.8966017
        ]
      }
    },
    {
      "type": "Feature",
      "properties": {
        "name": "790",
        "type": "Points",
        "notes": "",
        "section": "Cowlairs",
        "equipment_number": [
          {
            "number": "17749934",
            "label": "Point"
          }
        ]
      },
      "geometry": {
        "type": "Point",
        "coordinates": [
          -4.3156541,
          55.89364
        ]
      }
    },
    {
      "type": "Feature",
      "properties": {
        "name": "809",
        "type": "Points",
        "notes": "",
        "section": "Cowlairs",
        "equipment_number": [
          {
            "number": "9599946",
            "label": "Point"
          }
        ]
      },
      "geometry": {
        "type": "Point",
        "coordinates": [
          -4.2285037,
          55.8812514
        ]
      }
    },
    {
      "type": "Feature",
      "properties": {
        "name": "810A",
        "type": "Points",
        "notes": "",
        "section": "Cowlairs",
        "equipment_number": [
          {
            "number": "488415",
            "label": "Point"
          }
        ]
      },
      "geometry": {
        "type": "Point",
        "coordinates": [
          -4.2275475,
          55.8809648
        ]
      }
    },
    {
      "type": "Feature",
      "properties": {
        "name": "810B",
        "type": "Points",
        "notes": "",
        "section": "Cowlairs",
        "equipment_number": [
          {
            "number": "488405",
            "label": "Point"
          }
        ]
      },
      "geometry": {
        "type": "Point",
        "coordinates": [
          -4.2268823,
          55.8806488
        ]
      }
    },
    {
      "type": "Feature",
      "properties": {
        "name": "811",
        "type": "Points",
        "notes": "",
        "section": "Cowlairs",
        "equipment_number": [
          {
            "number": "488416",
            "label": "Point"
          }
        ]
      },
      "geometry": {
        "type": "Point",
        "coordinates": [
          -4.2267831,
          55.8806029
        ]
      }
    },
    {
      "type": "Feature",
      "properties": {
        "name": "812",
        "type": "Points",
        "notes": "",
        "section": "Cowlairs",
        "equipment_number": [
          {
            "number": "488421",
            "label": "Point"
          }
        ]
      },
      "geometry": {
        "type": "Point",
        "coordinates": [
          -4.226586,
          55.8805977
        ]
      }
    },
    {
      "type": "Feature",
      "properties": {
        "name": "813A",
        "type": "Points",
        "notes": "",
        "section": "Cowlairs",
        "equipment_number": [
          {
            "number": "488420",
            "label": "Point"
          }
        ]
      },
      "geometry": {
        "type": "Point",
        "coordinates": [
          -4.226543,
          55.8805736
        ]
      }
    },
    {
      "type": "Feature",
      "properties": {
        "name": "813B",
        "type": "Points",
        "notes": "",
        "section": "Cowlairs",
        "equipment_number": [
          {
            "number": "488417",
            "label": "Point"
          }
        ]
      },
      "geometry": {
        "type": "Point",
        "coordinates": [
          -4.2259543,
          55.8801915
        ]
      }
    },
    {
      "type": "Feature",
      "properties": {
        "name": "815A",
        "type": "Points",
        "notes": "",
        "section": "Cowlairs",
        "equipment_number": [
          {
            "number": "488419",
            "label": "Point"
          }
        ]
      },
      "geometry": {
        "type": "Point",
        "coordinates": [
          -4.2258618,
          55.8801305
        ]
      }
    },
    {
      "type": "Feature",
      "properties": {
        "name": "814A",
        "type": "Points",
        "notes": "",
        "section": "Cowlairs",
        "equipment_number": [
          {
            "number": "485888",
            "label": "Point"
          }
        ]
      },
      "geometry": {
        "type": "Point",
        "coordinates": [
          -4.2260535,
          55.8801576
        ]
      }
    },
    {
      "type": "Feature",
      "properties": {
        "name": "814B",
        "type": "Points",
        "notes": "",
        "section": "Cowlairs",
        "equipment_number": [
          {
            "number": "485887",
            "label": "Point"
          }
        ]
      },
      "geometry": {
        "type": "Point",
        "coordinates": [
          -4.2254715,
          55.8796844
        ]
      }
    },
    {
      "type": "Feature",
      "properties": {
        "name": "815B",
        "type": "Points",
        "notes": "",
        "section": "Cowlairs",
        "equipment_number": [
          {
            "number": "488418",
            "label": "Point"
          }
        ]
      },
      "geometry": {
        "type": "Point",
        "coordinates": [
          -4.2253159,
          55.8796731
        ]
      }
    },
    {
      "type": "Feature",
      "properties": {
        "name": "816A",
        "type": "Points",
        "notes": "",
        "section": "Cowlairs",
        "equipment_number": [
          {
            "number": "485886",
            "label": "Point"
          }
        ]
      },
      "geometry": {
        "type": "Point",
        "coordinates": [
          -4.2252462,
          55.8794798
        ]
      }
    },
    {
      "type": "Feature",
      "properties": {
        "name": "817A",
        "type": "Points",
        "notes": "",
        "section": "Cowlairs",
        "equipment_number": [
          {
            "number": "9601422",
            "label": "Point"
          }
        ]
      },
      "geometry": {
        "type": "Point",
        "coordinates": [
          -4.2246735,
          55.8789968
        ]
      }
    },
    {
      "type": "Feature",
      "properties": {
        "name": "817B",
        "type": "Points",
        "notes": "",
        "section": "Cowlairs",
        "equipment_number": [
          {
            "number": "9601487",
            "label": "Point"
          }
        ]
      },
      "geometry": {
        "type": "Point",
        "coordinates": [
          -4.2241693,
          55.8785409
        ]
      }
    },
    {
      "type": "Feature",
      "properties": {
        "name": "702",
        "type": "Points",
        "notes": "",
        "section": "Cowlairs",
        "equipment_number": [
          {
            "number": "19261579",
            "label": "Point"
          },
          {
            "number": "19261868",
            "label": "SO"
          }
        ]
      },
      "geometry": {
        "type": "Point",
        "coordinates": [
          -4.0562894,
          55.9495676
        ]
      }
    },
    {
      "type": "Feature",
      "properties": {
        "name": "703",
        "type": "Points",
        "notes": "",
        "section": "Cowlairs",
        "equipment_number": [
          {
            "number": "19261866",
            "label": "Point"
          },
          {
            "number": "19261869",
            "label": "SO"
          }
        ]
      },
      "geometry": {
        "type": "Point",
        "coordinates": [
          -4.0562438,
          55.949542
        ]
      }
    },
    {
      "type": "Feature",
      "properties": {
        "name": "704",
        "type": "Points",
        "notes": "",
        "section": "Cowlairs",
        "equipment_number": [
          {
            "number": "19261867",
            "label": "Point"
          },
          {
            "number": "19261870",
            "label": "SO"
          }
        ]
      },
      "geometry": {
        "type": "Point",
        "coordinates": [
          -4.0655795,
          55.9467782
        ]
      }
    },
    {
      "type": "Feature",
      "properties": {
        "name": "705",
        "type": "Points",
        "notes": "",
        "section": "Cowlairs",
        "equipment_number": [
          {
            "number": "19257483",
            "label": "Point"
          },
          {
            "number": "19257485",
            "label": "SO"
          }
        ]
      },
      "geometry": {
        "type": "Point",
        "coordinates": [
          -4.068369,
          55.9456735
        ]
      }
    },
    {
      "type": "Feature",
      "properties": {
        "name": "858A",
        "type": "Points",
        "notes": "",
        "section": "Cowlairs"
      },
      "geometry": {
        "type": "Point",
        "coordinates": [
          -3.9787219,
          55.9425808
        ]
      }
    },
    {
      "type": "Feature",
      "properties": {
        "name": "858B",
        "type": "Points",
        "notes": "",
        "section": "Cowlairs"
      },
      "geometry": {
        "type": "Point",
        "coordinates": [
          -3.9780044,
          55.9429046
        ]
      }
    },
    {
      "type": "Feature",
      "properties": {
        "name": "857B",
        "type": "Points",
        "notes": "",
        "section": "Cowlairs"
      },
      "geometry": {
        "type": "Point",
        "coordinates": [
          -3.9788944,
          55.9425084
        ]
      }
    },
    {
      "type": "Feature",
      "properties": {
        "name": "857A",
        "type": "Points",
        "notes": "",
        "section": "Cowlairs"
      },
      "geometry": {
        "type": "Point",
        "coordinates": [
          -3.9796387,
          55.9421742
        ]
      }
    },
    {
      "type": "Feature",
      "properties": {
        "name": "854B",
        "type": "Points",
        "notes": "",
        "section": "Cowlairs"
      },
      "geometry": {
        "type": "Point",
        "coordinates": [
          -4.0311672,
          55.9016871
        ]
      }
    },
    {
      "type": "Feature",
      "properties": {
        "name": "854A",
        "type": "Points",
        "notes": "",
        "section": "Cowlairs"
      },
      "geometry": {
        "type": "Point",
        "coordinates": [
          -4.0315936,
          55.9013653
        ]
      }
    },
    {
      "type": "Feature",
      "properties": {
        "name": "853B",
        "type": "Points",
        "notes": "",
        "section": "Cowlairs"
      },
      "geometry": {
        "type": "Point",
        "coordinates": [
          -4.0386222,
          55.8954149
        ]
      }
    },
    {
      "type": "Feature",
      "properties": {
        "name": "853A",
        "type": "Points",
        "notes": "",
        "section": "Cowlairs"
      },
      "geometry": {
        "type": "Point",
        "coordinates": [
          -4.0391184,
          55.8949441
        ]
      }
    },
    {
      "type": "Feature",
      "properties": {
        "name": "851",
        "type": "Points",
        "notes": "",
        "section": "Cowlairs",
        "equipment_number": [
          {
            "number": "486951",
            "label": "Point"
          }
        ]
      },
      "geometry": {
        "type": "Point",
        "coordinates": [
          -4.0410271,
          55.8932943
        ]
      }
    },
    {
      "type": "Feature",
      "properties": {
        "name": "852",
        "type": "Points",
        "notes": "",
        "section": "Cowlairs"
      },
      "geometry": {
        "type": "Point",
        "coordinates": [
          -4.0409923,
          55.8932695
        ]
      }
    },
    {
      "type": "Feature",
      "properties": {
        "name": "900",
        "type": "Points",
        "notes": "",
        "section": "Cowlairs",
        "equipment_number": [
          {
            "number": "485891",
            "label": "Point"
          }
        ]
      },
      "geometry": {
        "type": "Point",
        "coordinates": [
          -4.0718674,
          55.8844905
        ]
      }
    },
    {
      "type": "Feature",
      "properties": {
        "name": "901A",
        "type": "Points",
        "notes": "",
        "section": "Cowlairs",
        "equipment_number": [
          {
            "number": "485889",
            "label": "Point"
          }
        ]
      },
      "geometry": {
        "type": "Point",
        "coordinates": [
          -4.0720189,
          55.884507
        ]
      }
    },
    {
      "type": "Feature",
      "properties": {
        "name": "901B",
        "type": "Points",
        "notes": "",
        "section": "Cowlairs",
        "equipment_number": [
          {
            "number": "485900",
            "label": "Point"
          }
        ]
      },
      "geometry": {
        "type": "Point",
        "coordinates": [
          -4.072951,
          55.8846567
        ]
      }
    },
    {
      "type": "Feature",
      "properties": {
        "name": "816B",
        "type": "Points",
        "notes": "",
        "section": "Cowlairs",
        "equipment_number": [
          {
            "number": "485885",
            "label": "Point"
          }
        ]
      },
      "geometry": {
        "type": "Point",
        "coordinates": [
          -4.2249783,
          55.8791109
        ]
      }
    },
    {
      "type": "Feature",
      "properties": {
        "name": "850B",
        "type": "Points",
        "notes": "",
        "section": "Cowlairs"
      },
      "geometry": {
        "type": "Point",
        "coordinates": [
          -4.041413,
          55.8929078
        ]
      }
    },
    {
      "type": "Feature",
      "properties": {
        "name": "850A",
        "type": "Points",
        "notes": "",
        "section": "Cowlairs"
      },
      "geometry": {
        "type": "Point",
        "coordinates": [
          -4.0414854,
          55.8928461
        ]
      }
    },
    {
      "type": "Feature",
      "properties": {
        "name": "122B",
        "type": "Points",
        "notes": "",
        "section": "Sunnyside",
        "equipment_number": [
          {
            "number": "000000480994",
            "label": "Point"
          },
          {
            "number": "000003068599",
            "label": "Stretcher Bar"
          },
          {
            "number": "000003068602",
            "label": "Stretcher Bar"
          }
        ]
      },
      "geometry": {
        "type": "Point",
        "coordinates": [
          -3.9836015,
          55.8638917
        ]
      }
    },
    {
      "type": "Feature",
      "properties": {
        "name": "123",
        "type": "Points",
        "notes": "",
        "section": "Sunnyside",
        "equipment_number": [
          {
            "number": "000000488423",
            "label": "Point"
          },
          {
            "number": "000018816015",
            "label": "Stretcher Bar"
          },
          {
            "number": "000018816016",
            "label": "Stretcher Bar"
          }
        ]
      },
      "geometry": {
        "type": "Point",
        "coordinates": [
          -3.9838701,
          55.8639446
        ]
      }
    },
    {
      "type": "Feature",
      "properties": {
        "name": "122A",
        "type": "Points",
        "notes": "",
        "section": "Sunnyside",
        "equipment_number": [
          {
            "number": "000000480999",
            "label": "Point"
          },
          {
            "number": "000003068548",
            "label": "Stretcher Bar"
          }
        ]
      },
      "geometry": {
        "type": "Point",
        "coordinates": [
          -3.9845757,
          55.8639448
        ]
      }
    },
    {
      "type": "Feature",
      "properties": {
        "name": "126",
        "type": "Points",
        "notes": "",
        "section": "Sunnyside",
        "equipment_number": [
          {
            "number": "000000481018",
            "label": "Point"
          },
          {
            "number": "000017761185",
            "label": "Stretcher Bar"
          },
          {
            "number": "000017761186",
            "label": "Stretcher Bar"
          }
        ]
      },
      "geometry": {
        "type": "Point",
        "coordinates": [
          -3.9849884,
          55.863924
        ]
      }
    },
    {
      "type": "Feature",
      "properties": {
        "name": "127B",
        "type": "Points",
        "notes": "",
        "section": "Sunnyside",
        "equipment_number": [
          {
            "number": "000000471166",
            "label": "SO"
          },
          {
            "number": "000000481020",
            "label": "Point"
          },
          {
            "number": "000003069773",
            "label": "Stretcher Bar"
          },
          {
            "number": "000003069775",
            "label": "Stretcher Bar"
          }
        ]
      },
      "geometry": {
        "type": "Point",
        "coordinates": [
          -3.9852337,
          55.8639043
        ]
      }
    },
    {
      "type": "Feature",
      "properties": {
        "name": "127A",
        "type": "Points",
        "notes": "",
        "section": "Sunnyside",
        "equipment_number": [
          {
            "number": "000002921112",
            "label": "Point"
          },
          {
            "number": "000003069742",
            "label": "Stretcher Bar"
          },
          {
            "number": "000003069745",
            "label": "Stretcher Bar"
          },
          {
            "number": "000008429353",
            "label": "SO"
          }
        ]
      },
      "geometry": {
        "type": "Point",
        "coordinates": [
          -3.9861557,
          55.863861
        ]
      }
    },
    {
      "type": "Feature",
      "properties": {
        "name": "131",
        "type": "Points",
        "notes": "",
        "section": "Sunnyside",
        "equipment_number": [
          {
            "number": "000000481076",
            "label": "Point"
          },
          {
            "number": "000003071127",
            "label": "Stretcher Bar"
          }
        ]
      },
      "geometry": {
        "type": "Point",
        "coordinates": [
          -4.0300055,
          55.8674066
        ]
      }
    },
    {
      "type": "Feature",
      "properties": {
        "name": "137B",
        "type": "Points",
        "notes": "",
        "section": "Sunnyside",
        "equipment_number": [
          {
            "number": "000000470448",
            "label": "SO"
          },
          {
            "number": "000000481026",
            "label": "Point"
          }
        ]
      },
      "geometry": {
        "type": "Point",
        "coordinates": [
          -4.0306381,
          55.8676334
        ]
      }
    },
    {
      "type": "Feature",
      "properties": {
        "name": "137A",
        "type": "Points",
        "notes": "",
        "section": "Sunnyside",
        "equipment_number": [
          {
            "number": "000000470427",
            "label": "SO"
          },
          {
            "number": "000000480976",
            "label": "Point"
          },
          {
            "number": "000019371580",
            "label": "Stretcher Bar"
          }
        ]
      },
      "geometry": {
        "type": "Point",
        "coordinates": [
          -4.0317363,
          55.8679457
        ]
      }
    },
    {
      "type": "Feature",
      "properties": {
        "name": "142B",
        "type": "Points",
        "notes": "",
        "section": "Sunnyside",
        "equipment_number": [
          {
            "number": "000000481435",
            "label": "Point"
          },
          {
            "number": "000003074504",
            "label": "Stretcher Bar"
          },
          {
            "number": "000003074506",
            "label": "Stretcher Bar"
          },
          {
            "number": "000003074509",
            "label": "Stretcher Bar"
          },
          {
            "number": "000003074513",
            "label": "Stretcher Bar"
          },
          {
            "number": "000019540449",
            "label": "SO"
          }
        ]
      },
      "geometry": {
        "type": "Point",
        "coordinates": [
          -4.1422017,
          55.8533766
        ]
      }
    },
    {
      "type": "Feature",
      "properties": {
        "name": "142A",
        "type": "Points",
        "notes": "",
        "section": "Sunnyside",
        "equipment_number": [
          {
            "number": "000000481461",
            "label": "Point"
          },
          {
            "number": "000003074483",
            "label": "Stretcher Bar"
          },
          {
            "number": "000003074486",
            "label": "Stretcher Bar"
          },
          {
            "number": "000003074489",
            "label": "Stretcher Bar"
          },
          {
            "number": "000003074492",
            "label": "Stretcher Bar"
          },
          {
            "number": "000019561640",
            "label": "SO"
          }
        ]
      },
      "geometry": {
        "type": "Point",
        "coordinates": [
          -4.1435645,
          55.853369
        ]
      }
    },
    {
      "type": "Feature",
      "properties": {
        "name": "143A",
        "type": "Points",
        "notes": "",
        "section": "Sunnyside",
        "equipment_number": [
          {
            "number": "000000481395",
            "label": "Point"
          },
          {
            "number": "000003074682",
            "label": "Stretcher Bar"
          },
          {
            "number": "000003074685",
            "label": "Stretcher Bar"
          }
        ]
      },
      "geometry": {
        "type": "Point",
        "coordinates": [
          -4.1442949,
          55.8534095
        ]
      }
    },
    {
      "type": "Feature",
      "properties": {
        "name": "144B",
        "type": "Points",
        "notes": "",
        "section": "Sunnyside",
        "equipment_number": [
          {
            "number": "000000481447",
            "label": "Point"
          },
          {
            "number": "000003074845",
            "label": "Stretcher Bar"
          },
          {
            "number": "000003074847",
            "label": "Stretcher Bar"
          },
          {
            "number": "000003074850",
            "label": "Stretcher Bar"
          },
          {
            "number": "000003074853",
            "label": "Stretcher Bar"
          },
          {
            "number": "000019540469",
            "label": "SO"
          }
        ]
      },
      "geometry": {
        "type": "Point",
        "coordinates": [
          -4.1440732,
          55.8533823
        ]
      }
    },
    {
      "type": "Feature",
      "properties": {
        "name": "144A",
        "type": "Points",
        "notes": "",
        "section": "Sunnyside",
        "equipment_number": [
          {
            "number": "000000481401",
            "label": "Point"
          },
          {
            "number": "000003074824",
            "label": "Stretcher Bar"
          },
          {
            "number": "000003074826",
            "label": "Stretcher Bar"
          }
        ]
      },
      "geometry": {
        "type": "Point",
        "coordinates": [
          -4.1453463,
          55.8533723
        ]
      }
    },
    {
      "type": "Feature",
      "properties": {
        "name": "152B",
        "type": "Points",
        "notes": "",
        "section": "Sunnyside",
        "equipment_number": [
          {
            "number": "000000481415",
            "label": "Point"
          },
          {
            "number": "000003077027",
            "label": "Stretcher Bar"
          },
          {
            "number": "000003077033",
            "label": "Stretcher Bar"
          }
        ]
      },
      "geometry": {
        "type": "Point",
        "coordinates": [
          -4.1570847,
          55.8535611
        ]
      }
    },
    {
      "type": "Feature",
      "properties": {
        "name": "152A",
        "type": "Points",
        "notes": "",
        "section": "Sunnyside",
        "equipment_number": [
          {
            "number": "000000481445",
            "label": "Point"
          },
          {
            "number": "000003076991",
            "label": "Stretcher Bar"
          },
          {
            "number": "000003076993",
            "label": "Stretcher Bar"
          },
          {
            "number": "000003076997",
            "label": "Stretcher Bar"
          },
          {
            "number": "000007989235",
            "label": "Stretcher Bar"
          },
          {
            "number": "000019542086",
            "label": "SO"
          }
        ]
      },
      "geometry": {
        "type": "Point",
        "coordinates": [
          -4.1584697,
          55.8536224
        ]
      }
    },
    {
      "type": "Feature",
      "properties": {
        "name": "153B",
        "type": "Points",
        "notes": "",
        "section": "Sunnyside",
        "equipment_number": [
          {
            "number": "000000470392",
            "label": "SO"
          },
          {
            "number": "000000481502",
            "label": "Point"
          },
          {
            "number": "000003077284",
            "label": "Stretcher Bar"
          },
          {
            "number": "000003077288",
            "label": "Stretcher Bar"
          },
          {
            "number": "000003077292",
            "label": "Stretcher Bar"
          },
          {
            "number": "000003077295",
            "label": "Stretcher Bar"
          }
        ]
      },
      "geometry": {
        "type": "Point",
        "coordinates": [
          -4.1614197,
          55.853663
        ]
      }
    },
    {
      "type": "Feature",
      "properties": {
        "name": "153A",
        "type": "Points",
        "notes": "",
        "section": "Sunnyside",
        "equipment_number": [
          {
            "number": "000000481517",
            "label": "Point"
          },
          {
            "number": "000003077244",
            "label": "Stretcher Bar"
          },
          {
            "number": "000003077247",
            "label": "Stretcher Bar"
          }
        ]
      },
      "geometry": {
        "type": "Point",
        "coordinates": [
          -4.1629744,
          55.8537311
        ]
      }
    },
    {
      "type": "Feature",
      "properties": {
        "name": "157",
        "type": "Points",
        "notes": "",
        "section": "Sunnyside",
        "equipment_number": [
          {
            "number": "000000470387",
            "label": "SO"
          },
          {
            "number": "000000481495",
            "label": "Point"
          },
          {
            "number": "000007989234",
            "label": "Stretcher Bar"
          },
          {
            "number": "000008429359",
            "label": "SO"
          },
          {
            "number": "000019000017",
            "label": "Stretcher Bar"
          },
          {
            "number": "000019000034",
            "label": "Stretcher Bar"
          },
          {
            "number": "000019000035",
            "label": "Stretcher Bar"
          },
          {
            "number": "000019000036",
            "label": "Stretcher Bar"
          }
        ]
      },
      "geometry": {
        "type": "Point",
        "coordinates": [
          -4.2196009,
          55.8564625
        ]
      }
    },
    {
      "type": "Feature",
      "properties": {
        "name": "158B",
        "type": "Points",
        "notes": "",
        "section": "Sunnyside",
        "equipment_number": [
          {
            "number": "000000470359",
            "label": "SO"
          },
          {
            "number": "000000481491",
            "label": "Point"
          },
          {
            "number": "000007989233",
            "label": "Stretcher Bar"
          },
          {
            "number": "000018998624",
            "label": "Stretcher Bar"
          },
          {
            "number": "000018998625",
            "label": "Stretcher Bar"
          },
          {
            "number": "000019000018",
            "label": "Stretcher Bar"
          },
          {
            "number": "000019000039",
            "label": "Stretcher Bar"
          }
        ]
      },
      "geometry": {
        "type": "Point",
        "coordinates": [
          -4.220835,
          55.8564223
        ]
      }
    },
    {
      "type": "Feature",
      "properties": {
        "name": "158A",
        "type": "Points",
        "notes": "",
        "section": "Sunnyside",
        "equipment_number": [
          {
            "number": "000000470338",
            "label": "SO"
          },
          {
            "number": "000000481372",
            "label": "Point"
          }
        ]
      },
      "geometry": {
        "type": "Point",
        "coordinates": [
          -4.2225511,
          55.8564752
        ]
      }
    },
    {
      "type": "Feature",
      "properties": {
        "name": "156",
        "type": "Points",
        "notes": "",
        "section": "Sunnyside",
        "equipment_number": [
          {
            "number": "000000493219",
            "label": "SO"
          },
          {
            "number": "000001720654",
            "label": "Point"
          },
          {
            "number": "000003077801",
            "label": "Stretcher Bar"
          },
          {
            "number": "000003077804",
            "label": "Stretcher Bar"
          },
          {
            "number": "000003077806",
            "label": "Stretcher Bar"
          },
          {
            "number": "000003077809",
            "label": "Stretcher Bar"
          },
          {
            "number": "000008429357",
            "label": "SO"
          }
        ]
      },
      "geometry": {
        "type": "Point",
        "coordinates": [
          -4.2186103,
          55.8565904
        ]
      }
    },
    {
      "type": "Feature",
      "properties": {
        "name": "146A GF",
        "type": "Points",
        "notes": "",
        "section": "Sunnyside"
      },
      "geometry": {
        "type": "Point",
        "coordinates": [
          -4.1543876,
          55.8535221
        ]
      }
    },
    {
      "type": "Feature",
      "properties": {
        "name": "146B GF",
        "type": "Points",
        "notes": "",
        "section": "Sunnyside"
      },
      "geometry": {
        "type": "Point",
        "coordinates": [
          -4.1533952,
          55.8534604
        ]
      }
    },
    {
      "type": "Feature",
      "properties": {
        "name": "Workshops GF",
        "type": "Points",
        "notes": "",
        "section": "Sunnyside"
      },
      "geometry": {
        "type": "Point",
        "coordinates": [
          -4.1568828,
          55.8535558
        ]
      }
    }
  ]
}
