{
  "type": "FeatureCollection",
  "features": [
    {
      "type": "Feature",
      "properties": {
        "name": "704 T",
        "type": "Tracks",
        "notes": "",
        "colour": "#7cb342",
        "equipment_number": "758002",
        "section": "Central"
      },
      "geometry": {
        "type": "LineString",
        "coordinates": [
          [
            -4.4236,
            55.840117
          ],
          [
            -4.42217,
            55.840258
          ],
          [
            -4.42114,
            55.84035
          ],
          [
            -4.420574,
            55.840377
          ],
          [
            -4.420051,
            55.840367
          ],
          [
            -4.419531,
            55.840329
          ],
          [
            -4.418887,
            55.84023
          ],
          [
            -4.4183,
            55.840088
          ],
          [
            -4.417742,
            55.8399
          ],
          [
            -4.417337,
            55.839716
          ],
          [
            -4.416765,
            55.839412
          ],
          [
            -4.416052,
            55.839016
          ],
          [
            -4.415537,
            55.83876
          ],
          [
            -4.414984,
            55.838531
          ],
          [
            -4.414429,
            55.838359
          ],
          [
            -4.413619,
            55.83818
          ],
          [
            -4.412755,
            55.838071
          ],
          [
            -4.412077,
            55.838037
          ],
          [
            -4.411406,
            55.838038
          ],
          [
            -4.410875,
            55.838074
          ],
          [
            -4.410269,
            55.83815
          ],
          [
            -4.409789,
            55.838236
          ]
        ]
      }
    },
    {
      "type": "Feature",
      "properties": {
        "name": "703 T",
        "type": "Tracks",
        "notes": "",
        "colour": "#a52714",
        "equipment_number": "758003",
        "section": "Central"
      },
      "geometry": {
        "type": "LineString",
        "coordinates": [
          [
            -4.409789,
            55.838236
          ],
          [
            -4.409275,
            55.838358
          ],
          [
            -4.40879,
            55.838505
          ],
          [
            -4.40832,
            55.838678
          ],
          [
            -4.407811,
            55.838911
          ],
          [
            -4.407422,
            55.839131
          ],
          [
            -4.407164,
            55.839304
          ],
          [
            -4.406879,
            55.839526
          ],
          [
            -4.406591,
            55.8398
          ],
          [
            -4.406071,
            55.840332
          ],
          [
            -4.405449,
            55.84084
          ],
          [
            -4.404698,
            55.841264
          ],
          [
            -4.403814,
            55.841576
          ],
          [
            -4.402865,
            55.841804
          ],
          [
            -4.401664,
            55.841953
          ],
          [
            -4.400452,
            55.84203
          ],
          [
            -4.397609,
            55.842192
          ],
          [
            -4.396398,
            55.842255
          ],
          [
            -4.395462,
            55.842199
          ],
          [
            -4.394532,
            55.842115
          ],
          [
            -4.393586,
            55.841984
          ],
          [
            -4.392992,
            55.84187
          ],
          [
            -4.392406,
            55.84174
          ]
        ]
      }
    },
    {
      "type": "Feature",
      "properties": {
        "name": "702 T",
        "type": "Tracks",
        "notes": "",
        "colour": "#7cb342",
        "equipment_number": "758004",
        "section": "Central"
      },
      "geometry": {
        "type": "LineString",
        "coordinates": [
          [
            -4.390022,
            55.840968
          ],
          [
            -4.390795,
            55.84126
          ],
          [
            -4.391492,
            55.841492
          ],
          [
            -4.39234,
            55.841723
          ],
          [
            -4.392406,
            55.84174
          ]
        ]
      }
    },
    {
      "type": "Feature",
      "properties": {
        "name": "701 T",
        "type": "Tracks",
        "notes": "",
        "colour": "#a52714",
        "equipment_number": "758005",
        "section": "Central"
      },
      "geometry": {
        "type": "LineString",
        "coordinates": [
          [
            -4.390022,
            55.840968
          ],
          [
            -4.389628,
            55.84081
          ],
          [
            -4.387686,
            55.840046
          ]
        ]
      }
    },
    {
      "type": "Feature",
      "properties": {
        "name": "700 T",
        "type": "Tracks",
        "notes": "",
        "colour": "#7cb342",
        "equipment_number": "758006",
        "section": "Central"
      },
      "geometry": {
        "type": "LineString",
        "coordinates": [
          [
            -4.385316,
            55.839172
          ],
          [
            -4.38567,
            55.839287
          ],
          [
            -4.386107,
            55.839436
          ],
          [
            -4.386603,
            55.839624
          ],
          [
            -4.387686,
            55.840046
          ]
        ]
      }
    },
    {
      "type": "Feature",
      "properties": {
        "name": "699 T",
        "type": "Tracks",
        "notes": "",
        "colour": "#a52714",
        "equipment_number": "758007",
        "section": "Central"
      },
      "geometry": {
        "type": "LineString",
        "coordinates": [
          [
            -4.385316,
            55.839172
          ],
          [
            -4.384697,
            55.839011
          ],
          [
            -4.384188,
            55.838894
          ],
          [
            -4.383518,
            55.83877
          ],
          [
            -4.382896,
            55.838677
          ],
          [
            -4.382062,
            55.838591
          ],
          [
            -4.381493,
            55.838549
          ],
          [
            -4.380852,
            55.838522
          ],
          [
            -4.380061,
            55.838517
          ],
          [
            -4.379066,
            55.838558
          ],
          [
            -4.378296,
            55.838621
          ],
          [
            -4.377119,
            55.838781
          ],
          [
            -4.376504,
            55.838894
          ],
          [
            -4.375716,
            55.839072
          ],
          [
            -4.374764,
            55.839337
          ],
          [
            -4.373812,
            55.839677
          ],
          [
            -4.372403,
            55.840281
          ]
        ]
      }
    },
    {
      "type": "Feature",
      "properties": {
        "name": "698 T",
        "type": "Tracks",
        "notes": "",
        "colour": "#7cb342",
        "equipment_number": "758008",
        "section": "Central"
      },
      "geometry": {
        "type": "LineString",
        "coordinates": [
          [
            -4.372403,
            55.840281
          ],
          [
            -4.371964,
            55.840474
          ],
          [
            -4.37137,
            55.840715
          ],
          [
            -4.370734,
            55.840947
          ],
          [
            -4.37031,
            55.841084
          ],
          [
            -4.369983,
            55.841183
          ]
        ]
      }
    },
    {
      "type": "Feature",
      "properties": {
        "name": "697 T",
        "type": "Tracks",
        "notes": "",
        "colour": "#a52714",
        "equipment_number": "758120",
        "section": "Central"
      },
      "geometry": {
        "type": "LineString",
        "coordinates": [
          [
            -4.369983,
            55.841183
          ],
          [
            -4.369441,
            55.841326
          ],
          [
            -4.369022,
            55.84143
          ],
          [
            -4.368172,
            55.841617
          ],
          [
            -4.364438,
            55.842411
          ],
          [
            -4.364369,
            55.842426
          ]
        ]
      }
    },
    {
      "type": "Feature",
      "properties": {
        "name": "696 T",
        "type": "Tracks",
        "notes": "",
        "colour": "#7cb342",
        "equipment_number": "758229",
        "section": "Central"
      },
      "geometry": {
        "type": "LineString",
        "coordinates": [
          [
            -4.362451,
            55.842875
          ],
          [
            -4.362907,
            55.842763
          ],
          [
            -4.364369,
            55.842426
          ],
          [
            -4.363759,
            55.842554
          ],
          [
            -4.362426,
            55.842845
          ]
        ]
      }
    },
    {
      "type": "Feature",
      "properties": {
        "name": "695 T",
        "type": "Tracks",
        "notes": "",
        "colour": "#a52714",
        "equipment_number": "758080",
        "section": "Central"
      },
      "geometry": {
        "type": "LineString",
        "coordinates": [
          [
            -4.362426,
            55.842845
          ],
          [
            -4.361625,
            55.843019
          ],
          [
            -4.360968,
            55.843145
          ],
          [
            -4.360284,
            55.843252
          ],
          [
            -4.359673,
            55.843318
          ],
          [
            -4.35905,
            55.843359
          ],
          [
            -4.358428,
            55.843368
          ],
          [
            -4.357884,
            55.843357
          ],
          [
            -4.357613,
            55.843339
          ]
        ]
      }
    },
    {
      "type": "Feature",
      "properties": {
        "name": "694 T",
        "type": "Tracks",
        "notes": "",
        "colour": "#ffea00",
        "equipment_number": "758194",
        "section": "Central"
      },
      "geometry": {
        "type": "LineString",
        "coordinates": [
          [
            -4.362451,
            55.842875
          ],
          [
            -4.361264,
            55.843123
          ],
          [
            -4.36074,
            55.843218
          ],
          [
            -4.360038,
            55.843316
          ],
          [
            -4.359316,
            55.843377
          ],
          [
            -4.358624,
            55.843401
          ],
          [
            -4.35812,
            55.843398
          ],
          [
            -4.357702,
            55.843378
          ],
          [
            -4.357213,
            55.843348
          ],
          [
            -4.35676,
            55.843297
          ],
          [
            -4.356301,
            55.84323
          ],
          [
            -4.356028,
            55.843182
          ]
        ]
      }
    },
    {
      "type": "Feature",
      "properties": {
        "name": "693 T",
        "type": "Tracks",
        "notes": "",
        "colour": "#7cb342",
        "equipment_number": "758195",
        "section": "Central"
      },
      "geometry": {
        "type": "LineString",
        "coordinates": [
          [
            -4.357613,
            55.843339
          ],
          [
            -4.357076,
            55.8433
          ],
          [
            -4.356368,
            55.84321
          ],
          [
            -4.355767,
            55.843104
          ],
          [
            -4.355223,
            55.842979
          ],
          [
            -4.354649,
            55.842814
          ],
          [
            -4.354255,
            55.842677
          ],
          [
            -4.353988,
            55.842575
          ],
          [
            -4.353378,
            55.842317
          ]
        ]
      }
    },
    {
      "type": "Feature",
      "properties": {
        "name": "692 T",
        "type": "Tracks",
        "notes": "",
        "colour": "#0288d1",
        "equipment_number": "758196",
        "section": "Central"
      },
      "geometry": {
        "type": "LineString",
        "coordinates": [
          [
            -4.356028,
            55.843182
          ],
          [
            -4.355531,
            55.843085
          ],
          [
            -4.355252,
            55.843021
          ],
          [
            -4.354754,
            55.842883
          ],
          [
            -4.354357,
            55.84275
          ],
          [
            -4.353896,
            55.842577
          ],
          [
            -4.353586,
            55.842444
          ],
          [
            -4.35336,
            55.842338
          ]
        ]
      }
    },
    {
      "type": "Feature",
      "properties": {
        "name": "691 T",
        "type": "Tracks",
        "notes": "",
        "colour": "#a52714",
        "equipment_number": "758197",
        "section": "Central"
      },
      "geometry": {
        "type": "LineString",
        "coordinates": [
          [
            -4.35336,
            55.842338
          ],
          [
            -4.352957,
            55.842141
          ],
          [
            -4.352423,
            55.841886
          ],
          [
            -4.353378,
            55.842317
          ]
        ]
      }
    },
    {
      "type": "Feature",
      "properties": {
        "name": "690 T",
        "type": "Tracks",
        "notes": "",
        "colour": "#7cb342",
        "equipment_number": "758015",
        "section": "Central"
      },
      "geometry": {
        "type": "LineString",
        "coordinates": [
          [
            -4.352423,
            55.841886
          ],
          [
            -4.351774,
            55.841603
          ],
          [
            -4.351303,
            55.841422
          ],
          [
            -4.350903,
            55.84129
          ],
          [
            -4.350424,
            55.841155
          ],
          [
            -4.349936,
            55.841043
          ],
          [
            -4.349411,
            55.840945
          ],
          [
            -4.348562,
            55.840824
          ],
          [
            -4.347324,
            55.840663
          ],
          [
            -4.346664,
            55.840553
          ],
          [
            -4.345952,
            55.840409
          ],
          [
            -4.345417,
            55.840289
          ],
          [
            -4.34397,
            55.839912
          ],
          [
            -4.343462,
            55.839787
          ],
          [
            -4.342972,
            55.83968
          ],
          [
            -4.342559,
            55.8396
          ]
        ]
      }
    },
    {
      "type": "Feature",
      "properties": {
        "name": "688 T",
        "type": "Tracks",
        "notes": "",
        "colour": "#a52714",
        "equipment_number": "758016",
        "section": "Central"
      },
      "geometry": {
        "type": "LineString",
        "coordinates": [
          [
            -4.339695,
            55.83924
          ],
          [
            -4.340408,
            55.839314
          ],
          [
            -4.341082,
            55.83938
          ],
          [
            -4.341728,
            55.839463
          ],
          [
            -4.342559,
            55.8396
          ]
        ]
      }
    },
    {
      "type": "Feature",
      "properties": {
        "name": "687 T",
        "type": "Tracks",
        "notes": "",
        "colour": "#7cb342",
        "equipment_number": "758027",
        "section": "Central"
      },
      "geometry": {
        "type": "LineString",
        "coordinates": [
          [
            -4.335452,
            55.838046
          ],
          [
            -4.336066,
            55.838337
          ],
          [
            -4.33679,
            55.838617
          ],
          [
            -4.337509,
            55.838837
          ],
          [
            -4.33819,
            55.839006
          ],
          [
            -4.338898,
            55.839141
          ],
          [
            -4.339479,
            55.839216
          ],
          [
            -4.339695,
            55.83924
          ]
        ]
      }
    },
    {
      "type": "Feature",
      "properties": {
        "name": "686 T",
        "type": "Tracks",
        "notes": "",
        "colour": "#a52714",
        "equipment_number": "758018",
        "section": "Central"
      },
      "geometry": {
        "type": "LineString",
        "coordinates": [
          [
            -4.324275,
            55.836615
          ],
          [
            -4.324728,
            55.836473
          ],
          [
            -4.325267,
            55.836333
          ],
          [
            -4.325788,
            55.836222
          ],
          [
            -4.326297,
            55.836134
          ],
          [
            -4.32696,
            55.836045
          ],
          [
            -4.327534,
            55.836
          ],
          [
            -4.328022,
            55.83598
          ],
          [
            -4.328682,
            55.835982
          ],
          [
            -4.32928,
            55.836005
          ],
          [
            -4.329763,
            55.836045
          ],
          [
            -4.330398,
            55.836124
          ],
          [
            -4.331066,
            55.836241
          ],
          [
            -4.331742,
            55.836398
          ],
          [
            -4.332453,
            55.836598
          ],
          [
            -4.333024,
            55.836795
          ],
          [
            -4.333346,
            55.836934
          ],
          [
            -4.333695,
            55.8371
          ],
          [
            -4.334446,
            55.837505
          ],
          [
            -4.335452,
            55.838046
          ]
        ]
      }
    },
    {
      "type": "Feature",
      "properties": {
        "name": "684 T",
        "type": "Tracks",
        "notes": "",
        "colour": "#7cb342",
        "equipment_number": "758020",
        "section": "Central"
      },
      "geometry": {
        "type": "LineString",
        "coordinates": [
          [
            -4.321905,
            55.837503
          ],
          [
            -4.324027,
            55.8367
          ],
          [
            -4.324275,
            55.836615
          ]
        ]
      }
    },
    {
      "type": "Feature",
      "properties": {
        "name": "682 T",
        "type": "Tracks",
        "notes": "",
        "colour": "#a52714",
        "equipment_number": "758022",
        "section": "Central"
      },
      "geometry": {
        "type": "LineString",
        "coordinates": [
          [
            -4.318251,
            55.838883
          ],
          [
            -4.318879,
            55.838656
          ],
          [
            -4.319504,
            55.838417
          ],
          [
            -4.321583,
            55.837624
          ],
          [
            -4.321905,
            55.837503
          ]
        ]
      }
    },
    {
      "type": "Feature",
      "properties": {
        "name": "679 T",
        "type": "Tracks",
        "notes": "",
        "colour": "#7cb342",
        "equipment_number": "758025",
        "section": "Central"
      },
      "geometry": {
        "type": "LineString",
        "coordinates": [
          [
            -4.317203,
            55.839134
          ],
          [
            -4.317407,
            55.839071
          ],
          [
            -4.317627,
            55.838992
          ],
          [
            -4.317903,
            55.838883
          ],
          [
            -4.318257,
            55.838719
          ],
          [
            -4.318426,
            55.838636
          ],
          [
            -4.318948,
            55.838318
          ],
          [
            -4.318426,
            55.838636
          ],
          [
            -4.318995,
            55.838335
          ],
          [
            -4.318563,
            55.838564
          ],
          [
            -4.319026,
            55.838352
          ]
        ]
      }
    },
    {
      "type": "Feature",
      "properties": {
        "name": "678 T",
        "type": "Tracks",
        "notes": "",
        "colour": "#ffea00",
        "equipment_number": "758026",
        "section": "Central"
      },
      "geometry": {
        "type": "LineString",
        "coordinates": [
          [
            -4.318242,
            55.838768
          ],
          [
            -4.317767,
            55.838978
          ],
          [
            -4.318259,
            55.838782
          ],
          [
            -4.317756,
            55.838984
          ],
          [
            -4.317402,
            55.839111
          ],
          [
            -4.317116,
            55.839203
          ],
          [
            -4.316934,
            55.839243
          ],
          [
            -4.317306,
            55.839159
          ],
          [
            -4.317596,
            55.839085
          ],
          [
            -4.318007,
            55.838962
          ],
          [
            -4.318251,
            55.838883
          ]
        ]
      }
    },
    {
      "type": "Feature",
      "properties": {
        "name": "677 T",
        "type": "Tracks",
        "notes": "",
        "colour": "#a52714",
        "equipment_number": "758001",
        "section": "Central"
      },
      "geometry": {
        "type": "LineString",
        "coordinates": [
          [
            -4.315186,
            55.839544
          ],
          [
            -4.316605,
            55.839274
          ],
          [
            -4.316919,
            55.839212
          ],
          [
            -4.317139,
            55.839152
          ],
          [
            -4.317203,
            55.839134
          ]
        ]
      }
    },
    {
      "type": "Feature",
      "properties": {
        "name": "676 T",
        "type": "Tracks",
        "notes": "",
        "colour": "#0288d1",
        "equipment_number": "757999",
        "section": "Central"
      },
      "geometry": {
        "type": "LineString",
        "coordinates": [
          [
            -4.315209,
            55.839571
          ],
          [
            -4.316624,
            55.839307
          ],
          [
            -4.316934,
            55.839243
          ]
        ]
      }
    },
    {
      "type": "Feature",
      "properties": {
        "name": "645 T",
        "type": "Tracks",
        "notes": "",
        "colour": "#7cb342",
        "equipment_number": "758009",
        "section": "Central"
      },
      "geometry": {
        "type": "LineString",
        "coordinates": [
          [
            -4.315186,
            55.839544
          ],
          [
            -4.313883,
            55.839785
          ],
          [
            -4.314371,
            55.83971
          ],
          [
            -4.313873,
            55.839787
          ],
          [
            -4.313393,
            55.839876
          ],
          [
            -4.31084,
            55.840345
          ],
          [
            -4.310472,
            55.84042
          ]
        ]
      }
    },
    {
      "type": "Feature",
      "properties": {
        "name": "674 T",
        "type": "Tracks",
        "notes": "",
        "colour": "#ffea00",
        "equipment_number": "757994",
        "section": "Central"
      },
      "geometry": {
        "type": "LineString",
        "coordinates": [
          [
            -4.314371,
            55.83971
          ],
          [
            -4.314943,
            55.839618
          ],
          [
            -4.315209,
            55.839571
          ],
          [
            -4.313614,
            55.839867
          ]
        ]
      }
    },
    {
      "type": "Feature",
      "properties": {
        "name": "672 T",
        "type": "Tracks",
        "notes": "",
        "colour": "#0288d1",
        "equipment_number": "757996",
        "section": "Central"
      },
      "geometry": {
        "type": "LineString",
        "coordinates": [
          [
            -4.313614,
            55.839867
          ],
          [
            -4.310383,
            55.840472
          ]
        ]
      }
    },
    {
      "type": "Feature",
      "properties": {
        "name": "680 T",
        "type": "Tracks",
        "notes": "",
        "colour": "#ffea00",
        "equipment_number": "758024",
        "section": "Central"
      },
      "geometry": {
        "type": "LineString",
        "coordinates": [
          [
            -4.310383,
            55.840472
          ],
          [
            -4.309784,
            55.84061
          ],
          [
            -4.309345,
            55.840726
          ],
          [
            -4.308979,
            55.840833
          ],
          [
            -4.308475,
            55.841007
          ],
          [
            -4.308325,
            55.841067
          ]
        ]
      }
    },
    {
      "type": "Feature",
      "properties": {
        "name": "644 T",
        "type": "Tracks",
        "notes": "",
        "colour": "#a52714",
        "equipment_number": "758000",
        "section": "Central"
      },
      "geometry": {
        "type": "LineString",
        "coordinates": [
          [
            -4.308296,
            55.84104
          ],
          [
            -4.308637,
            55.840914
          ],
          [
            -4.308979,
            55.8408
          ],
          [
            -4.309218,
            55.840726
          ],
          [
            -4.309639,
            55.840608
          ],
          [
            -4.310138,
            55.840492
          ],
          [
            -4.310472,
            55.84042
          ]
        ]
      }
    },
    {
      "type": "Feature",
      "properties": {
        "name": "675 T",
        "type": "Tracks",
        "notes": "",
        "colour": "#7cb342",
        "equipment_number": "758017",
        "section": "Central"
      },
      "geometry": {
        "type": "LineString",
        "coordinates": [
          [
            -4.304013,
            55.843017
          ],
          [
            -4.306234,
            55.841976
          ],
          [
            -4.307862,
            55.841217
          ],
          [
            -4.308296,
            55.84104
          ]
        ]
      }
    },
    {
      "type": "Feature",
      "properties": {
        "name": "646 T",
        "type": "Tracks",
        "notes": "",
        "colour": "#0288d1",
        "equipment_number": "757998",
        "section": "Central"
      },
      "geometry": {
        "type": "LineString",
        "coordinates": [
          [
            -4.301675,
            55.844363
          ],
          [
            -4.302076,
            55.844085
          ],
          [
            -4.302575,
            55.843774
          ],
          [
            -4.302958,
            55.843567
          ],
          [
            -4.303353,
            55.843371
          ],
          [
            -4.303787,
            55.843162
          ],
          [
            -4.307462,
            55.841438
          ],
          [
            -4.307888,
            55.841242
          ],
          [
            -4.308141,
            55.841141
          ],
          [
            -4.308325,
            55.841067
          ]
        ]
      }
    },
    {
      "type": "Feature",
      "properties": {
        "name": "673 T",
        "type": "Tracks",
        "notes": "",
        "colour": "#a52714",
        "equipment_number": "757995",
        "section": "Central"
      },
      "geometry": {
        "type": "LineString",
        "coordinates": [
          [
            -4.299037,
            55.845879
          ],
          [
            -4.299565,
            55.845644
          ],
          [
            -4.300028,
            55.845411
          ],
          [
            -4.300465,
            55.845153
          ],
          [
            -4.300851,
            55.844902
          ],
          [
            -4.301423,
            55.844488
          ],
          [
            -4.302168,
            55.843971
          ],
          [
            -4.302656,
            55.843684
          ],
          [
            -4.303185,
            55.843406
          ],
          [
            -4.303778,
            55.843117
          ],
          [
            -4.304013,
            55.843017
          ]
        ]
      }
    },
    {
      "type": "Feature",
      "properties": {
        "name": "3815(1) T",
        "type": "Tracks",
        "notes": "",
        "colour": "#ffea00",
        "equipment_number": "757997",
        "section": "Central"
      },
      "geometry": {
        "type": "LineString",
        "coordinates": [
          [
            -4.299088,
            55.845916
          ],
          [
            -4.29963,
            55.845656
          ],
          [
            -4.3,
            55.845462
          ],
          [
            -4.300282,
            55.845312
          ],
          [
            -4.300788,
            55.844989
          ],
          [
            -4.301675,
            55.844363
          ]
        ]
      }
    },
    {
      "type": "Feature",
      "properties": {
        "name": "3787 T",
        "type": "Tracks",
        "notes": "",
        "colour": "#7cb342",
        "equipment_number": "3168021",
        "section": "Central"
      },
      "geometry": {
        "type": "LineString",
        "coordinates": [
          [
            -4.297421,
            55.84644
          ],
          [
            -4.298001,
            55.846275
          ],
          [
            -4.298671,
            55.846041
          ],
          [
            -4.299037,
            55.845879
          ],
          [
            -4.298049,
            55.84632
          ]
        ]
      }
    },
    {
      "type": "Feature",
      "properties": {
        "name": "3815(2) T",
        "type": "Tracks",
        "notes": "",
        "colour": "#0288d1",
        "equipment_number": "3167886",
        "section": "Central"
      },
      "geometry": {
        "type": "LineString",
        "coordinates": [
          [
            -4.297072,
            55.846732
          ],
          [
            -4.297523,
            55.846577
          ],
          [
            -4.297899,
            55.846424
          ],
          [
            -4.298448,
            55.846187
          ],
          [
            -4.299088,
            55.845916
          ]
        ]
      }
    },
    {
      "type": "Feature",
      "properties": {
        "name": "3808 T",
        "type": "Tracks",
        "notes": "",
        "colour": "#0288d1",
        "equipment_number": "3167874",
        "section": "Central"
      },
      "geometry": {
        "type": "LineString",
        "coordinates": [
          [
            -4.297421,
            55.84644
          ],
          [
            -4.296055,
            55.846872
          ],
          [
            -4.295298,
            55.847072
          ],
          [
            -4.294486,
            55.847212
          ],
          [
            -4.293767,
            55.847298
          ],
          [
            -4.293349,
            55.847341
          ]
        ]
      }
    },
    {
      "type": "Feature",
      "properties": {
        "name": "3786 T",
        "type": "Tracks",
        "notes": "",
        "colour": "#a52714",
        "equipment_number": "3167871",
        "section": "Central"
      },
      "geometry": {
        "type": "LineString",
        "coordinates": [
          [
            -4.293351,
            55.847384
          ],
          [
            -4.293698,
            55.847359
          ],
          [
            -4.294046,
            55.847327
          ],
          [
            -4.294512,
            55.847272
          ],
          [
            -4.29518,
            55.847172
          ],
          [
            -4.295631,
            55.847089
          ],
          [
            -4.296065,
            55.846994
          ],
          [
            -4.296827,
            55.846788
          ],
          [
            -4.297522,
            55.846548
          ],
          [
            -4.298049,
            55.84632
          ]
        ]
      }
    },
    {
      "type": "Feature",
      "properties": {
        "name": "3814 T",
        "type": "Tracks",
        "notes": "",
        "colour": "#ffea00",
        "equipment_number": "3167883",
        "section": "Central"
      },
      "geometry": {
        "type": "LineString",
        "coordinates": [
          [
            -4.292591,
            55.847447
          ],
          [
            -4.293404,
            55.84741
          ],
          [
            -4.293732,
            55.847383
          ],
          [
            -4.294251,
            55.847338
          ],
          [
            -4.294876,
            55.847255
          ],
          [
            -4.295523,
            55.847142
          ],
          [
            -4.296085,
            55.847019
          ],
          [
            -4.296685,
            55.84686
          ],
          [
            -4.297072,
            55.846732
          ]
        ]
      }
    },
    {
      "type": "Feature",
      "properties": {
        "name": "3813 T",
        "type": "Tracks",
        "notes": "",
        "colour": "#0288d1",
        "equipment_number": "3167880",
        "section": "Central"
      },
      "geometry": {
        "type": "LineString",
        "coordinates": [
          [
            -4.291249,
            55.847484
          ],
          [
            -4.292591,
            55.847447
          ]
        ]
      }
    },
    {
      "type": "Feature",
      "properties": {
        "name": "3785 T",
        "type": "Tracks",
        "notes": "",
        "colour": "#7cb342",
        "equipment_number": "757203",
        "section": "Central"
      },
      "geometry": {
        "type": "LineString",
        "coordinates": [
          [
            -4.293351,
            55.847384
          ],
          [
            -4.292515,
            55.847416
          ],
          [
            -4.292931,
            55.847384
          ],
          [
            -4.292515,
            55.847416
          ],
          [
            -4.291217,
            55.847454
          ]
        ]
      }
    },
    {
      "type": "Feature",
      "properties": {
        "name": "3812 T",
        "type": "Tracks",
        "notes": "",
        "colour": "#ffd600",
        "equipment_number": "3167877",
        "section": "Central"
      },
      "geometry": {
        "type": "LineString",
        "coordinates": [
          [
            -4.290709,
            55.847486
          ],
          [
            -4.291118,
            55.847488
          ],
          [
            -4.291249,
            55.847484
          ],
          [
            -4.290206,
            55.847515
          ]
        ]
      }
    },
    {
      "type": "Feature",
      "properties": {
        "name": "3784 T",
        "type": "Tracks",
        "notes": "",
        "colour": "#a52714",
        "equipment_number": "3167868",
        "section": "Central"
      },
      "geometry": {
        "type": "LineString",
        "coordinates": [
          [
            -4.291217,
            55.847454
          ],
          [
            -4.290132,
            55.847484
          ],
          [
            -4.290302,
            55.847479
          ],
          [
            -4.290709,
            55.847486
          ]
        ]
      }
    },
    {
      "type": "Feature",
      "properties": {
        "name": "3811 T",
        "type": "Tracks",
        "notes": "",
        "colour": "#0288d1",
        "equipment_number": "757103",
        "section": "Central"
      },
      "geometry": {
        "type": "LineString",
        "coordinates": [
          [
            -4.290206,
            55.847515
          ],
          [
            -4.288697,
            55.847556
          ],
          [
            -4.288896,
            55.847551
          ],
          [
            -4.28913,
            55.847534
          ]
        ]
      }
    },
    {
      "type": "Feature",
      "properties": {
        "name": "3783 T",
        "type": "Tracks",
        "notes": "",
        "colour": "#7cb342",
        "equipment_number": "3167865",
        "section": "Central"
      },
      "geometry": {
        "type": "LineString",
        "coordinates": [
          [
            -4.288568,
            55.847525
          ],
          [
            -4.289406,
            55.847508
          ],
          [
            -4.28913,
            55.847534
          ],
          [
            -4.289407,
            55.847508
          ],
          [
            -4.290132,
            55.847484
          ],
          [
            -4.289926,
            55.84749
          ],
          [
            -4.289471,
            55.847483
          ]
        ]
      }
    },
    {
      "type": "Feature",
      "properties": {
        "name": "3803 T",
        "type": "Tracks",
        "notes": "",
        "colour": "#a52714",
        "equipment_number": "757205",
        "section": "Central"
      },
      "geometry": {
        "type": "LineString",
        "coordinates": [
          [
            -4.289471,
            55.847483
          ],
          [
            -4.288812,
            55.847461
          ],
          [
            -4.289018,
            55.847468
          ],
          [
            -4.289256,
            55.847463
          ],
          [
            -4.290123,
            55.847438
          ]
        ]
      }
    },
    {
      "type": "Feature",
      "properties": {
        "name": "3782 T",
        "type": "Tracks",
        "notes": "",
        "colour": "#a52714",
        "equipment_number": "758718",
        "section": "Central"
      },
      "geometry": {
        "type": "LineString",
        "coordinates": [
          [
            -4.287845,
            55.847528
          ],
          [
            -4.288568,
            55.847525
          ],
          [
            -4.288267,
            55.847526
          ],
          [
            -4.287295,
            55.847486
          ],
          [
            -4.28679,
            55.847468
          ]
        ]
      }
    },
    {
      "type": "Feature",
      "properties": {
        "name": "3781 T",
        "type": "Tracks",
        "notes": "",
        "colour": "#7cb342",
        "equipment_number": "758689",
        "section": "Central"
      },
      "geometry": {
        "type": "LineString",
        "coordinates": [
          [
            -4.286333,
            55.847472
          ],
          [
            -4.285816,
            55.847436
          ],
          [
            -4.286333,
            55.847451
          ],
          [
            -4.28679,
            55.847468
          ],
          [
            -4.286333,
            55.847451
          ],
          [
            -4.285813,
            55.847436
          ],
          [
            -4.285687,
            55.84743
          ],
          [
            -4.285432,
            55.847424
          ],
          [
            -4.28466,
            55.847406
          ],
          [
            -4.285356,
            55.847422
          ],
          [
            -4.284847,
            55.847388
          ],
          [
            -4.284658,
            55.847372
          ]
        ]
      }
    },
    {
      "type": "Feature",
      "properties": {
        "name": "3696 T",
        "type": "Tracks",
        "notes": "",
        "colour": "#ffd600",
        "equipment_number": "758717",
        "section": "Central"
      },
      "geometry": {
        "type": "LineString",
        "coordinates": [
          [
            -4.288697,
            55.847556
          ],
          [
            -4.288015,
            55.847559
          ],
          [
            -4.28763,
            55.847557
          ],
          [
            -4.288015,
            55.847559
          ],
          [
            -4.287719,
            55.847542
          ],
          [
            -4.288016,
            55.847558
          ],
          [
            -4.288689,
            55.847596
          ]
        ]
      }
    },
    {
      "type": "Feature",
      "properties": {
        "name": "3695 T",
        "type": "Tracks",
        "notes": "",
        "colour": "#7cb342",
        "equipment_number": "758716",
        "section": "Central"
      },
      "geometry": {
        "type": "LineString",
        "coordinates": [
          [
            -4.287719,
            55.847542
          ],
          [
            -4.28697,
            55.847509
          ],
          [
            -4.287301,
            55.847523
          ],
          [
            -4.287845,
            55.847528
          ]
        ]
      }
    },
    {
      "type": "Feature",
      "properties": {
        "name": "3694 T",
        "type": "Tracks",
        "notes": "",
        "colour": "#a52714",
        "equipment_number": "758719",
        "section": "Central"
      },
      "geometry": {
        "type": "LineString",
        "coordinates": [
          [
            -4.28697,
            55.847509
          ],
          [
            -4.286072,
            55.847479
          ],
          [
            -4.2868,
            55.847504
          ],
          [
            -4.286333,
            55.847472
          ]
        ]
      }
    },
    {
      "type": "Feature",
      "properties": {
        "name": "3664 T",
        "type": "Tracks",
        "notes": "",
        "colour": "#0288d1",
        "equipment_number": "758742",
        "section": "Central"
      },
      "geometry": {
        "type": "LineString",
        "coordinates": [
          [
            -4.28763,
            55.847557
          ],
          [
            -4.28726,
            55.84755
          ],
          [
            -4.286923,
            55.847539
          ],
          [
            -4.287259,
            55.84755
          ],
          [
            -4.287944,
            55.847583
          ],
          [
            -4.288046,
            55.847589
          ]
        ]
      }
    },
    {
      "type": "Feature",
      "properties": {
        "name": "3665 T",
        "type": "Tracks",
        "notes": "",
        "colour": "#ffd600",
        "equipment_number": "758745",
        "section": "Central"
      },
      "geometry": {
        "type": "LineString",
        "coordinates": [
          [
            -4.288046,
            55.847589
          ],
          [
            -4.28919,
            55.847659
          ],
          [
            -4.289908,
            55.847707
          ],
          [
            -4.290678,
            55.847767
          ],
          [
            -4.291707,
            55.847859
          ]
        ]
      }
    },
    {
      "type": "Feature",
      "properties": {
        "name": "3666 T",
        "type": "Tracks",
        "notes": "",
        "colour": "#0288d1",
        "equipment_number": "3167722",
        "section": "Central"
      },
      "geometry": {
        "type": "LineString",
        "coordinates": [
          [
            -4.291707,
            55.847859
          ],
          [
            -4.295042,
            55.848167
          ]
        ]
      }
    },
    {
      "type": "Feature",
      "properties": {
        "name": "3667 T",
        "type": "Tracks",
        "notes": "",
        "colour": "#ffd600",
        "equipment_number": "3167725",
        "section": "Central"
      },
      "geometry": {
        "type": "LineString",
        "coordinates": [
          [
            -4.295042,
            55.848167
          ],
          [
            -4.296051,
            55.848266
          ],
          [
            -4.295646,
            55.848206
          ],
          [
            -4.296051,
            55.848266
          ],
          [
            -4.298049,
            55.848457
          ]
        ]
      }
    },
    {
      "type": "Feature",
      "properties": {
        "name": "3697 T",
        "type": "Tracks",
        "notes": "",
        "colour": "#7cb342",
        "equipment_number": "3167775",
        "section": "Central"
      },
      "geometry": {
        "type": "LineString",
        "coordinates": [
          [
            -4.288689,
            55.847596
          ],
          [
            -4.289525,
            55.847649
          ],
          [
            -4.290303,
            55.847706
          ],
          [
            -4.291719,
            55.847826
          ]
        ]
      }
    },
    {
      "type": "Feature",
      "properties": {
        "name": "3698 T",
        "type": "Tracks",
        "notes": "",
        "colour": "#a52714",
        "equipment_number": "3167778",
        "section": "Central"
      },
      "geometry": {
        "type": "LineString",
        "coordinates": [
          [
            -4.291719,
            55.847826
          ],
          [
            -4.293628,
            55.848
          ],
          [
            -4.295054,
            55.848134
          ]
        ]
      }
    },
    {
      "type": "Feature",
      "properties": {
        "name": "3701 T",
        "type": "Tracks",
        "notes": "",
        "colour": "#7cb342",
        "equipment_number": "758713",
        "section": "Central"
      },
      "geometry": {
        "type": "LineString",
        "coordinates": [
          [
            -4.295646,
            55.848206
          ],
          [
            -4.295259,
            55.848154
          ],
          [
            -4.295054,
            55.848134
          ],
          [
            -4.295259,
            55.848153
          ],
          [
            -4.296239,
            55.848251
          ]
        ]
      }
    },
    {
      "type": "Feature",
      "properties": {
        "name": "3702 T",
        "type": "Tracks",
        "notes": "",
        "colour": "#a52714",
        "equipment_number": "3167781",
        "section": "Central"
      },
      "geometry": {
        "type": "LineString",
        "coordinates": [
          [
            -4.302318,
            55.848857
          ],
          [
            -4.299124,
            55.848536
          ],
          [
            -4.296908,
            55.848316
          ],
          [
            -4.296239,
            55.848251
          ]
        ]
      }
    },
    {
      "type": "Feature",
      "properties": {
        "name": "3668 T",
        "type": "Tracks",
        "notes": "",
        "colour": "#0288d1",
        "equipment_number": "3167728",
        "section": "Central"
      },
      "geometry": {
        "type": "LineString",
        "coordinates": [
          [
            -4.302317,
            55.8489
          ],
          [
            -4.298738,
            55.848529
          ],
          [
            -4.298409,
            55.848493
          ],
          [
            -4.299202,
            55.848595
          ],
          [
            -4.298409,
            55.848493
          ],
          [
            -4.298049,
            55.848457
          ]
        ]
      }
    },
    {
      "type": "Feature",
      "properties": {
        "name": "3671 T",
        "type": "Tracks",
        "notes": "",
        "colour": "#ffd600",
        "equipment_number": "3167731",
        "section": "Central"
      },
      "geometry": {
        "type": "LineString",
        "coordinates": [
          [
            -4.302317,
            55.8489
          ],
          [
            -4.305898,
            55.849267
          ]
        ]
      }
    },
    {
      "type": "Feature",
      "properties": {
        "name": "3703 T",
        "type": "Tracks",
        "notes": "",
        "colour": "#7cb342",
        "equipment_number": "3167784",
        "section": "Central"
      },
      "geometry": {
        "type": "LineString",
        "coordinates": [
          [
            -4.30591,
            55.849224
          ],
          [
            -4.302318,
            55.848857
          ]
        ]
      }
    },
    {
      "type": "Feature",
      "properties": {
        "name": "3704 T",
        "type": "Tracks",
        "notes": "",
        "colour": "#a52714",
        "equipment_number": "758703",
        "section": "Central"
      },
      "geometry": {
        "type": "LineString",
        "coordinates": [
          [
            -4.30591,
            55.849224
          ],
          [
            -4.31298,
            55.849943
          ]
        ]
      }
    },
    {
      "type": "Feature",
      "properties": {
        "name": "3672 T",
        "type": "Tracks",
        "notes": "Section over points between Up Ayr and Up Gourock on rust register (April 2023 version)",
        "colour": "#0288d1",
        "equipment_number": "3167734",
        "section": "Central"
      },
      "geometry": {
        "type": "LineString",
        "coordinates": [
          [
            -4.312422,
            55.849932
          ],
          [
            -4.309535,
            55.849639
          ],
          [
            -4.308462,
            55.849551
          ],
          [
            -4.309536,
            55.849639
          ],
          [
            -4.305898,
            55.849267
          ]
        ]
      }
    },
    {
      "type": "Feature",
      "properties": {
        "name": "3705 T",
        "type": "Tracks",
        "notes": "",
        "colour": "#7cb342",
        "equipment_number": "3167787",
        "section": "Central"
      },
      "geometry": {
        "type": "LineString",
        "coordinates": [
          [
            -4.31298,
            55.849943
          ],
          [
            -4.314154,
            55.850066
          ],
          [
            -4.313554,
            55.850025
          ],
          [
            -4.314154,
            55.850066
          ],
          [
            -4.316011,
            55.85025
          ]
        ]
      }
    },
    {
      "type": "Feature",
      "properties": {
        "name": "3706 T",
        "type": "Tracks",
        "notes": "",
        "colour": "#a52714",
        "equipment_number": "3167790",
        "section": "Central"
      },
      "geometry": {
        "type": "LineString",
        "coordinates": [
          [
            -4.319351,
            55.850584
          ],
          [
            -4.317793,
            55.85043
          ],
          [
            -4.316011,
            55.85025
          ]
        ]
      }
    },
    {
      "type": "Feature",
      "properties": {
        "name": "3707 T",
        "type": "Tracks",
        "notes": "",
        "colour": "#7cb342",
        "equipment_number": "758720",
        "section": "Central"
      },
      "geometry": {
        "type": "LineString",
        "coordinates": [
          [
            -4.319351,
            55.850584
          ],
          [
            -4.323577,
            55.851014
          ],
          [
            -4.324669,
            55.851122
          ]
        ]
      }
    },
    {
      "type": "Feature",
      "properties": {
        "name": "3708 T",
        "type": "Tracks",
        "notes": "",
        "colour": "#a52714",
        "equipment_number": "3167793",
        "section": "Central"
      },
      "geometry": {
        "type": "LineString",
        "coordinates": [
          [
            -4.324669,
            55.851122
          ],
          [
            -4.327911,
            55.85145
          ]
        ]
      }
    },
    {
      "type": "Feature",
      "properties": {
        "name": "3711 T",
        "type": "Tracks",
        "notes": "",
        "colour": "#7cb342",
        "equipment_number": "3167796",
        "section": "Central"
      },
      "geometry": {
        "type": "LineString",
        "coordinates": [
          [
            -4.327911,
            55.85145
          ],
          [
            -4.334105,
            55.852079
          ]
        ]
      }
    },
    {
      "type": "Feature",
      "properties": {
        "name": "3712 T",
        "type": "Tracks",
        "notes": "",
        "colour": "#a52714",
        "equipment_number": "3167799",
        "section": "Central"
      },
      "geometry": {
        "type": "LineString",
        "coordinates": [
          [
            -4.334105,
            55.852079
          ],
          [
            -4.337607,
            55.852432
          ]
        ]
      }
    },
    {
      "type": "Feature",
      "properties": {
        "name": "3713 T",
        "type": "Tracks",
        "notes": "",
        "colour": "#7cb342",
        "equipment_number": "758698",
        "section": "Central"
      },
      "geometry": {
        "type": "LineString",
        "coordinates": [
          [
            -4.337607,
            55.852432
          ],
          [
            -4.340317,
            55.852689
          ],
          [
            -4.341412,
            55.852802
          ]
        ]
      }
    },
    {
      "type": "Feature",
      "properties": {
        "name": "3714 T",
        "type": "Tracks",
        "notes": "",
        "colour": "#a52714",
        "equipment_number": "758697",
        "section": "Central"
      },
      "geometry": {
        "type": "LineString",
        "coordinates": [
          [
            -4.341412,
            55.852802
          ],
          [
            -4.345052,
            55.853186
          ]
        ]
      }
    },
    {
      "type": "Feature",
      "properties": {
        "name": "3715 T",
        "type": "Tracks",
        "notes": "",
        "colour": "#7cb342",
        "equipment_number": "758695",
        "section": "Central"
      },
      "geometry": {
        "type": "LineString",
        "coordinates": [
          [
            -4.345052,
            55.853186
          ],
          [
            -4.349625,
            55.853647
          ]
        ]
      }
    },
    {
      "type": "Feature",
      "properties": {
        "name": "3716 T",
        "type": "Tracks",
        "notes": "",
        "colour": "#a52714",
        "equipment_number": "3167802",
        "section": "Central"
      },
      "geometry": {
        "type": "LineString",
        "coordinates": [
          [
            -4.349625,
            55.853647
          ],
          [
            -4.357043,
            55.854397
          ]
        ]
      }
    },
    {
      "type": "Feature",
      "properties": {
        "name": "3717 T",
        "type": "Tracks",
        "notes": "",
        "colour": "#7cb342",
        "equipment_number": "758724",
        "section": "Central"
      },
      "geometry": {
        "type": "LineString",
        "coordinates": [
          [
            -4.357043,
            55.854397
          ],
          [
            -4.365565,
            55.855255
          ]
        ]
      }
    },
    {
      "type": "Feature",
      "properties": {
        "name": "3718 T",
        "type": "Tracks",
        "notes": "",
        "colour": "#a52714",
        "equipment_number": "758722",
        "section": "Central"
      },
      "geometry": {
        "type": "LineString",
        "coordinates": [
          [
            -4.365565,
            55.855255
          ],
          [
            -4.372138,
            55.855916
          ]
        ]
      }
    },
    {
      "type": "Feature",
      "properties": {
        "name": "3673 T",
        "type": "Tracks",
        "notes": "",
        "colour": "#ffd600",
        "equipment_number": "6849708",
        "section": "Central"
      },
      "geometry": {
        "type": "LineString",
        "coordinates": [
          [
            -4.312422,
            55.849932
          ],
          [
            -4.312974,
            55.849986
          ],
          [
            -4.313554,
            55.850025
          ],
          [
            -4.312974,
            55.849986
          ],
          [
            -4.315995,
            55.850295
          ]
        ]
      }
    },
    {
      "type": "Feature",
      "properties": {
        "name": "3674 T",
        "type": "Tracks",
        "notes": "",
        "colour": "#0288d1",
        "equipment_number": "3167739",
        "section": "Central"
      },
      "geometry": {
        "type": "LineString",
        "coordinates": [
          [
            -4.315995,
            55.850295
          ],
          [
            -4.319325,
            55.850626
          ]
        ]
      }
    },
    {
      "type": "Feature",
      "properties": {
        "name": "3675(1) T",
        "type": "Tracks",
        "notes": "",
        "colour": "#ffd600",
        "equipment_number": "3167893",
        "section": "Central"
      },
      "geometry": {
        "type": "LineString",
        "coordinates": [
          [
            -4.319325,
            55.850626
          ],
          [
            -4.324652,
            55.851166
          ]
        ]
      }
    },
    {
      "type": "Feature",
      "properties": {
        "name": "3675(2) T",
        "type": "Tracks",
        "notes": "",
        "colour": "#0288d1",
        "equipment_number": "3167742",
        "section": "Central"
      },
      "geometry": {
        "type": "LineString",
        "coordinates": [
          [
            -4.323231,
            55.851023
          ],
          [
            -4.320885,
            55.85074
          ]
        ]
      }
    },
    {
      "type": "Feature",
      "properties": {
        "name": "3676 T",
        "type": "Tracks",
        "notes": "",
        "colour": "#0288d1",
        "equipment_number": "3167745",
        "section": "Central"
      },
      "geometry": {
        "type": "LineString",
        "coordinates": [
          [
            -4.324652,
            55.851166
          ],
          [
            -4.327916,
            55.851497
          ]
        ]
      }
    },
    {
      "type": "Feature",
      "properties": {
        "name": "3677 T",
        "type": "Tracks",
        "notes": "",
        "colour": "#ffd600",
        "equipment_number": "3167748",
        "section": "Central"
      },
      "geometry": {
        "type": "LineString",
        "coordinates": [
          [
            -4.327916,
            55.851497
          ],
          [
            -4.334088,
            55.852124
          ]
        ]
      }
    },
    {
      "type": "Feature",
      "properties": {
        "name": "3678 T",
        "type": "Tracks",
        "notes": "",
        "colour": "#0288d1",
        "equipment_number": "3167751",
        "section": "Central"
      },
      "geometry": {
        "type": "LineString",
        "coordinates": [
          [
            -4.334088,
            55.852124
          ],
          [
            -4.337574,
            55.852477
          ]
        ]
      }
    },
    {
      "type": "Feature",
      "properties": {
        "name": "3681 T",
        "type": "Tracks",
        "notes": "",
        "colour": "#ffd600",
        "equipment_number": "3167754",
        "section": "Central"
      },
      "geometry": {
        "type": "LineString",
        "coordinates": [
          [
            -4.337574,
            55.852477
          ],
          [
            -4.341393,
            55.85286
          ]
        ]
      }
    },
    {
      "type": "Feature",
      "properties": {
        "name": "3682 T",
        "type": "Tracks",
        "notes": "Route across points on rust register (April 2023 version)",
        "colour": "#0288d1",
        "equipment_number": "3167757",
        "section": "Central"
      },
      "geometry": {
        "type": "LineString",
        "coordinates": [
          [
            -4.341393,
            55.85286
          ],
          [
            -4.343888,
            55.853113
          ],
          [
            -4.344314,
            55.853183
          ],
          [
            -4.343891,
            55.853113
          ],
          [
            -4.345037,
            55.853229
          ]
        ]
      }
    },
    {
      "type": "Feature",
      "properties": {
        "name": "3683 T",
        "type": "Tracks",
        "notes": "",
        "colour": "#ffd600",
        "equipment_number": "3167760",
        "section": "Central"
      },
      "geometry": {
        "type": "LineString",
        "coordinates": [
          [
            -4.345037,
            55.853229
          ],
          [
            -4.349607,
            55.853692
          ]
        ]
      }
    },
    {
      "type": "Feature",
      "properties": {
        "name": "3684 T",
        "type": "Tracks",
        "notes": "",
        "colour": "#0288d1",
        "equipment_number": "3167763",
        "section": "Central"
      },
      "geometry": {
        "type": "LineString",
        "coordinates": [
          [
            -4.349607,
            55.853692
          ],
          [
            -4.353282,
            55.854063
          ]
        ]
      }
    },
    {
      "type": "Feature",
      "properties": {
        "name": "3685 T",
        "type": "Tracks",
        "notes": "",
        "colour": "#ffd600",
        "equipment_number": "3167766",
        "section": "Central"
      },
      "geometry": {
        "type": "LineString",
        "coordinates": [
          [
            -4.353282,
            55.854063
          ],
          [
            -4.358495,
            55.854587
          ]
        ]
      }
    },
    {
      "type": "Feature",
      "properties": {
        "name": "3686 T",
        "type": "Tracks",
        "notes": "",
        "colour": "#0288d1",
        "equipment_number": "3167769",
        "section": "Central"
      },
      "geometry": {
        "type": "LineString",
        "coordinates": [
          [
            -4.358495,
            55.854587
          ],
          [
            -4.365551,
            55.8553
          ]
        ]
      }
    },
    {
      "type": "Feature",
      "properties": {
        "name": "3687 T",
        "type": "Tracks",
        "notes": "",
        "colour": "#ffd600",
        "equipment_number": "3167772",
        "section": "Central"
      },
      "geometry": {
        "type": "LineString",
        "coordinates": [
          [
            -4.365551,
            55.8553
          ],
          [
            -4.371795,
            55.855926
          ]
        ]
      }
    },
    {
      "type": "Feature",
      "properties": {
        "name": "3745 T",
        "type": "Tracks",
        "notes": "Route across points on rust register (April 2023 version)",
        "colour": "#ffd600",
        "equipment_number": "3167841",
        "section": "Central"
      },
      "geometry": {
        "type": "LineString",
        "coordinates": [
          [
            -4.344314,
            55.853183
          ],
          [
            -4.344877,
            55.853259
          ],
          [
            -4.341366,
            55.85292
          ]
        ]
      }
    },
    {
      "type": "Feature",
      "properties": {
        "name": "3746 T",
        "type": "Tracks",
        "notes": "Route onto Deanside on rust register (April 2023 version)",
        "colour": "#0288d1",
        "equipment_number": "3167844",
        "section": "Central"
      },
      "geometry": {
        "type": "LineString",
        "coordinates": [
          [
            -4.344877,
            55.853259
          ],
          [
            -4.345966,
            55.85337
          ],
          [
            -4.346625,
            55.853478
          ],
          [
            -4.346835,
            55.853511
          ],
          [
            -4.346625,
            55.853478
          ],
          [
            -4.345966,
            55.85337
          ],
          [
            -4.349589,
            55.853735
          ]
        ]
      }
    },
    {
      "type": "Feature",
      "properties": {
        "name": "3756 T",
        "type": "Tracks",
        "notes": "On rust register (April 2023 version)",
        "colour": "#7cb342",
        "equipment_number": "758721",
        "section": "Central"
      },
      "geometry": {
        "type": "LineString",
        "coordinates": [
          [
            -4.346835,
            55.853511
          ],
          [
            -4.347346,
            55.85359
          ],
          [
            -4.347712,
            55.853659
          ],
          [
            -4.347817,
            55.853673
          ],
          [
            -4.347712,
            55.853659
          ],
          [
            -4.347346,
            55.85359
          ],
          [
            -4.34775,
            55.853637
          ],
          [
            -4.348094,
            55.85367
          ]
        ]
      }
    },
    {
      "type": "Feature",
      "properties": {
        "name": "3758 T",
        "type": "Tracks",
        "notes": "On rust register (April 2023 version)",
        "colour": "#a52714",
        "equipment_number": "758701",
        "section": "Central"
      },
      "geometry": {
        "type": "LineString",
        "coordinates": [
          [
            -4.348094,
            55.85367
          ],
          [
            -4.3491,
            55.853774
          ],
          [
            -4.349454,
            55.853823
          ],
          [
            -4.349792,
            55.853882
          ],
          [
            -4.350388,
            55.854033
          ],
          [
            -4.350951,
            55.854238
          ],
          [
            -4.351381,
            55.854434
          ],
          [
            -4.351753,
            55.854652
          ],
          [
            -4.351938,
            55.854778
          ],
          [
            -4.352107,
            55.854907
          ],
          [
            -4.352296,
            55.855076
          ],
          [
            -4.352501,
            55.855298
          ],
          [
            -4.352586,
            55.855403
          ],
          [
            -4.352725,
            55.855611
          ],
          [
            -4.352854,
            55.855903
          ],
          [
            -4.35291,
            55.856113
          ],
          [
            -4.352934,
            55.856265
          ],
          [
            -4.352938,
            55.856539
          ],
          [
            -4.352894,
            55.856819
          ]
        ]
      }
    },
    {
      "type": "Feature",
      "properties": {
        "name": "3757 T",
        "type": "Tracks",
        "notes": "",
        "colour": "#ffd600",
        "equipment_number": "758728",
        "section": "Central"
      },
      "geometry": {
        "type": "LineString",
        "coordinates": [
          [
            -4.347817,
            55.853673
          ],
          [
            -4.348306,
            55.853723
          ],
          [
            -4.348867,
            55.85378
          ],
          [
            -4.349288,
            55.85383
          ],
          [
            -4.349692,
            55.853897
          ],
          [
            -4.349914,
            55.853944
          ],
          [
            -4.350251,
            55.854032
          ],
          [
            -4.35072,
            55.854186
          ],
          [
            -4.351027,
            55.854306
          ],
          [
            -4.351354,
            55.854462
          ],
          [
            -4.351575,
            55.854587
          ],
          [
            -4.35185,
            55.854764
          ],
          [
            -4.352041,
            55.854912
          ],
          [
            -4.352174,
            55.855023
          ],
          [
            -4.352387,
            55.855235
          ],
          [
            -4.35253,
            55.855412
          ],
          [
            -4.352645,
            55.855583
          ],
          [
            -4.35272,
            55.855722
          ],
          [
            -4.352798,
            55.855904
          ],
          [
            -4.352846,
            55.856059
          ],
          [
            -4.352873,
            55.856209
          ],
          [
            -4.352887,
            55.85633
          ],
          [
            -4.352884,
            55.856552
          ],
          [
            -4.352865,
            55.85668
          ],
          [
            -4.352836,
            55.856818
          ]
        ]
      }
    },
    {
      "type": "Feature",
      "properties": {
        "name": "3759 T",
        "type": "Tracks",
        "notes": "",
        "colour": "#0288d1",
        "equipment_number": "3167853",
        "section": "Central"
      },
      "geometry": {
        "type": "LineString",
        "coordinates": [
          [
            -4.352894,
            55.856819
          ],
          [
            -4.352846,
            55.856942
          ],
          [
            -4.35272,
            55.857196
          ],
          [
            -4.352784,
            55.856988
          ],
          [
            -4.352836,
            55.856818
          ],
          [
            -4.35272,
            55.857196
          ],
          [
            -4.352672,
            55.857326
          ],
          [
            -4.352592,
            55.857574
          ],
          [
            -4.35253,
            55.857786
          ],
          [
            -4.352514,
            55.857914
          ],
          [
            -4.352509,
            55.858046
          ],
          [
            -4.352521,
            55.858243
          ],
          [
            -4.35256,
            55.858454
          ],
          [
            -4.352597,
            55.858594
          ],
          [
            -4.35266,
            55.858752
          ],
          [
            -4.35275,
            55.858918
          ],
          [
            -4.352846,
            55.859061
          ],
          [
            -4.353872,
            55.860305
          ],
          [
            -4.354164,
            55.860657
          ],
          [
            -4.354652,
            55.861242
          ],
          [
            -4.355162,
            55.861853
          ],
          [
            -4.355626,
            55.862361
          ],
          [
            -4.355831,
            55.862546
          ],
          [
            -4.356029,
            55.86272
          ],
          [
            -4.356296,
            55.862942
          ],
          [
            -4.356657,
            55.863212
          ],
          [
            -4.356975,
            55.863434
          ],
          [
            -4.357297,
            55.863636
          ],
          [
            -4.357719,
            55.863882
          ],
          [
            -4.358128,
            55.864099
          ],
          [
            -4.358598,
            55.86433
          ],
          [
            -4.359123,
            55.864559
          ],
          [
            -4.359755,
            55.864793
          ],
          [
            -4.36036,
            55.865016
          ],
          [
            -4.361769,
            55.865549
          ],
          [
            -4.362784,
            55.865931
          ],
          [
            -4.363041,
            55.866059
          ],
          [
            -4.363289,
            55.866206
          ],
          [
            -4.36349,
            55.866347
          ]
        ]
      }
    },
    {
      "type": "Feature",
      "properties": {
        "name": "3747 T",
        "type": "Tracks",
        "notes": "",
        "colour": "#ffd600",
        "equipment_number": "758732",
        "section": "Central"
      },
      "geometry": {
        "type": "LineString",
        "coordinates": [
          [
            -4.349589,
            55.853735
          ],
          [
            -4.353274,
            55.85411
          ]
        ]
      }
    },
    {
      "type": "Feature",
      "properties": {
        "name": "3748 T",
        "type": "Tracks",
        "notes": "",
        "colour": "#0288d1",
        "equipment_number": "3167847",
        "section": "Central"
      },
      "geometry": {
        "type": "LineString",
        "coordinates": [
          [
            -4.353274,
            55.85411
          ],
          [
            -4.358472,
            55.854631
          ]
        ]
      }
    },
    {
      "type": "Feature",
      "properties": {
        "name": "3751 T",
        "type": "Tracks",
        "notes": "",
        "colour": "#ffd600",
        "equipment_number": "3167850",
        "section": "Central"
      },
      "geometry": {
        "type": "LineString",
        "coordinates": [
          [
            -4.358472,
            55.854631
          ],
          [
            -4.365535,
            55.855344
          ]
        ]
      }
    },
    {
      "type": "Feature",
      "properties": {
        "name": "3752 T",
        "type": "Tracks",
        "notes": "",
        "colour": "#0288d1",
        "equipment_number": "757183",
        "section": "Central"
      },
      "geometry": {
        "type": "LineString",
        "coordinates": [
          [
            -4.365535,
            55.855344
          ],
          [
            -4.372107,
            55.856006
          ]
        ]
      }
    },
    {
      "type": "Feature",
      "properties": {
        "name": "3744 T",
        "type": "Tracks",
        "notes": "",
        "colour": "#0288d1",
        "equipment_number": "758738",
        "section": "Central"
      },
      "geometry": {
        "type": "LineString",
        "coordinates": [
          [
            -4.341366,
            55.85292
          ],
          [
            -4.340257,
            55.852805
          ],
          [
            -4.33854,
            55.852617
          ],
          [
            -4.337567,
            55.852518
          ]
        ]
      }
    },
    {
      "type": "Feature",
      "properties": {
        "name": "3743 T",
        "type": "Tracks",
        "notes": "",
        "colour": "#ffd600",
        "equipment_number": "3167838",
        "section": "Central"
      },
      "geometry": {
        "type": "LineString",
        "coordinates": [
          [
            -4.337567,
            55.852518
          ],
          [
            -4.334066,
            55.852168
          ]
        ]
      }
    },
    {
      "type": "Feature",
      "properties": {
        "name": "3742 T",
        "type": "Tracks",
        "notes": "",
        "colour": "#0288d1",
        "equipment_number": "3167835",
        "section": "Central"
      },
      "geometry": {
        "type": "LineString",
        "coordinates": [
          [
            -4.334066,
            55.852168
          ],
          [
            -4.329185,
            55.85167
          ],
          [
            -4.327887,
            55.85154
          ]
        ]
      }
    },
    {
      "type": "Feature",
      "properties": {
        "name": "3741 T",
        "type": "Tracks",
        "notes": "",
        "colour": "#ffd600",
        "equipment_number": "758709",
        "section": "Central"
      },
      "geometry": {
        "type": "LineString",
        "coordinates": [
          [
            -4.327887,
            55.85154
          ],
          [
            -4.324631,
            55.851207
          ]
        ]
      }
    },
    {
      "type": "Feature",
      "properties": {
        "name": "3738 T",
        "type": "Tracks",
        "notes": "",
        "colour": "#0288d1",
        "equipment_number": "3167832",
        "section": "Central"
      },
      "geometry": {
        "type": "LineString",
        "coordinates": [
          [
            -4.324631,
            55.851207
          ],
          [
            -4.319286,
            55.850671
          ]
        ]
      }
    },
    {
      "type": "Feature",
      "properties": {
        "name": "3737 T",
        "type": "Tracks",
        "notes": "",
        "colour": "#ffd600",
        "equipment_number": "3167829",
        "section": "Central"
      },
      "geometry": {
        "type": "LineString",
        "coordinates": [
          [
            -4.319286,
            55.850671
          ],
          [
            -4.315981,
            55.850334
          ]
        ]
      }
    },
    {
      "type": "Feature",
      "properties": {
        "name": "3736 T",
        "type": "Tracks",
        "notes": "",
        "colour": "#0288d1",
        "equipment_number": "758751",
        "section": "Central"
      },
      "geometry": {
        "type": "LineString",
        "coordinates": [
          [
            -4.315981,
            55.850334
          ],
          [
            -4.312946,
            55.850031
          ]
        ]
      }
    },
    {
      "type": "Feature",
      "properties": {
        "name": "3735 T",
        "type": "Tracks",
        "notes": "Section over points between Up Ayr and Up Gourock on rust register (April 2023 version)",
        "colour": "#ffea00",
        "equipment_number": "3167826",
        "section": "Central"
      },
      "geometry": {
        "type": "LineString",
        "coordinates": [
          [
            -4.312946,
            55.850031
          ],
          [
            -4.310399,
            55.849765
          ],
          [
            -4.307223,
            55.849443
          ],
          [
            -4.308462,
            55.849551
          ],
          [
            -4.307223,
            55.849443
          ],
          [
            -4.30588,
            55.849309
          ]
        ]
      }
    },
    {
      "type": "Feature",
      "properties": {
        "name": "3734 T",
        "type": "Tracks",
        "notes": "",
        "colour": "#0288d1",
        "equipment_number": "3167823",
        "section": "Central"
      },
      "geometry": {
        "type": "LineString",
        "coordinates": [
          [
            -4.30588,
            55.849309
          ],
          [
            -4.302277,
            55.848938
          ]
        ]
      }
    },
    {
      "type": "Feature",
      "properties": {
        "name": "3733 T",
        "type": "Tracks",
        "notes": "",
        "colour": "#ffd600",
        "equipment_number": "3167820",
        "section": "Central"
      },
      "geometry": {
        "type": "LineString",
        "coordinates": [
          [
            -4.302277,
            55.848938
          ],
          [
            -4.300213,
            55.84871
          ],
          [
            -4.299636,
            55.848646
          ],
          [
            -4.299202,
            55.848595
          ],
          [
            -4.299636,
            55.848645
          ],
          [
            -4.300213,
            55.84871
          ],
          [
            -4.299191,
            55.848626
          ]
        ]
      }
    },
    {
      "type": "Feature",
      "properties": {
        "name": "3732 T",
        "type": "Tracks",
        "notes": "",
        "colour": "#0288d1",
        "equipment_number": "3167817",
        "section": "Central"
      },
      "geometry": {
        "type": "LineString",
        "coordinates": [
          [
            -4.299191,
            55.848626
          ],
          [
            -4.296421,
            55.84836
          ]
        ]
      }
    },
    {
      "type": "Feature",
      "properties": {
        "name": "3731 T",
        "type": "Tracks",
        "notes": "",
        "colour": "#ffd600",
        "equipment_number": "3167814",
        "section": "Central"
      },
      "geometry": {
        "type": "LineString",
        "coordinates": [
          [
            -4.296421,
            55.84836
          ],
          [
            -4.291695,
            55.847894
          ]
        ]
      }
    },
    {
      "type": "Feature",
      "properties": {
        "name": "3728 T",
        "type": "Tracks",
        "notes": "",
        "colour": "#0288d1",
        "equipment_number": "3167811",
        "section": "Central"
      },
      "geometry": {
        "type": "LineString",
        "coordinates": [
          [
            -4.291695,
            55.847894
          ],
          [
            -4.291199,
            55.847848
          ],
          [
            -4.290211,
            55.847763
          ],
          [
            -4.289406,
            55.847706
          ],
          [
            -4.288789,
            55.847666
          ],
          [
            -4.288044,
            55.847624
          ]
        ]
      }
    },
    {
      "type": "Feature",
      "properties": {
        "name": "3726 T",
        "type": "Tracks",
        "notes": "",
        "colour": "#0288d1",
        "equipment_number": "3167805",
        "section": "Central"
      },
      "geometry": {
        "type": "LineString",
        "coordinates": [
          [
            -4.28051,
            55.847668
          ],
          [
            -4.280307,
            55.847632
          ],
          [
            -4.280136,
            55.847603
          ],
          [
            -4.279618,
            55.847502
          ],
          [
            -4.2791,
            55.847442
          ],
          [
            -4.278931,
            55.847428
          ],
          [
            -4.278809,
            55.847424
          ],
          [
            -4.278545,
            55.847424
          ]
        ]
      }
    },
    {
      "type": "Feature",
      "properties": {
        "name": "3725 T",
        "type": "Tracks",
        "notes": "",
        "colour": "#ffd600",
        "equipment_number": "1387647",
        "section": "Central"
      },
      "geometry": {
        "type": "LineString",
        "coordinates": [
          [
            -4.278545,
            55.847424
          ],
          [
            -4.277995,
            55.847444
          ],
          [
            -4.277578,
            55.847462
          ],
          [
            -4.277114,
            55.84748
          ],
          [
            -4.276726,
            55.84748
          ],
          [
            -4.27658,
            55.847477
          ]
        ]
      }
    },
    {
      "type": "Feature",
      "properties": {
        "name": "3765 T",
        "type": "Tracks",
        "notes": "",
        "colour": "#0288d1",
        "equipment_number": "758189",
        "section": "Central"
      },
      "geometry": {
        "type": "LineString",
        "coordinates": [
          [
            -4.27658,
            55.847477
          ],
          [
            -4.276331,
            55.847464
          ],
          [
            -4.276039,
            55.847436
          ],
          [
            -4.275706,
            55.847391
          ],
          [
            -4.275576,
            55.847369
          ],
          [
            -4.275706,
            55.847391
          ],
          [
            -4.276038,
            55.847436
          ],
          [
            -4.276305,
            55.847452
          ],
          [
            -4.276634,
            55.847453
          ],
          [
            -4.276745,
            55.847451
          ]
        ]
      }
    },
    {
      "type": "Feature",
      "properties": {
        "name": "3766 T",
        "type": "Tracks",
        "notes": "",
        "colour": "#ffd600",
        "equipment_number": "3167859",
        "section": "Central"
      },
      "geometry": {
        "type": "LineString",
        "coordinates": [
          [
            -4.276745,
            55.847451
          ],
          [
            -4.27801,
            55.84739
          ]
        ]
      }
    },
    {
      "type": "Feature",
      "properties": {
        "name": "3767 T",
        "type": "Tracks",
        "notes": "",
        "colour": "#0288d1",
        "equipment_number": "757081",
        "section": "Central"
      },
      "geometry": {
        "type": "LineString",
        "coordinates": [
          [
            -4.27801,
            55.84739
          ],
          [
            -4.278825,
            55.847348
          ],
          [
            -4.279382,
            55.847327
          ],
          [
            -4.279915,
            55.847312
          ],
          [
            -4.280976,
            55.847286
          ],
          [
            -4.281919,
            55.847263
          ],
          [
            -4.282555,
            55.84726
          ],
          [
            -4.283224,
            55.847273
          ]
        ]
      }
    },
    {
      "type": "Feature",
      "properties": {
        "name": "3768 T",
        "type": "Tracks",
        "notes": "",
        "colour": "#ffd600",
        "equipment_number": "3167862",
        "section": "Central"
      },
      "geometry": {
        "type": "LineString",
        "coordinates": [
          [
            -4.283224,
            55.847273
          ],
          [
            -4.28366,
            55.847291
          ],
          [
            -4.284206,
            55.847328
          ],
          [
            -4.284658,
            55.847372
          ],
          [
            -4.284206,
            55.847328
          ],
          [
            -4.283648,
            55.847278
          ],
          [
            -4.283224,
            55.847248
          ]
        ]
      }
    },
    {
      "type": "Feature",
      "properties": {
        "name": "3777 T",
        "type": "Tracks",
        "notes": "",
        "colour": "#a52714",
        "equipment_number": "757101",
        "section": "Central"
      },
      "geometry": {
        "type": "LineString",
        "coordinates": [
          [
            -4.283224,
            55.847248
          ],
          [
            -4.283095,
            55.84724
          ],
          [
            -4.28288,
            55.847235
          ],
          [
            -4.282299,
            55.847231
          ],
          [
            -4.281647,
            55.847241
          ],
          [
            -4.280938,
            55.847256
          ]
        ]
      }
    },
    {
      "type": "Feature",
      "properties": {
        "name": "3776 T",
        "type": "Tracks",
        "notes": "",
        "colour": "#7cb342",
        "equipment_number": "1388028",
        "section": "Central"
      },
      "geometry": {
        "type": "LineString",
        "coordinates": [
          [
            -4.280938,
            55.847256
          ],
          [
            -4.279417,
            55.847296
          ],
          [
            -4.278844,
            55.847314
          ],
          [
            -4.278232,
            55.847344
          ],
          [
            -4.277247,
            55.847396
          ],
          [
            -4.276908,
            55.847405
          ],
          [
            -4.276589,
            55.847405
          ],
          [
            -4.276278,
            55.847393
          ],
          [
            -4.275879,
            55.847347
          ],
          [
            -4.275561,
            55.84729
          ],
          [
            -4.275297,
            55.847228
          ],
          [
            -4.275231,
            55.84721
          ],
          [
            -4.273987,
            55.846866
          ]
        ]
      }
    },
    {
      "type": "Feature",
      "properties": {
        "name": "3775 T",
        "type": "Tracks",
        "notes": "",
        "colour": "#a52714",
        "equipment_number": "758203",
        "section": "Central"
      },
      "geometry": {
        "type": "LineString",
        "coordinates": [
          [
            -4.273987,
            55.846866
          ],
          [
            -4.273155,
            55.84664
          ],
          [
            -4.272412,
            55.846455
          ],
          [
            -4.27275,
            55.846556
          ],
          [
            -4.272989,
            55.846631
          ],
          [
            -4.27275,
            55.846556
          ],
          [
            -4.272411,
            55.846454
          ],
          [
            -4.271954,
            55.846354
          ],
          [
            -4.271328,
            55.846226
          ]
        ]
      }
    },
    {
      "type": "Feature",
      "properties": {
        "name": "3774 T",
        "type": "Tracks",
        "notes": "",
        "colour": "#7cb342",
        "equipment_number": "758201",
        "section": "Central"
      },
      "geometry": {
        "type": "LineString",
        "coordinates": [
          [
            -4.270126,
            55.846018
          ],
          [
            -4.270716,
            55.846114
          ],
          [
            -4.271328,
            55.846226
          ],
          [
            -4.271095,
            55.846184
          ],
          [
            -4.270848,
            55.846124
          ],
          [
            -4.270555,
            55.846047
          ],
          [
            -4.270488,
            55.846028
          ]
        ]
      }
    },
    {
      "type": "Feature",
      "properties": {
        "name": "3770 T",
        "type": "Tracks",
        "notes": "",
        "colour": "#a52714",
        "equipment_number": "18236857",
        "section": "Central"
      },
      "geometry": {
        "type": "LineString",
        "coordinates": [
          [
            -4.270488,
            55.846028
          ],
          [
            -4.270224,
            55.845953
          ],
          [
            -4.269841,
            55.845822
          ],
          [
            -4.269729,
            55.845776
          ]
        ]
      }
    },
    {
      "type": "Feature",
      "properties": {
        "name": "4361 T",
        "type": "Tracks",
        "notes": "",
        "colour": "#7cb342",
        "equipment_number": "9199215",
        "section": "Central"
      },
      "geometry": {
        "type": "LineString",
        "coordinates": [
          [
            -4.269729,
            55.845776
          ],
          [
            -4.269506,
            55.845674
          ],
          [
            -4.269302,
            55.845565
          ],
          [
            -4.269085,
            55.845425
          ],
          [
            -4.268882,
            55.845279
          ],
          [
            -4.268705,
            55.845123
          ],
          [
            -4.268574,
            55.845006
          ],
          [
            -4.268461,
            55.844884
          ],
          [
            -4.268345,
            55.844746
          ],
          [
            -4.268233,
            55.84459
          ],
          [
            -4.268153,
            55.844445
          ],
          [
            -4.268067,
            55.844265
          ],
          [
            -4.268015,
            55.844109
          ],
          [
            -4.267981,
            55.843989
          ],
          [
            -4.267961,
            55.843823
          ],
          [
            -4.267965,
            55.843538
          ],
          [
            -4.267986,
            55.843402
          ],
          [
            -4.268039,
            55.843212
          ],
          [
            -4.268153,
            55.842932
          ],
          [
            -4.268695,
            55.841795
          ]
        ]
      }
    },
    {
      "type": "Feature",
      "properties": {
        "name": "3764 T",
        "type": "Tracks",
        "notes": "",
        "colour": "#ffd600",
        "equipment_number": "3167856",
        "section": "Central"
      },
      "geometry": {
        "type": "LineString",
        "coordinates": [
          [
            -4.275576,
            55.847369
          ],
          [
            -4.275305,
            55.847313
          ],
          [
            -4.275183,
            55.847284
          ],
          [
            -4.274175,
            55.84701
          ],
          [
            -4.27401,
            55.846964
          ]
        ]
      }
    },
    {
      "type": "Feature",
      "properties": {
        "name": "3763 T",
        "type": "Tracks",
        "notes": "",
        "colour": "#0288d1",
        "equipment_number": "758187",
        "section": "Central"
      },
      "geometry": {
        "type": "LineString",
        "coordinates": [
          [
            -4.272989,
            55.846631
          ],
          [
            -4.273357,
            55.846759
          ],
          [
            -4.273817,
            55.846909
          ],
          [
            -4.27401,
            55.846964
          ],
          [
            -4.273817,
            55.846909
          ],
          [
            -4.272764,
            55.846623
          ],
          [
            -4.272395,
            55.846529
          ],
          [
            -4.271982,
            55.846431
          ],
          [
            -4.27168,
            55.846361
          ]
        ]
      }
    },
    {
      "type": "Feature",
      "properties": {
        "name": "3762 T",
        "type": "Tracks",
        "notes": "",
        "colour": "#ffd600",
        "equipment_number": "758186",
        "section": "Central"
      },
      "geometry": {
        "type": "LineString",
        "coordinates": [
          [
            -4.27168,
            55.846361
          ],
          [
            -4.271049,
            55.846228
          ],
          [
            -4.270666,
            55.846156
          ],
          [
            -4.270183,
            55.846072
          ],
          [
            -4.269669,
            55.84599
          ],
          [
            -4.269122,
            55.845912
          ],
          [
            -4.268406,
            55.84582
          ],
          [
            -4.265963,
            55.845525
          ],
          [
            -4.26504,
            55.845402
          ],
          [
            -4.264904,
            55.845382
          ]
        ]
      }
    },
    {
      "type": "Feature",
      "properties": {
        "name": "3761 T",
        "type": "Tracks",
        "notes": "",
        "colour": "#0288d1",
        "equipment_number": "758185",
        "section": "Central"
      },
      "geometry": {
        "type": "LineString",
        "coordinates": [
          [
            -4.264904,
            55.845382
          ],
          [
            -4.264617,
            55.845331
          ],
          [
            -4.264375,
            55.845273
          ],
          [
            -4.264137,
            55.845201
          ],
          [
            -4.26396,
            55.845137
          ],
          [
            -4.263764,
            55.845055
          ],
          [
            -4.263621,
            55.84499
          ],
          [
            -4.263428,
            55.844882
          ],
          [
            -4.263217,
            55.84474
          ],
          [
            -4.263038,
            55.844613
          ],
          [
            -4.262408,
            55.844196
          ]
        ]
      }
    },
    {
      "type": "Feature",
      "properties": {
        "name": "569 T",
        "type": "Tracks",
        "notes": "",
        "colour": "#ffd600",
        "equipment_number": "758184",
        "section": "Central"
      },
      "geometry": {
        "type": "LineString",
        "coordinates": [
          [
            -4.262408,
            55.844196
          ],
          [
            -4.261732,
            55.843756
          ],
          [
            -4.261367,
            55.84355
          ],
          [
            -4.260887,
            55.843298
          ]
        ]
      }
    },
    {
      "type": "Feature",
      "properties": {
        "name": "570 T",
        "type": "Tracks",
        "notes": "",
        "colour": "#0288d1",
        "equipment_number": "758174",
        "section": "Central"
      },
      "geometry": {
        "type": "LineString",
        "coordinates": [
          [
            -4.260887,
            55.843298
          ],
          [
            -4.259763,
            55.84275
          ]
        ]
      }
    },
    {
      "type": "Feature",
      "properties": {
        "name": "571 T",
        "type": "Tracks",
        "notes": "",
        "colour": "#ffd600",
        "equipment_number": "758182",
        "section": "Central"
      },
      "geometry": {
        "type": "LineString",
        "coordinates": [
          [
            -4.259763,
            55.84275
          ],
          [
            -4.259135,
            55.842448
          ],
          [
            -4.258809,
            55.842306
          ]
        ]
      }
    },
    {
      "type": "Feature",
      "properties": {
        "name": "3772 T",
        "type": "Tracks",
        "notes": "",
        "colour": "#a52714",
        "equipment_number": "758245",
        "section": "Central"
      },
      "geometry": {
        "type": "LineString",
        "coordinates": [
          [
            -4.270126,
            55.846018
          ],
          [
            -4.269264,
            55.845896
          ],
          [
            -4.268252,
            55.845769
          ],
          [
            -4.267016,
            55.845622
          ],
          [
            -4.266907,
            55.84561
          ]
        ]
      }
    },
    {
      "type": "Feature",
      "properties": {
        "name": "3771 T",
        "type": "Tracks",
        "notes": "",
        "colour": "#7cb342",
        "equipment_number": "758217",
        "section": "Central"
      },
      "geometry": {
        "type": "LineString",
        "coordinates": [
          [
            -4.266907,
            55.84561
          ],
          [
            -4.265796,
            55.845474
          ],
          [
            -4.265072,
            55.845371
          ],
          [
            -4.26481,
            55.845335
          ],
          [
            -4.264464,
            55.845261
          ],
          [
            -4.264165,
            55.845173
          ],
          [
            -4.263905,
            55.845076
          ],
          [
            -4.263688,
            55.844979
          ],
          [
            -4.263425,
            55.84483
          ],
          [
            -4.263165,
            55.844652
          ],
          [
            -4.26249,
            55.844207
          ]
        ]
      }
    },
    {
      "type": "Feature",
      "properties": {
        "name": "3663 T",
        "type": "Tracks",
        "notes": "",
        "colour": "#ffd600",
        "equipment_number": "758741",
        "section": "Central"
      },
      "geometry": {
        "type": "LineString",
        "coordinates": [
          [
            -4.286923,
            55.847539
          ],
          [
            -4.285913,
            55.847505
          ],
          [
            -4.285409,
            55.847492
          ]
        ]
      }
    },
    {
      "type": "Feature",
      "properties": {
        "name": "3662 T",
        "type": "Tracks",
        "notes": "",
        "colour": "#0288d1",
        "equipment_number": "758712",
        "section": "Central"
      },
      "geometry": {
        "type": "LineString",
        "coordinates": [
          [
            -4.283054,
            55.847473
          ],
          [
            -4.284396,
            55.847476
          ],
          [
            -4.285143,
            55.847487
          ],
          [
            -4.285409,
            55.847492
          ],
          [
            -4.285145,
            55.847487
          ],
          [
            -4.284202,
            55.847458
          ]
        ]
      }
    },
    {
      "type": "Feature",
      "properties": {
        "name": "3661 T",
        "type": "Tracks",
        "notes": "",
        "colour": "#ffd600",
        "equipment_number": "2560255",
        "section": "Central"
      },
      "geometry": {
        "type": "LineString",
        "coordinates": [
          [
            -4.283054,
            55.847473
          ],
          [
            -4.282215,
            55.847477
          ],
          [
            -4.281347,
            55.847492
          ],
          [
            -4.280667,
            55.847511
          ],
          [
            -4.280104,
            55.847529
          ]
        ]
      }
    },
    {
      "type": "Feature",
      "properties": {
        "name": "3660 T",
        "type": "Tracks",
        "notes": "",
        "colour": "#0288d1",
        "equipment_number": "2560254",
        "section": "Central"
      },
      "geometry": {
        "type": "LineString",
        "coordinates": [
          [
            -4.280104,
            55.847529
          ],
          [
            -4.279288,
            55.847565
          ],
          [
            -4.278712,
            55.847596
          ],
          [
            -4.277658,
            55.847664
          ]
        ]
      }
    },
    {
      "type": "Feature",
      "properties": {
        "name": "3659 T",
        "type": "Tracks",
        "notes": "",
        "colour": "#ffd600",
        "equipment_number": "2560382",
        "section": "Central"
      },
      "geometry": {
        "type": "LineString",
        "coordinates": [
          [
            -4.277658,
            55.847664
          ],
          [
            -4.275779,
            55.847817
          ],
          [
            -4.275247,
            55.84787
          ]
        ]
      }
    },
    {
      "type": "Feature",
      "properties": {
        "name": "3658 T",
        "type": "Tracks",
        "notes": "",
        "colour": "#0288d1",
        "equipment_number": "2560380",
        "section": "Central"
      },
      "geometry": {
        "type": "LineString",
        "coordinates": [
          [
            -4.275247,
            55.84787
          ],
          [
            -4.274406,
            55.847965
          ],
          [
            -4.273746,
            55.848046
          ],
          [
            -4.273314,
            55.848103
          ],
          [
            -4.272814,
            55.848174
          ]
        ]
      }
    },
    {
      "type": "Feature",
      "properties": {
        "name": "3657 T",
        "type": "Tracks",
        "notes": "",
        "colour": "#ffd600",
        "equipment_number": "2560378",
        "section": "Central"
      },
      "geometry": {
        "type": "LineString",
        "coordinates": [
          [
            -4.272814,
            55.848174
          ],
          [
            -4.270741,
            55.848491
          ]
        ]
      }
    },
    {
      "type": "Feature",
      "properties": {
        "name": "3656 T",
        "type": "Tracks",
        "notes": "",
        "colour": "#0288d1",
        "equipment_number": "2560250",
        "section": "Central"
      },
      "geometry": {
        "type": "LineString",
        "coordinates": [
          [
            -4.270741,
            55.848491
          ],
          [
            -4.269628,
            55.848662
          ],
          [
            -4.268523,
            55.848849
          ]
        ]
      }
    },
    {
      "type": "Feature",
      "properties": {
        "name": "3655 T",
        "type": "Tracks",
        "notes": "",
        "colour": "#ffd600",
        "equipment_number": "2560249",
        "section": "Central"
      },
      "geometry": {
        "type": "LineString",
        "coordinates": [
          [
            -4.268523,
            55.848849
          ],
          [
            -4.26765,
            55.849016
          ],
          [
            -4.267153,
            55.84912
          ]
        ]
      }
    },
    {
      "type": "Feature",
      "properties": {
        "name": "3693 T",
        "type": "Tracks",
        "notes": "",
        "colour": "#7cb342",
        "equipment_number": "758694",
        "section": "Central"
      },
      "geometry": {
        "type": "LineString",
        "coordinates": [
          [
            -4.284586,
            55.847424
          ],
          [
            -4.285484,
            55.847458
          ],
          [
            -4.285932,
            55.847474
          ],
          [
            -4.286072,
            55.847479
          ],
          [
            -4.285934,
            55.847474
          ],
          [
            -4.284913,
            55.847453
          ],
          [
            -4.284532,
            55.847449
          ]
        ]
      }
    },
    {
      "type": "Feature",
      "properties": {
        "name": "3638 T",
        "type": "Tracks",
        "notes": "",
        "colour": "#a52714",
        "equipment_number": "758692",
        "section": "Central"
      },
      "geometry": {
        "type": "LineString",
        "coordinates": [
          [
            -4.284532,
            55.847449
          ],
          [
            -4.283068,
            55.847441
          ],
          [
            -4.283546,
            55.847444
          ],
          [
            -4.284202,
            55.847458
          ]
        ]
      }
    },
    {
      "type": "Feature",
      "properties": {
        "name": "3637 T",
        "type": "Tracks",
        "notes": "Section on Up City Union on rust register (April 2023 version)",
        "colour": "#7cb342",
        "equipment_number": "758710",
        "section": "Central"
      },
      "geometry": {
        "type": "LineString",
        "coordinates": [
          [
            -4.280094,
            55.847463
          ],
          [
            -4.280534,
            55.847448
          ],
          [
            -4.281058,
            55.847438
          ],
          [
            -4.282167,
            55.84744
          ],
          [
            -4.282528,
            55.847443
          ],
          [
            -4.283068,
            55.847441
          ],
          [
            -4.282528,
            55.847443
          ],
          [
            -4.281674,
            55.847455
          ],
          [
            -4.2801,
            55.847497
          ]
        ]
      }
    },
    {
      "type": "Feature",
      "properties": {
        "name": "3636 T",
        "type": "Tracks",
        "notes": "",
        "colour": "#a52714",
        "equipment_number": "758687",
        "section": "Central"
      },
      "geometry": {
        "type": "LineString",
        "coordinates": [
          [
            -4.2801,
            55.847497
          ],
          [
            -4.279338,
            55.847531
          ],
          [
            -4.278135,
            55.847601
          ],
          [
            -4.277652,
            55.847634
          ]
        ]
      }
    },
    {
      "type": "Feature",
      "properties": {
        "name": "3635 T",
        "type": "Tracks",
        "notes": "",
        "colour": "#7cb342",
        "equipment_number": "2560376",
        "section": "Central"
      },
      "geometry": {
        "type": "LineString",
        "coordinates": [
          [
            -4.277652,
            55.847634
          ],
          [
            -4.277006,
            55.847681
          ],
          [
            -4.276144,
            55.847753
          ],
          [
            -4.275233,
            55.847841
          ]
        ]
      }
    },
    {
      "type": "Feature",
      "properties": {
        "name": "3634 T",
        "type": "Tracks",
        "notes": "",
        "colour": "#a52714",
        "equipment_number": "2560374",
        "section": "Central"
      },
      "geometry": {
        "type": "LineString",
        "coordinates": [
          [
            -4.275233,
            55.847841
          ],
          [
            -4.274647,
            55.847904
          ],
          [
            -4.273893,
            55.847994
          ],
          [
            -4.272799,
            55.848143
          ]
        ]
      }
    },
    {
      "type": "Feature",
      "properties": {
        "name": "3631 T",
        "type": "Tracks",
        "notes": "",
        "colour": "#7cb342",
        "equipment_number": "2560372",
        "section": "Central"
      },
      "geometry": {
        "type": "LineString",
        "coordinates": [
          [
            -4.272799,
            55.848143
          ],
          [
            -4.270726,
            55.84846
          ],
          [
            -4.270644,
            55.848472
          ]
        ]
      }
    },
    {
      "type": "Feature",
      "properties": {
        "name": "3619 T",
        "type": "Tracks",
        "notes": "",
        "colour": "#a52714",
        "equipment_number": "2560370",
        "section": "Central"
      },
      "geometry": {
        "type": "LineString",
        "coordinates": [
          [
            -4.270644,
            55.848472
          ],
          [
            -4.269791,
            55.848603
          ],
          [
            -4.26917,
            55.848701
          ],
          [
            -4.268503,
            55.848819
          ]
        ]
      }
    },
    {
      "type": "Feature",
      "properties": {
        "name": "3617 T",
        "type": "Tracks",
        "notes": "",
        "colour": "#7cb342",
        "equipment_number": "2560241",
        "section": "Central"
      },
      "geometry": {
        "type": "LineString",
        "coordinates": [
          [
            -4.268503,
            55.848819
          ],
          [
            -4.267566,
            55.848998
          ],
          [
            -4.267239,
            55.849067
          ],
          [
            -4.267565,
            55.848997
          ],
          [
            -4.26773,
            55.848947
          ]
        ]
      }
    },
    {
      "type": "Feature",
      "properties": {
        "name": "3649 T",
        "type": "Tracks",
        "notes": "",
        "colour": "#a52714",
        "equipment_number": "1220487",
        "section": "Central"
      },
      "geometry": {
        "type": "LineString",
        "coordinates": [
          [
            -4.28466,
            55.847406
          ],
          [
            -4.283586,
            55.847385
          ],
          [
            -4.284586,
            55.847424
          ],
          [
            -4.283586,
            55.847385
          ],
          [
            -4.282692,
            55.847376
          ],
          [
            -4.281961,
            55.847379
          ]
        ]
      }
    },
    {
      "type": "Feature",
      "properties": {
        "name": "3648 T",
        "type": "Tracks",
        "notes": "",
        "colour": "#7cb342",
        "equipment_number": "1220488",
        "section": "Central"
      },
      "geometry": {
        "type": "LineString",
        "coordinates": [
          [
            -4.281961,
            55.847379
          ],
          [
            -4.281538,
            55.847383
          ],
          [
            -4.280993,
            55.847398
          ],
          [
            -4.279746,
            55.847446
          ],
          [
            -4.278727,
            55.847502
          ],
          [
            -4.277878,
            55.847552
          ],
          [
            -4.277451,
            55.847569
          ],
          [
            -4.277159,
            55.847575
          ],
          [
            -4.276912,
            55.847579
          ],
          [
            -4.276586,
            55.847579
          ]
        ]
      }
    },
    {
      "type": "Feature",
      "properties": {
        "name": "3647 T",
        "type": "Tracks",
        "notes": "",
        "colour": "#a52714",
        "equipment_number": "1220489",
        "section": "Central"
      },
      "geometry": {
        "type": "LineString",
        "coordinates": [
          [
            -4.276586,
            55.847579
          ],
          [
            -4.276144,
            55.847571
          ],
          [
            -4.275794,
            55.847579
          ],
          [
            -4.276144,
            55.847571
          ],
          [
            -4.275642,
            55.847558
          ],
          [
            -4.275146,
            55.847545
          ]
        ]
      }
    },
    {
      "type": "Feature",
      "properties": {
        "name": "3646 T",
        "type": "Tracks",
        "notes": "",
        "colour": "#7cb342",
        "equipment_number": "1220490",
        "section": "Central"
      },
      "geometry": {
        "type": "LineString",
        "coordinates": [
          [
            -4.275146,
            55.847545
          ],
          [
            -4.274713,
            55.847537
          ],
          [
            -4.274418,
            55.847536
          ],
          [
            -4.273998,
            55.847542
          ],
          [
            -4.273662,
            55.847554
          ],
          [
            -4.27332,
            55.84757
          ],
          [
            -4.272924,
            55.847603
          ],
          [
            -4.272664,
            55.847627
          ],
          [
            -4.272093,
            55.847698
          ],
          [
            -4.271548,
            55.84778
          ],
          [
            -4.271186,
            55.847846
          ]
        ]
      }
    },
    {
      "type": "Feature",
      "properties": {
        "name": "3645(2) T",
        "type": "Tracks",
        "notes": "",
        "colour": "#a52714",
        "equipment_number": "757634",
        "section": "Central"
      },
      "geometry": {
        "type": "LineString",
        "coordinates": [
          [
            -4.271186,
            55.847846
          ],
          [
            -4.270762,
            55.847936
          ],
          [
            -4.270382,
            55.848028
          ],
          [
            -4.269979,
            55.848141
          ],
          [
            -4.268297,
            55.848664
          ],
          [
            -4.267848,
            55.84879
          ],
          [
            -4.267438,
            55.848879
          ],
          [
            -4.266985,
            55.848955
          ],
          [
            -4.266545,
            55.849006
          ],
          [
            -4.266122,
            55.849034
          ],
          [
            -4.265682,
            55.849043
          ],
          [
            -4.265151,
            55.849027
          ],
          [
            -4.264585,
            55.84899
          ],
          [
            -4.264286,
            55.848966
          ]
        ]
      }
    },
    {
      "type": "Feature",
      "properties": {
        "name": "3645(1) T",
        "type": "Tracks",
        "notes": "",
        "colour": "#7cb342",
        "equipment_number": "757662",
        "section": "Central"
      },
      "geometry": {
        "type": "LineString",
        "coordinates": [
          [
            -4.264286,
            55.848966
          ],
          [
            -4.263541,
            55.848902
          ],
          [
            -4.262991,
            55.848843
          ],
          [
            -4.262018,
            55.848734
          ],
          [
            -4.261112,
            55.84862
          ],
          [
            -4.260375,
            55.848513
          ],
          [
            -4.259906,
            55.848436
          ],
          [
            -4.258937,
            55.848256
          ],
          [
            -4.258613,
            55.848206
          ],
          [
            -4.258315,
            55.848176
          ],
          [
            -4.257926,
            55.848149
          ],
          [
            -4.257412,
            55.848143
          ],
          [
            -4.25693,
            55.848164
          ],
          [
            -4.256518,
            55.84821
          ],
          [
            -4.256112,
            55.848274
          ],
          [
            -4.255725,
            55.848356
          ],
          [
            -4.255402,
            55.848445
          ],
          [
            -4.255108,
            55.848532
          ],
          [
            -4.254764,
            55.84865
          ],
          [
            -4.254353,
            55.848811
          ],
          [
            -4.254031,
            55.848957
          ]
        ]
      }
    },
    {
      "type": "Feature",
      "properties": {
        "name": "3644 T",
        "type": "Tracks",
        "notes": "On rust register (April 2023 version)",
        "colour": "#0288d1",
        "equipment_number": "1220514",
        "section": "Central"
      },
      "geometry": {
        "type": "LineString",
        "coordinates": [
          [
            -4.280094,
            55.847463
          ],
          [
            -4.27774,
            55.847587
          ],
          [
            -4.277543,
            55.847594
          ],
          [
            -4.277178,
            55.847605
          ],
          [
            -4.276592,
            55.847609
          ]
        ]
      }
    },
    {
      "type": "Feature",
      "properties": {
        "name": "3643 T",
        "type": "Tracks",
        "notes": "On rust register (April 2023 version)",
        "colour": "#ffd600",
        "equipment_number": "1220495",
        "section": "Central"
      },
      "geometry": {
        "type": "LineString",
        "coordinates": [
          [
            -4.276592,
            55.847609
          ],
          [
            -4.275146,
            55.847576
          ],
          [
            -4.275576,
            55.847585
          ],
          [
            -4.275794,
            55.847579
          ]
        ]
      }
    },
    {
      "type": "Feature",
      "properties": {
        "name": "3642 T",
        "type": "Tracks",
        "notes": "",
        "colour": "#0288d1",
        "equipment_number": "1220491",
        "section": "Central"
      },
      "geometry": {
        "type": "LineString",
        "coordinates": [
          [
            -4.275146,
            55.847576
          ],
          [
            -4.274543,
            55.847569
          ],
          [
            -4.274035,
            55.847573
          ],
          [
            -4.273592,
            55.847588
          ],
          [
            -4.273262,
            55.847608
          ],
          [
            -4.273592,
            55.847588
          ],
          [
            -4.273926,
            55.847577
          ],
          [
            -4.273575,
            55.847605
          ],
          [
            -4.273014,
            55.847674
          ]
        ]
      }
    },
    {
      "type": "Feature",
      "properties": {
        "name": "3641(1) T",
        "type": "Tracks",
        "notes": "",
        "colour": "#ffd600",
        "equipment_number": "1388129",
        "section": "Central"
      },
      "geometry": {
        "type": "LineString",
        "coordinates": [
          [
            -4.273262,
            55.847608
          ],
          [
            -4.27294,
            55.847631
          ],
          [
            -4.272551,
            55.84767
          ],
          [
            -4.272112,
            55.847724
          ],
          [
            -4.271509,
            55.847821
          ],
          [
            -4.271089,
            55.847899
          ],
          [
            -4.270761,
            55.84797
          ],
          [
            -4.270319,
            55.84808
          ],
          [
            -4.269823,
            55.848223
          ],
          [
            -4.268422,
            55.848663
          ],
          [
            -4.26798,
            55.848789
          ],
          [
            -4.267718,
            55.848856
          ],
          [
            -4.267432,
            55.848914
          ],
          [
            -4.267014,
            55.84898
          ],
          [
            -4.266599,
            55.849031
          ],
          [
            -4.26631,
            55.849055
          ]
        ]
      }
    },
    {
      "type": "Feature",
      "properties": {
        "name": "3641(2) T",
        "type": "Tracks",
        "notes": "",
        "colour": "#0288d1",
        "equipment_number": "10373036",
        "section": "Central"
      },
      "geometry": {
        "type": "LineString",
        "coordinates": [
          [
            -4.26631,
            55.849055
          ],
          [
            -4.266006,
            55.84907
          ],
          [
            -4.26563,
            55.849074
          ],
          [
            -4.265344,
            55.849067
          ],
          [
            -4.26495,
            55.849046
          ],
          [
            -4.264544,
            55.849017
          ],
          [
            -4.263555,
            55.848936
          ],
          [
            -4.262992,
            55.848878
          ],
          [
            -4.262124,
            55.848777
          ],
          [
            -4.260947,
            55.848632
          ],
          [
            -4.260507,
            55.848572
          ],
          [
            -4.259898,
            55.848468
          ],
          [
            -4.258903,
            55.848282
          ],
          [
            -4.258544,
            55.848228
          ],
          [
            -4.258292,
            55.8482
          ],
          [
            -4.257929,
            55.848178
          ],
          [
            -4.257476,
            55.848174
          ],
          [
            -4.257184,
            55.848184
          ],
          [
            -4.256875,
            55.8482
          ],
          [
            -4.256545,
            55.848239
          ],
          [
            -4.256366,
            55.848263
          ]
        ]
      }
    },
    {
      "type": "Feature",
      "properties": {
        "name": "3641(3) T",
        "type": "Tracks",
        "notes": "",
        "colour": "#ffd600",
        "equipment_number": "1388040",
        "section": "Central"
      },
      "geometry": {
        "type": "LineString",
        "coordinates": [
          [
            -4.254073,
            55.848975
          ],
          [
            -4.254315,
            55.848867
          ],
          [
            -4.254631,
            55.848737
          ],
          [
            -4.254958,
            55.848618
          ],
          [
            -4.255302,
            55.848508
          ],
          [
            -4.255658,
            55.848408
          ],
          [
            -4.255978,
            55.848334
          ],
          [
            -4.256214,
            55.848289
          ],
          [
            -4.256366,
            55.848263
          ]
        ]
      }
    },
    {
      "type": "Feature",
      "properties": {
        "name": "3626 T",
        "type": "Tracks",
        "notes": "",
        "colour": "#7cb342",
        "equipment_number": "2642570",
        "section": "Central"
      },
      "geometry": {
        "type": "LineString",
        "coordinates": [
          [
            -4.273014,
            55.847674
          ],
          [
            -4.272057,
            55.84779
          ],
          [
            -4.271578,
            55.847864
          ],
          [
            -4.27113,
            55.847948
          ],
          [
            -4.270815,
            55.848014
          ],
          [
            -4.270183,
            55.84817
          ],
          [
            -4.269903,
            55.848247
          ],
          [
            -4.269514,
            55.848368
          ],
          [
            -4.269058,
            55.848528
          ],
          [
            -4.268911,
            55.848587
          ]
        ]
      }
    },
    {
      "type": "Feature",
      "properties": {
        "name": "3622 T",
        "type": "Tracks",
        "notes": "",
        "colour": "#a52714",
        "equipment_number": "2642564",
        "section": "Central"
      },
      "geometry": {
        "type": "LineString",
        "coordinates": [
          [
            -4.267486,
            55.848978
          ],
          [
            -4.267965,
            55.848876
          ],
          [
            -4.26773,
            55.848947
          ],
          [
            -4.267966,
            55.848876
          ],
          [
            -4.268307,
            55.848796
          ],
          [
            -4.268534,
            55.848728
          ],
          [
            -4.268717,
            55.848664
          ],
          [
            -4.268911,
            55.848587
          ]
        ]
      }
    },
    {
      "type": "Feature",
      "properties": {
        "name": "3621 T",
        "type": "Tracks",
        "notes": "",
        "colour": "#0288d1",
        "equipment_number": "2642561",
        "section": "Central"
      },
      "geometry": {
        "type": "LineString",
        "coordinates": [
          [
            -4.267486,
            55.848978
          ],
          [
            -4.267048,
            55.849069
          ],
          [
            -4.266723,
            55.849159
          ],
          [
            -4.267048,
            55.849069
          ],
          [
            -4.266501,
            55.849189
          ],
          [
            -4.266171,
            55.849257
          ],
          [
            -4.265882,
            55.84931
          ],
          [
            -4.265282,
            55.849432
          ],
          [
            -4.265437,
            55.8494
          ],
          [
            -4.265653,
            55.849338
          ],
          [
            -4.265834,
            55.849288
          ],
          [
            -4.266022,
            55.849246
          ],
          [
            -4.266374,
            55.849177
          ]
        ]
      }
    },
    {
      "type": "Feature",
      "properties": {
        "name": "3615 T",
        "type": "Tracks",
        "notes": "",
        "colour": "#7cb342",
        "equipment_number": "2642558",
        "section": "Central"
      },
      "geometry": {
        "type": "LineString",
        "coordinates": [
          [
            -4.2667107,
            55.8491787
          ],
          [
            -4.266441,
            55.849234
          ],
          [
            -4.266723,
            55.849159
          ],
          [
            -4.266441,
            55.849234
          ],
          [
            -4.265908,
            55.849348
          ],
          [
            -4.265618,
            55.849408
          ]
        ]
      }
    },
    {
      "type": "Feature",
      "properties": {
        "name": "3613 T",
        "type": "Tracks",
        "notes": "",
        "colour": "#a52714",
        "equipment_number": "2642555",
        "section": "Central"
      },
      "geometry": {
        "type": "LineString",
        "coordinates": [
          [
            -4.265618,
            55.849408
          ],
          [
            -4.26403,
            55.849743
          ],
          [
            -4.263528,
            55.849852
          ],
          [
            -4.263186,
            55.849934
          ],
          [
            -4.262839,
            55.850025
          ],
          [
            -4.262411,
            55.850163
          ],
          [
            -4.262296,
            55.850206
          ]
        ]
      }
    },
    {
      "type": "Feature",
      "properties": {
        "name": "3654 T",
        "type": "Tracks",
        "notes": "",
        "colour": "#0288d1",
        "equipment_number": "2560248",
        "section": "Central"
      },
      "geometry": {
        "type": "LineString",
        "coordinates": [
          [
            -4.267153,
            55.84912
          ],
          [
            -4.266324,
            55.849297
          ],
          [
            -4.266494,
            55.84926
          ],
          [
            -4.266767,
            55.849186
          ]
        ]
      }
    },
    {
      "type": "Feature",
      "properties": {
        "name": "3653 T",
        "type": "Tracks",
        "notes": "",
        "colour": "#ffd600",
        "equipment_number": "2560247",
        "section": "Central"
      },
      "geometry": {
        "type": "LineString",
        "coordinates": [
          [
            -4.266324,
            55.849297
          ],
          [
            -4.265637,
            55.849441
          ]
        ]
      }
    },
    {
      "type": "Feature",
      "properties": {
        "name": "3652 T",
        "type": "Tracks",
        "notes": "",
        "colour": "#0288d1",
        "equipment_number": "2560246",
        "section": "Central"
      },
      "geometry": {
        "type": "LineString",
        "coordinates": [
          [
            -4.265637,
            55.849441
          ],
          [
            -4.263786,
            55.84983
          ],
          [
            -4.263486,
            55.849897
          ],
          [
            -4.262983,
            55.850023
          ],
          [
            -4.26276,
            55.850085
          ],
          [
            -4.262399,
            55.850204
          ],
          [
            -4.262324,
            55.850231
          ]
        ]
      }
    },
    {
      "type": "Feature",
      "properties": {
        "name": "3651 T",
        "type": "Tracks",
        "notes": "",
        "colour": "#ffd600",
        "equipment_number": "2560265",
        "section": "Central"
      },
      "geometry": {
        "type": "LineString",
        "coordinates": [
          [
            -4.262324,
            55.850231
          ],
          [
            -4.262054,
            55.850341
          ],
          [
            -4.26176,
            55.850461
          ],
          [
            -4.261654,
            55.85051
          ],
          [
            -4.26176,
            55.850461
          ],
          [
            -4.262055,
            55.85034
          ],
          [
            -4.261812,
            55.850456
          ],
          [
            -4.261564,
            55.850587
          ],
          [
            -4.261388,
            55.850699
          ],
          [
            -4.2613,
            55.850759
          ]
        ]
      }
    },
    {
      "type": "Feature",
      "properties": {
        "name": "3611 T",
        "type": "Tracks",
        "notes": "",
        "colour": "#7cb342",
        "equipment_number": "2560260",
        "section": "Central"
      },
      "geometry": {
        "type": "LineString",
        "coordinates": [
          [
            -4.261654,
            55.85051
          ],
          [
            -4.261407,
            55.850635
          ],
          [
            -4.261326,
            55.850688
          ],
          [
            -4.261231,
            55.850753
          ],
          [
            -4.261407,
            55.850635
          ],
          [
            -4.261637,
            55.850501
          ],
          [
            -4.26186,
            55.850391
          ],
          [
            -4.262094,
            55.850285
          ],
          [
            -4.262296,
            55.850206
          ]
        ]
      }
    },
    {
      "type": "Feature",
      "properties": {
        "name": "743 T",
        "type": "Tracks",
        "notes": "",
        "colour": "#7cb342",
        "equipment_number": "1217933",
        "section": "Central"
      },
      "geometry": {
        "type": "LineString",
        "coordinates": [
          [
            -4.271229,
            55.838482
          ],
          [
            -4.27094,
            55.838591
          ],
          [
            -4.26954,
            55.839082
          ],
          [
            -4.267797,
            55.839685
          ]
        ]
      }
    },
    {
      "type": "Feature",
      "properties": {
        "name": "745 T",
        "type": "Tracks",
        "notes": "",
        "colour": "#a52714",
        "equipment_number": "18886747",
        "section": "Central"
      },
      "geometry": {
        "type": "LineString",
        "coordinates": [
          [
            -4.267797,
            55.839685
          ],
          [
            -4.265117,
            55.840622
          ],
          [
            -4.26471,
            55.840779
          ],
          [
            -4.264394,
            55.840908
          ],
          [
            -4.264051,
            55.841062
          ],
          [
            -4.263682,
            55.841242
          ],
          [
            -4.263193,
            55.841498
          ],
          [
            -4.262627,
            55.841844
          ],
          [
            -4.262438,
            55.841951
          ],
          [
            -4.262156,
            55.842076
          ],
          [
            -4.261911,
            55.84217
          ]
        ]
      }
    },
    {
      "type": "Feature",
      "properties": {
        "name": "587 T",
        "type": "Tracks",
        "notes": "",
        "colour": "#7cb342",
        "equipment_number": "1217936",
        "section": "Central"
      },
      "geometry": {
        "type": "LineString",
        "coordinates": [
          [
            -4.261911,
            55.84217
          ],
          [
            -4.261546,
            55.842278
          ],
          [
            -4.26121,
            55.842353
          ],
          [
            -4.260862,
            55.842406
          ],
          [
            -4.260591,
            55.842432
          ],
          [
            -4.260304,
            55.842446
          ],
          [
            -4.260035,
            55.842445
          ],
          [
            -4.259767,
            55.842434
          ],
          [
            -4.259472,
            55.842404
          ],
          [
            -4.259118,
            55.842337
          ]
        ]
      }
    },
    {
      "type": "Feature",
      "properties": {
        "name": "563 T",
        "type": "Tracks",
        "notes": "",
        "colour": "#a52714",
        "equipment_number": "758190",
        "section": "Central"
      },
      "geometry": {
        "type": "LineString",
        "coordinates": [
          [
            -4.26249,
            55.844207
          ],
          [
            -4.261817,
            55.843765
          ],
          [
            -4.261436,
            55.843544
          ]
        ]
      }
    },
    {
      "type": "Feature",
      "properties": {
        "name": "585 T",
        "type": "Tracks",
        "notes": "",
        "colour": "#7cb342",
        "equipment_number": "758191",
        "section": "Central"
      },
      "geometry": {
        "type": "LineString",
        "coordinates": [
          [
            -4.261436,
            55.843544
          ],
          [
            -4.260839,
            55.843233
          ],
          [
            -4.259663,
            55.842659
          ],
          [
            -4.259352,
            55.84251
          ]
        ]
      }
    },
    {
      "type": "Feature",
      "properties": {
        "name": "588 T",
        "type": "Tracks",
        "notes": "",
        "colour": "#a52714",
        "equipment_number": "758614",
        "section": "Central"
      },
      "geometry": {
        "type": "LineString",
        "coordinates": [
          [
            -4.259352,
            55.84251
          ],
          [
            -4.258757,
            55.842244
          ],
          [
            -4.258593,
            55.842197
          ],
          [
            -4.258758,
            55.842244
          ],
          [
            -4.258567,
            55.842166
          ],
          [
            -4.258756,
            55.842244
          ],
          [
            -4.258915,
            55.84229
          ],
          [
            -4.259118,
            55.842337
          ]
        ]
      }
    },
    {
      "type": "Feature",
      "properties": {
        "name": "741 T",
        "type": "Tracks",
        "notes": "",
        "colour": "#ffd600",
        "equipment_number": "1217912",
        "section": "Central"
      },
      "geometry": {
        "type": "LineString",
        "coordinates": [
          [
            -4.259556,
            55.842378
          ],
          [
            -4.259835,
            55.842405
          ],
          [
            -4.260163,
            55.842416
          ],
          [
            -4.260525,
            55.842402
          ],
          [
            -4.260967,
            55.842356
          ],
          [
            -4.261348,
            55.842289
          ],
          [
            -4.261724,
            55.84219
          ],
          [
            -4.261978,
            55.842107
          ],
          [
            -4.262263,
            55.841991
          ],
          [
            -4.2624,
            55.841917
          ],
          [
            -4.263304,
            55.84139
          ],
          [
            -4.263588,
            55.841249
          ],
          [
            -4.264004,
            55.841042
          ],
          [
            -4.264358,
            55.840884
          ],
          [
            -4.26458,
            55.840795
          ],
          [
            -4.264996,
            55.84063
          ],
          [
            -4.265404,
            55.840484
          ],
          [
            -4.266482,
            55.840109
          ],
          [
            -4.268864,
            55.839276
          ]
        ]
      }
    },
    {
      "type": "Feature",
      "properties": {
        "name": "742 T",
        "type": "Tracks",
        "notes": "",
        "colour": "#0288d1",
        "equipment_number": "759104",
        "section": "Central"
      },
      "geometry": {
        "type": "LineString",
        "coordinates": [
          [
            -4.268864,
            55.839276
          ],
          [
            -4.2712141,
            55.8384558
          ]
        ]
      }
    },
    {
      "type": "Feature",
      "properties": {
        "name": "589 T",
        "type": "Tracks",
        "notes": "",
        "colour": "#7cb342",
        "equipment_number": "758637",
        "section": "Central"
      },
      "geometry": {
        "type": "LineString",
        "coordinates": [
          [
            -4.258567,
            55.842166
          ],
          [
            -4.25769,
            55.841844
          ],
          [
            -4.258288,
            55.842063
          ],
          [
            -4.25835,
            55.84208
          ],
          [
            -4.258616,
            55.842168
          ],
          [
            -4.258916,
            55.84225
          ],
          [
            -4.259157,
            55.842309
          ],
          [
            -4.259408,
            55.842358
          ],
          [
            -4.259556,
            55.842378
          ]
        ]
      }
    },
    {
      "type": "Feature",
      "properties": {
        "name": "591 T",
        "type": "Tracks",
        "notes": "",
        "colour": "#a52714",
        "equipment_number": "764445",
        "section": "Central"
      },
      "geometry": {
        "type": "LineString",
        "coordinates": [
          [
            -4.253664,
            55.840451
          ],
          [
            -4.254133,
            55.840609
          ],
          [
            -4.254686,
            55.840802
          ],
          [
            -4.255312,
            55.841024
          ],
          [
            -4.25629,
            55.841365
          ],
          [
            -4.257101,
            55.841648
          ],
          [
            -4.25769,
            55.841844
          ]
        ]
      }
    },
    {
      "type": "Feature",
      "properties": {
        "name": "572 T",
        "type": "Tracks",
        "notes": "",
        "colour": "#0288d1",
        "equipment_number": "764379",
        "section": "Central"
      },
      "geometry": {
        "type": "LineString",
        "coordinates": [
          [
            -4.258593,
            55.842197
          ],
          [
            -4.25835,
            55.842118
          ],
          [
            -4.258809,
            55.842306
          ],
          [
            -4.25835,
            55.842118
          ],
          [
            -4.256946,
            55.841628
          ]
        ]
      }
    },
    {
      "type": "Feature",
      "properties": {
        "name": "573 T",
        "type": "Tracks",
        "notes": "",
        "colour": "#ffd600",
        "equipment_number": "764378",
        "section": "Central"
      },
      "geometry": {
        "type": "LineString",
        "coordinates": [
          [
            -4.256951,
            55.84163
          ],
          [
            -4.255288,
            55.841058
          ],
          [
            -4.25471,
            55.840881
          ],
          [
            -4.255288,
            55.841058
          ],
          [
            -4.25419,
            55.840663
          ]
        ]
      }
    },
    {
      "type": "Feature",
      "properties": {
        "name": "3599 T",
        "type": "Tracks",
        "notes": "",
        "colour": "#0288d1",
        "equipment_number": "2560392",
        "section": "Central"
      },
      "geometry": {
        "type": "LineString",
        "coordinates": [
          [
            -4.2613,
            55.850759
          ],
          [
            -4.26101,
            55.850976
          ],
          [
            -4.260857,
            55.851107
          ],
          [
            -4.260621,
            55.851337
          ],
          [
            -4.260761,
            55.851201
          ],
          [
            -4.260604,
            55.85139
          ],
          [
            -4.260534,
            55.851482
          ],
          [
            -4.26046,
            55.851621
          ],
          [
            -4.260414,
            55.851728
          ],
          [
            -4.260369,
            55.851816
          ]
        ]
      }
    },
    {
      "type": "Feature",
      "properties": {
        "name": "3610 T",
        "type": "Tracks",
        "notes": "",
        "colour": "#a52714",
        "equipment_number": "2560390",
        "section": "Central"
      },
      "geometry": {
        "type": "LineString",
        "coordinates": [
          [
            -4.261231,
            55.850753
          ],
          [
            -4.261027,
            55.850907
          ],
          [
            -4.260873,
            55.851037
          ],
          [
            -4.260721,
            55.851175
          ],
          [
            -4.260626,
            55.851289
          ],
          [
            -4.260721,
            55.851175
          ],
          [
            -4.260562,
            55.851317
          ],
          [
            -4.260416,
            55.851461
          ]
        ]
      }
    },
    {
      "type": "Feature",
      "properties": {
        "name": "3549 T",
        "type": "Tracks",
        "notes": "",
        "colour": "#7cb342",
        "equipment_number": "2560388",
        "section": "Central"
      },
      "geometry": {
        "type": "LineString",
        "coordinates": [
          [
            -4.260626,
            55.851289
          ],
          [
            -4.260514,
            55.851438
          ],
          [
            -4.260444,
            55.851558
          ],
          [
            -4.260621,
            55.851337
          ],
          [
            -4.260444,
            55.851557
          ],
          [
            -4.260382,
            55.851659
          ],
          [
            -4.260344,
            55.851745
          ],
          [
            -4.260321,
            55.851798
          ]
        ]
      }
    },
    {
      "type": "Feature",
      "properties": {
        "name": "3539 T",
        "type": "Tracks",
        "notes": "",
        "colour": "#0288d1",
        "equipment_number": "2560384",
        "section": "Central"
      },
      "geometry": {
        "type": "LineString",
        "coordinates": [
          [
            -4.260416,
            55.851461
          ],
          [
            -4.260301,
            55.851584
          ],
          [
            -4.260232,
            55.851692
          ],
          [
            -4.2601977,
            55.851746
          ],
          [
            -4.260168,
            55.851808
          ],
          [
            -4.260131,
            55.851902
          ],
          [
            -4.260168,
            55.851808
          ],
          [
            -4.2601977,
            55.851746
          ],
          [
            -4.260232,
            55.851692
          ],
          [
            -4.260301,
            55.851583
          ],
          [
            -4.2601,
            55.851828
          ],
          [
            -4.260067,
            55.851872
          ],
          [
            -4.2601,
            55.851828
          ],
          [
            -4.260097,
            55.85191
          ],
          [
            -4.2601,
            55.851828
          ],
          [
            -4.260101,
            55.851668
          ]
        ]
      }
    },
    {
      "type": "Feature",
      "properties": {
        "name": "3527 T",
        "type": "Tracks",
        "notes": "",
        "colour": "#7cb342",
        "equipment_number": "2559057",
        "section": "Central"
      },
      "geometry": {
        "type": "LineString",
        "coordinates": [
          [
            -4.260034,
            55.852119
          ],
          [
            -4.260041,
            55.851915
          ],
          [
            -4.260067,
            55.851872
          ],
          [
            -4.260041,
            55.851915
          ],
          [
            -4.259958,
            55.852036
          ],
          [
            -4.260041,
            55.851915
          ],
          [
            -4.260045,
            55.851727
          ]
        ]
      }
    },
    {
      "type": "Feature",
      "properties": {
        "name": "3392 T",
        "type": "Tracks",
        "notes": "",
        "colour": "#a52714",
        "equipment_number": "2559045",
        "section": "Central"
      },
      "geometry": {
        "type": "LineString",
        "coordinates": [
          [
            -4.259958,
            55.852036
          ],
          [
            -4.25987,
            55.852206
          ],
          [
            -4.25981,
            55.852356
          ],
          [
            -4.259733,
            55.852584
          ],
          [
            -4.25981,
            55.852355
          ],
          [
            -4.259904,
            55.852051
          ]
        ]
      }
    },
    {
      "type": "Feature",
      "properties": {
        "name": "3393 T",
        "type": "Tracks",
        "notes": "",
        "colour": "#7cb342",
        "equipment_number": "2559047",
        "section": "Central"
      },
      "geometry": {
        "type": "LineString",
        "coordinates": [
          [
            -4.259904,
            55.852051
          ],
          [
            -4.26,
            55.851706
          ],
          [
            -4.259959,
            55.851849
          ],
          [
            -4.259861,
            55.852093
          ]
        ]
      }
    },
    {
      "type": "Feature",
      "properties": {
        "name": "3394 T",
        "type": "Tracks",
        "notes": "",
        "colour": "#a52714",
        "equipment_number": "2559043",
        "section": "Central"
      },
      "geometry": {
        "type": "LineString",
        "coordinates": [
          [
            -4.26,
            55.851706
          ],
          [
            -4.260053,
            55.851479
          ],
          [
            -4.260045,
            55.851727
          ],
          [
            -4.260053,
            55.851479
          ],
          [
            -4.26006,
            55.851355
          ],
          [
            -4.260053,
            55.851479
          ],
          [
            -4.260086,
            55.851359
          ]
        ]
      }
    },
    {
      "type": "Feature",
      "properties": {
        "name": "3396 T",
        "type": "Tracks",
        "notes": "",
        "colour": "#7cb342",
        "equipment_number": "2559041",
        "section": "Central"
      },
      "geometry": {
        "type": "LineString",
        "coordinates": [
          [
            -4.260101,
            55.851668
          ],
          [
            -4.260107,
            55.851462
          ],
          [
            -4.260118,
            55.851288
          ],
          [
            -4.26012,
            55.851236
          ],
          [
            -4.260086,
            55.851359
          ],
          [
            -4.26012,
            55.851235
          ],
          [
            -4.260173,
            55.851042
          ],
          [
            -4.260263,
            55.850774
          ]
        ]
      }
    },
    {
      "type": "Feature",
      "properties": {
        "name": "3481 T",
        "type": "Tracks",
        "notes": "",
        "colour": "#0288d1",
        "equipment_number": "2559039",
        "section": "Central"
      },
      "geometry": {
        "type": "LineString",
        "coordinates": [
          [
            -4.25999,
            55.851517
          ],
          [
            -4.260073,
            55.851183
          ],
          [
            -4.26006,
            55.851355
          ],
          [
            -4.260073,
            55.851183
          ],
          [
            -4.260203,
            55.850766
          ]
        ]
      }
    },
    {
      "type": "Feature",
      "properties": {
        "name": "3397 T",
        "type": "Tracks",
        "notes": "",
        "colour": "#a52714",
        "equipment_number": "2556246",
        "section": "Central"
      },
      "geometry": {
        "type": "LineString",
        "coordinates": [
          [
            -4.260471,
            55.850154
          ],
          [
            -4.260377,
            55.850458
          ],
          [
            -4.260295,
            55.850693
          ],
          [
            -4.260263,
            55.850774
          ],
          [
            -4.260343,
            55.850558
          ],
          [
            -4.260351,
            55.85046
          ]
        ]
      }
    },
    {
      "type": "Feature",
      "properties": {
        "name": "3398 T",
        "type": "Tracks",
        "notes": "",
        "colour": "#7cb342",
        "equipment_number": "2556245",
        "section": "Central"
      },
      "geometry": {
        "type": "LineString",
        "coordinates": [
          [
            -4.260471,
            55.850154
          ],
          [
            -4.260571,
            55.849772
          ],
          [
            -4.260611,
            55.849522
          ]
        ]
      }
    },
    {
      "type": "Feature",
      "properties": {
        "name": "3400 T",
        "type": "Tracks",
        "notes": "",
        "colour": "#a52714",
        "equipment_number": "2556244",
        "section": "Central"
      },
      "geometry": {
        "type": "LineString",
        "coordinates": [
          [
            -4.260611,
            55.849522
          ],
          [
            -4.260647,
            55.849274
          ],
          [
            -4.260686,
            55.849096
          ],
          [
            -4.26072,
            55.848937
          ],
          [
            -4.260785,
            55.848702
          ]
        ]
      }
    },
    {
      "type": "Feature",
      "properties": {
        "name": "3402 T",
        "type": "Tracks",
        "notes": "",
        "colour": "#558b2f",
        "equipment_number": "2556239",
        "section": "Central"
      },
      "geometry": {
        "type": "LineString",
        "coordinates": [
          [
            -4.260785,
            55.848702
          ],
          [
            -4.260885,
            55.848391
          ],
          [
            -4.260972,
            55.848158
          ],
          [
            -4.261039,
            55.848019
          ],
          [
            -4.261133,
            55.84785
          ],
          [
            -4.261239,
            55.847699
          ],
          [
            -4.261397,
            55.847507
          ],
          [
            -4.261577,
            55.847301
          ],
          [
            -4.261604,
            55.847272
          ]
        ]
      }
    },
    {
      "type": "Feature",
      "properties": {
        "name": "3483 T",
        "type": "Tracks",
        "notes": "",
        "colour": "#0288d1",
        "equipment_number": "2557166",
        "section": "Central"
      },
      "geometry": {
        "type": "LineString",
        "coordinates": [
          [
            -4.260351,
            55.850364
          ],
          [
            -4.2603258,
            55.8504423
          ],
          [
            -4.260351,
            55.850364
          ],
          [
            -4.2603258,
            55.8504423
          ],
          [
            -4.260351,
            55.850364
          ],
          [
            -4.260351,
            55.85046
          ],
          [
            -4.260351,
            55.850364
          ],
          [
            -4.260412,
            55.850167
          ]
        ]
      }
    },
    {
      "type": "Feature",
      "properties": {
        "name": "3484 T",
        "type": "Tracks",
        "notes": "",
        "colour": "#ffea00",
        "equipment_number": "2557168",
        "section": "Central"
      },
      "geometry": {
        "type": "LineString",
        "coordinates": [
          [
            -4.260412,
            55.850167
          ],
          [
            -4.260467,
            55.849957
          ],
          [
            -4.260475,
            55.849824
          ],
          [
            -4.260467,
            55.849957
          ],
          [
            -4.260519,
            55.849716
          ],
          [
            -4.26055,
            55.849521
          ]
        ]
      }
    },
    {
      "type": "Feature",
      "properties": {
        "name": "3485 T",
        "type": "Tracks",
        "notes": "",
        "colour": "#0288d1",
        "equipment_number": "2557170",
        "section": "Central"
      },
      "geometry": {
        "type": "LineString",
        "coordinates": [
          [
            -4.26055,
            55.849521
          ],
          [
            -4.260598,
            55.849251
          ],
          [
            -4.260631,
            55.849086
          ],
          [
            -4.260675,
            55.848896
          ],
          [
            -4.26073,
            55.848701
          ]
        ]
      }
    },
    {
      "type": "Feature",
      "properties": {
        "name": "3486 T",
        "type": "Tracks",
        "notes": "",
        "colour": "#ffea00",
        "equipment_number": "2556231",
        "section": "Central"
      },
      "geometry": {
        "type": "LineString",
        "coordinates": [
          [
            -4.26073,
            55.848701
          ],
          [
            -4.260802,
            55.848479
          ],
          [
            -4.260939,
            55.848107
          ],
          [
            -4.261005,
            55.847976
          ],
          [
            -4.261085,
            55.847831
          ],
          [
            -4.261113,
            55.84779
          ]
        ]
      }
    },
    {
      "type": "Feature",
      "properties": {
        "name": "3403 T",
        "type": "Tracks",
        "notes": "",
        "colour": "#a52714",
        "equipment_number": "2557162",
        "section": "Central"
      },
      "geometry": {
        "type": "LineString",
        "coordinates": [
          [
            -4.261604,
            55.847272
          ],
          [
            -4.261798,
            55.847027
          ],
          [
            -4.262106,
            55.846549
          ],
          [
            -4.262203,
            55.846366
          ],
          [
            -4.26227,
            55.846214
          ],
          [
            -4.262324,
            55.846078
          ]
        ]
      }
    },
    {
      "type": "Feature",
      "properties": {
        "name": "3404 T",
        "type": "Tracks",
        "notes": "",
        "colour": "#7cb342",
        "equipment_number": "2557160",
        "section": "Central"
      },
      "geometry": {
        "type": "LineString",
        "coordinates": [
          [
            -4.262324,
            55.846078
          ],
          [
            -4.262494,
            55.845635
          ],
          [
            -4.2626,
            55.845352
          ],
          [
            -4.262715,
            55.845075
          ],
          [
            -4.262822,
            55.844862
          ],
          [
            -4.262939,
            55.844674
          ]
        ]
      }
    },
    {
      "type": "Feature",
      "properties": {
        "name": "3405 T",
        "type": "Tracks",
        "notes": "",
        "colour": "#a52714",
        "equipment_number": "2557158",
        "section": "Central"
      },
      "geometry": {
        "type": "LineString",
        "coordinates": [
          [
            -4.262939,
            55.844674
          ],
          [
            -4.263158,
            55.844346
          ],
          [
            -4.26331,
            55.844138
          ],
          [
            -4.263417,
            55.843997
          ],
          [
            -4.263522,
            55.843876
          ],
          [
            -4.26372,
            55.843671
          ]
        ]
      }
    },
    {
      "type": "Feature",
      "properties": {
        "name": "3406 T",
        "type": "Tracks",
        "notes": "",
        "colour": "#7cb342",
        "equipment_number": "19501841",
        "section": "Central"
      },
      "geometry": {
        "type": "LineString",
        "coordinates": [
          [
            -4.26372,
            55.843671
          ],
          [
            -4.263926,
            55.843488
          ],
          [
            -4.264072,
            55.843372
          ],
          [
            -4.264204,
            55.84327
          ],
          [
            -4.264517,
            55.843065
          ],
          [
            -4.2646377,
            55.8429943
          ],
          [
            -4.2648411,
            55.842875
          ]
        ]
      }
    },
    {
      "type": "Feature",
      "properties": {
        "name": "3487 T",
        "type": "Tracks",
        "notes": "",
        "colour": "#0288d1",
        "equipment_number": "2557154",
        "section": "Central"
      },
      "geometry": {
        "type": "LineString",
        "coordinates": [
          [
            -4.261113,
            55.84779
          ],
          [
            -4.26125,
            55.847592
          ],
          [
            -4.261328,
            55.847475
          ],
          [
            -4.261229,
            55.847624
          ],
          [
            -4.261413,
            55.847426
          ],
          [
            -4.261484,
            55.847343
          ],
          [
            -4.261561,
            55.84725
          ]
        ]
      }
    },
    {
      "type": "Feature",
      "properties": {
        "name": "3488 T",
        "type": "Tracks",
        "notes": "",
        "colour": "#ffea00",
        "equipment_number": "2556233",
        "section": "Central"
      },
      "geometry": {
        "type": "LineString",
        "coordinates": [
          [
            -4.261561,
            55.84725
          ],
          [
            -4.261716,
            55.847059
          ],
          [
            -4.261811,
            55.846925
          ]
        ]
      }
    },
    {
      "type": "Feature",
      "properties": {
        "name": "3489 T",
        "type": "Tracks",
        "notes": "",
        "colour": "#0288d1",
        "equipment_number": "2556234",
        "section": "Central"
      },
      "geometry": {
        "type": "LineString",
        "coordinates": [
          [
            -4.261811,
            55.846925
          ],
          [
            -4.262057,
            55.846535
          ],
          [
            -4.262271,
            55.846067
          ],
          [
            -4.262393,
            55.845742
          ]
        ]
      }
    },
    {
      "type": "Feature",
      "properties": {
        "name": "4331 T",
        "type": "Tracks",
        "notes": "",
        "colour": "#ffea00",
        "section": "Central"
      },
      "geometry": {
        "type": "LineString",
        "coordinates": [
          [
            -4.262393,
            55.845742
          ],
          [
            -4.26258,
            55.845269
          ],
          [
            -4.2627,
            55.844995
          ],
          [
            -4.262805,
            55.844794
          ],
          [
            -4.262946,
            55.84457
          ],
          [
            -4.263033,
            55.844437
          ]
        ]
      }
    },
    {
      "type": "Feature",
      "properties": {
        "name": "3465 T",
        "type": "Tracks",
        "notes": "",
        "colour": "#7cb342",
        "equipment_number": "2559804",
        "section": "Central"
      },
      "geometry": {
        "type": "LineString",
        "coordinates": [
          [
            -4.260727,
            55.848535
          ],
          [
            -4.260818,
            55.84826
          ],
          [
            -4.26094,
            55.847924
          ],
          [
            -4.260866,
            55.848126
          ],
          [
            -4.26099,
            55.847898
          ],
          [
            -4.261033,
            55.847827
          ]
        ]
      }
    },
    {
      "type": "Feature",
      "properties": {
        "name": "3464 T",
        "type": "Tracks",
        "notes": "",
        "colour": "#a52714",
        "equipment_number": "2560162",
        "section": "Central"
      },
      "geometry": {
        "type": "LineString",
        "coordinates": [
          [
            -4.260727,
            55.848535
          ],
          [
            -4.260664,
            55.84874
          ],
          [
            -4.260588,
            55.849033
          ],
          [
            -4.260534,
            55.849287
          ],
          [
            -4.260499,
            55.84951
          ]
        ]
      }
    },
    {
      "type": "Feature",
      "properties": {
        "name": "3490 T",
        "type": "Tracks",
        "notes": "",
        "colour": "#a52714",
        "equipment_number": "2559841",
        "section": "Central"
      },
      "geometry": {
        "type": "LineString",
        "coordinates": [
          [
            -4.261033,
            55.847827
          ],
          [
            -4.261111,
            55.84771
          ],
          [
            -4.261238,
            55.847541
          ],
          [
            -4.261355,
            55.847394
          ],
          [
            -4.261493,
            55.84722
          ],
          [
            -4.261328,
            55.847475
          ],
          [
            -4.261493,
            55.84722
          ],
          [
            -4.261589,
            55.847068
          ]
        ]
      }
    },
    {
      "type": "Feature",
      "properties": {
        "name": "3466 T",
        "type": "Tracks",
        "notes": "",
        "colour": "#a52714",
        "equipment_number": "2559805",
        "section": "Central"
      },
      "geometry": {
        "type": "LineString",
        "coordinates": [
          [
            -4.26094,
            55.847924
          ],
          [
            -4.261112,
            55.847493
          ],
          [
            -4.260987,
            55.847808
          ],
          [
            -4.260914,
            55.847929
          ],
          [
            -4.260987,
            55.847808
          ],
          [
            -4.26109,
            55.847652
          ],
          [
            -4.2612,
            55.847508
          ]
        ]
      }
    },
    {
      "type": "Feature",
      "properties": {
        "name": "3492 T",
        "type": "Tracks",
        "notes": "",
        "colour": "#ffea00",
        "equipment_number": "2560170",
        "section": "Central"
      },
      "geometry": {
        "type": "LineString",
        "coordinates": [
          [
            -4.2612,
            55.847508
          ],
          [
            -4.261328,
            55.84736
          ],
          [
            -4.26143,
            55.847222
          ],
          [
            -4.261541,
            55.84706
          ],
          [
            -4.261642,
            55.846884
          ],
          [
            -4.26182,
            55.846566
          ],
          [
            -4.261797,
            55.846669
          ]
        ]
      }
    },
    {
      "type": "Feature",
      "properties": {
        "name": "3468 T",
        "type": "Tracks",
        "notes": "",
        "colour": "#7cb342",
        "equipment_number": "2560164",
        "section": "Central"
      },
      "geometry": {
        "type": "LineString",
        "coordinates": [
          [
            -4.261112,
            55.847493
          ],
          [
            -4.261206,
            55.847283
          ],
          [
            -4.261301,
            55.8471
          ],
          [
            -4.261497,
            55.846774
          ],
          [
            -4.261686,
            55.846378
          ]
        ]
      }
    },
    {
      "type": "Feature",
      "properties": {
        "name": "3443 T",
        "type": "Tracks",
        "notes": "",
        "colour": "#ffea00",
        "equipment_number": "2559797",
        "section": "Central"
      },
      "geometry": {
        "type": "LineString",
        "coordinates": [
          [
            -4.260676,
            55.848523
          ],
          [
            -4.260781,
            55.848212
          ],
          [
            -4.260834,
            55.848081
          ],
          [
            -4.260914,
            55.847929
          ],
          [
            -4.260834,
            55.848081
          ],
          [
            -4.260913,
            55.847856
          ],
          [
            -4.260956,
            55.84774
          ]
        ]
      }
    },
    {
      "type": "Feature",
      "properties": {
        "name": "3444 T",
        "type": "Tracks",
        "notes": "",
        "colour": "#0288d1",
        "equipment_number": "2559798",
        "section": "Central"
      },
      "geometry": {
        "type": "LineString",
        "coordinates": [
          [
            -4.260956,
            55.84774
          ],
          [
            -4.261143,
            55.847296
          ],
          [
            -4.261253,
            55.847078
          ],
          [
            -4.261452,
            55.846745
          ],
          [
            -4.261643,
            55.846353
          ]
        ]
      }
    },
    {
      "type": "Feature",
      "properties": {
        "name": "3446 T",
        "type": "Tracks",
        "notes": "",
        "colour": "#ffea00",
        "equipment_number": "2559799",
        "section": "Central"
      },
      "geometry": {
        "type": "LineString",
        "coordinates": [
          [
            -4.261643,
            55.846353
          ],
          [
            -4.26169,
            55.846199
          ],
          [
            -4.261726,
            55.846021
          ],
          [
            -4.261741,
            55.845927
          ],
          [
            -4.261748,
            55.845717
          ]
        ]
      }
    },
    {
      "type": "Feature",
      "properties": {
        "name": "92 T",
        "type": "Tracks",
        "notes": "",
        "colour": "#0288d1",
        "equipment_number": "764502",
        "section": "Central"
      },
      "geometry": {
        "type": "LineString",
        "coordinates": [
          [
            -4.261748,
            55.845717
          ],
          [
            -4.261746,
            55.845593
          ],
          [
            -4.261736,
            55.845511
          ],
          [
            -4.261628,
            55.845012
          ],
          [
            -4.261375,
            55.844528
          ],
          [
            -4.261308,
            55.844429
          ],
          [
            -4.261214,
            55.844305
          ],
          [
            -4.261159,
            55.844246
          ],
          [
            -4.260693,
            55.843754
          ]
        ]
      }
    },
    {
      "type": "Feature",
      "properties": {
        "name": "3470 T",
        "type": "Tracks",
        "notes": "",
        "colour": "#a52714",
        "equipment_number": "2560166",
        "section": "Central"
      },
      "geometry": {
        "type": "LineString",
        "coordinates": [
          [
            -4.261686,
            55.846378
          ],
          [
            -4.26175,
            55.846183
          ],
          [
            -4.261783,
            55.84603
          ],
          [
            -4.261806,
            55.845852
          ],
          [
            -4.261798,
            55.845537
          ],
          [
            -4.261787,
            55.845446
          ],
          [
            -4.261771,
            55.845396
          ],
          [
            -4.261679,
            55.844999
          ],
          [
            -4.261425,
            55.844514
          ],
          [
            -4.261319,
            55.84436
          ],
          [
            -4.261248,
            55.84427
          ],
          [
            -4.261177,
            55.844192
          ]
        ]
      }
    },
    {
      "type": "Feature",
      "properties": {
        "name": "3471 T",
        "type": "Tracks",
        "notes": "",
        "colour": "#7cb342",
        "equipment_number": "10409577",
        "section": "Central"
      },
      "geometry": {
        "type": "LineString",
        "coordinates": [
          [
            -4.261177,
            55.844192
          ],
          [
            -4.260734,
            55.84373
          ],
          [
            -4.260418,
            55.843439
          ],
          [
            -4.260137,
            55.843209
          ],
          [
            -4.259901,
            55.843036
          ],
          [
            -4.259693,
            55.84291
          ]
        ]
      }
    },
    {
      "type": "Feature",
      "properties": {
        "name": "3496 T",
        "type": "Tracks",
        "notes": "",
        "colour": "#0288d1",
        "equipment_number": "2560172",
        "section": "Central"
      },
      "geometry": {
        "type": "LineString",
        "coordinates": [
          [
            -4.26182,
            55.846566
          ],
          [
            -4.261905,
            55.846387
          ],
          [
            -4.26196,
            55.846253
          ]
        ]
      }
    },
    {
      "type": "Feature",
      "properties": {
        "name": "126 T",
        "type": "Tracks",
        "notes": "",
        "colour": "#ffea00",
        "equipment_number": "764491",
        "section": "Central"
      },
      "geometry": {
        "type": "LineString",
        "coordinates": [
          [
            -4.26196,
            55.846253
          ],
          [
            -4.262002,
            55.846141
          ],
          [
            -4.262032,
            55.846035
          ],
          [
            -4.262062,
            55.845909
          ],
          [
            -4.262076,
            55.845734
          ],
          [
            -4.262078,
            55.845582
          ],
          [
            -4.262072,
            55.845488
          ],
          [
            -4.262051,
            55.845365
          ],
          [
            -4.262029,
            55.84527
          ],
          [
            -4.262,
            55.845172
          ],
          [
            -4.261834,
            55.844823
          ],
          [
            -4.261594,
            55.844483
          ],
          [
            -4.260983,
            55.84383
          ],
          [
            -4.260797,
            55.843631
          ]
        ]
      }
    },
    {
      "type": "Feature",
      "properties": {
        "name": "3493 T",
        "type": "Tracks",
        "notes": "",
        "colour": "#7cb342",
        "equipment_number": "2560178",
        "section": "Central"
      },
      "geometry": {
        "type": "LineString",
        "coordinates": [
          [
            -4.261589,
            55.847068
          ],
          [
            -4.261681,
            55.846915
          ],
          [
            -4.261728,
            55.846832
          ],
          [
            -4.261797,
            55.846669
          ],
          [
            -4.261728,
            55.84683
          ],
          [
            -4.261913,
            55.846497
          ],
          [
            -4.261941,
            55.846437
          ]
        ]
      }
    },
    {
      "type": "Feature",
      "properties": {
        "name": "3495 T",
        "type": "Tracks",
        "notes": "",
        "colour": "#a52714",
        "equipment_number": "2560176",
        "section": "Central"
      },
      "geometry": {
        "type": "LineString",
        "coordinates": [
          [
            -4.261941,
            55.846442
          ],
          [
            -4.262029,
            55.846236
          ],
          [
            -4.262057,
            55.846154
          ],
          [
            -4.262088,
            55.846029
          ],
          [
            -4.262115,
            55.845916
          ],
          [
            -4.262128,
            55.845803
          ],
          [
            -4.262132,
            55.845678
          ],
          [
            -4.262135,
            55.845587
          ],
          [
            -4.262112,
            55.845418
          ],
          [
            -4.262099,
            55.845329
          ],
          [
            -4.262079,
            55.845236
          ],
          [
            -4.262051,
            55.84515
          ],
          [
            -4.261989,
            55.844998
          ],
          [
            -4.261941,
            55.844895
          ]
        ]
      }
    },
    {
      "type": "Feature",
      "properties": {
        "name": "3497 T",
        "type": "Tracks",
        "notes": "",
        "colour": "#7cb342",
        "equipment_number": "2560174",
        "section": "Central"
      },
      "geometry": {
        "type": "LineString",
        "coordinates": [
          [
            -4.261941,
            55.844895
          ],
          [
            -4.261893,
            55.844799
          ],
          [
            -4.261643,
            55.844458
          ],
          [
            -4.261134,
            55.843919
          ]
        ]
      }
    },
    {
      "type": "Feature",
      "properties": {
        "name": "3498 T",
        "type": "Tracks",
        "notes": "",
        "colour": "#a52714",
        "equipment_number": "2560180",
        "section": "Central"
      },
      "geometry": {
        "type": "LineString",
        "coordinates": [
          [
            -4.261134,
            55.843919
          ],
          [
            -4.261032,
            55.843816
          ],
          [
            -4.260863,
            55.843638
          ],
          [
            -4.260686,
            55.843463
          ],
          [
            -4.26055,
            55.843346
          ],
          [
            -4.260293,
            55.843145
          ],
          [
            -4.260128,
            55.843044
          ],
          [
            -4.259969,
            55.842946
          ],
          [
            -4.25968,
            55.84278
          ]
        ]
      }
    },
    {
      "type": "Feature",
      "properties": {
        "name": "400 T",
        "type": "Tracks",
        "notes": "",
        "colour": "#ffea00",
        "equipment_number": "764490",
        "section": "Central"
      },
      "geometry": {
        "type": "LineString",
        "coordinates": [
          [
            -4.260693,
            55.843754
          ],
          [
            -4.260429,
            55.843503
          ],
          [
            -4.260204,
            55.84331
          ],
          [
            -4.260008,
            55.84316
          ],
          [
            -4.25975,
            55.842988
          ],
          [
            -4.259603,
            55.842902
          ]
        ]
      }
    },
    {
      "type": "Feature",
      "properties": {
        "name": "401 T",
        "type": "Tracks",
        "notes": "",
        "colour": "#0288d1",
        "equipment_number": "764489",
        "section": "Central"
      },
      "geometry": {
        "type": "LineString",
        "coordinates": [
          [
            -4.259603,
            55.842902
          ],
          [
            -4.25942,
            55.842796
          ],
          [
            -4.259139,
            55.842649
          ],
          [
            -4.258825,
            55.842504
          ],
          [
            -4.258482,
            55.842363
          ],
          [
            -4.258192,
            55.842251
          ],
          [
            -4.257685,
            55.842066
          ],
          [
            -4.256859,
            55.841782
          ]
        ]
      }
    },
    {
      "type": "Feature",
      "properties": {
        "name": "461 T",
        "type": "Tracks",
        "notes": "",
        "colour": "#a52714",
        "equipment_number": "764402",
        "section": "Central"
      },
      "geometry": {
        "type": "LineString",
        "coordinates": [
          [
            -4.259693,
            55.84291
          ],
          [
            -4.259415,
            55.842747
          ],
          [
            -4.258975,
            55.842532
          ],
          [
            -4.258624,
            55.842381
          ],
          [
            -4.258286,
            55.842245
          ],
          [
            -4.257379,
            55.841925
          ],
          [
            -4.25688,
            55.84175
          ],
          [
            -4.254496,
            55.840929
          ],
          [
            -4.253624,
            55.84062
          ]
        ]
      }
    },
    {
      "type": "Feature",
      "properties": {
        "name": "501 T",
        "type": "Tracks",
        "notes": "",
        "colour": "#0288d1",
        "equipment_number": "764500",
        "section": "Central"
      },
      "geometry": {
        "type": "LineString",
        "coordinates": [
          [
            -4.260797,
            55.843631
          ],
          [
            -4.26054,
            55.843391
          ],
          [
            -4.26025,
            55.843156
          ],
          [
            -4.259912,
            55.842961
          ],
          [
            -4.259572,
            55.842769
          ],
          [
            -4.25903,
            55.8425
          ],
          [
            -4.25845,
            55.842253
          ],
          [
            -4.257992,
            55.842083
          ],
          [
            -4.256924,
            55.841712
          ]
        ]
      }
    },
    {
      "type": "Feature",
      "properties": {
        "name": "531 T",
        "type": "Tracks",
        "notes": "",
        "colour": "#7cb342",
        "equipment_number": "764389",
        "section": "Central"
      },
      "geometry": {
        "type": "LineString",
        "coordinates": [
          [
            -4.25968,
            55.84278
          ],
          [
            -4.259258,
            55.842565
          ],
          [
            -4.25887,
            55.842388
          ],
          [
            -4.258522,
            55.842243
          ],
          [
            -4.258125,
            55.842093
          ],
          [
            -4.257862,
            55.842002
          ],
          [
            -4.256228,
            55.841435
          ],
          [
            -4.255542,
            55.841198
          ]
        ]
      }
    },
    {
      "type": "Feature",
      "properties": {
        "name": "574 T",
        "type": "Tracks",
        "notes": "",
        "colour": "#0288d1",
        "equipment_number": "764401",
        "section": "Central"
      },
      "geometry": {
        "type": "LineString",
        "coordinates": [
          [
            -4.25419,
            55.840663
          ],
          [
            -4.252292,
            55.840016
          ],
          [
            -4.252516,
            55.840094
          ],
          [
            -4.253664,
            55.840451
          ]
        ]
      }
    },
    {
      "type": "Feature",
      "properties": {
        "name": "575 T",
        "type": "Tracks",
        "notes": "",
        "colour": "#ffea00",
        "equipment_number": "764383",
        "section": "Central"
      },
      "geometry": {
        "type": "LineString",
        "coordinates": [
          [
            -4.250897,
            55.83953
          ],
          [
            -4.252292,
            55.840016
          ],
          [
            -4.252035,
            55.839927
          ],
          [
            -4.251368,
            55.839721
          ]
        ]
      }
    },
    {
      "type": "Feature",
      "properties": {
        "name": "577 T",
        "type": "Tracks",
        "notes": "",
        "colour": "#0288d1",
        "equipment_number": "764410",
        "section": "Central"
      },
      "geometry": {
        "type": "LineString",
        "coordinates": [
          [
            -4.250897,
            55.83953
          ],
          [
            -4.250119,
            55.839265
          ]
        ]
      }
    },
    {
      "type": "Feature",
      "properties": {
        "name": "577 T",
        "type": "Tracks",
        "notes": "",
        "colour": "#ffea00",
        "equipment_number": "764410",
        "section": "Central"
      },
      "geometry": {
        "type": "LineString",
        "coordinates": [
          [
            -4.250119,
            55.839265
          ],
          [
            -4.248711,
            55.838776
          ]
        ]
      }
    },
    {
      "type": "Feature",
      "properties": {
        "name": "578 T",
        "type": "Tracks",
        "notes": "",
        "colour": "#0288d1",
        "equipment_number": "764403",
        "section": "Central"
      },
      "geometry": {
        "type": "LineString",
        "coordinates": [
          [
            -4.248711,
            55.838776
          ],
          [
            -4.24697,
            55.838171
          ]
        ]
      }
    },
    {
      "type": "Feature",
      "properties": {
        "name": "579 T",
        "type": "Tracks",
        "notes": "",
        "colour": "#ffea00",
        "equipment_number": "764438",
        "section": "Central"
      },
      "geometry": {
        "type": "LineString",
        "coordinates": [
          [
            -4.24697,
            55.838171
          ],
          [
            -4.245453,
            55.83765
          ],
          [
            -4.245156,
            55.837542
          ],
          [
            -4.245455,
            55.837651
          ],
          [
            -4.246042,
            55.837877
          ]
        ]
      }
    },
    {
      "type": "Feature",
      "properties": {
        "name": "581 T",
        "type": "Tracks",
        "notes": "",
        "colour": "#0288d1",
        "equipment_number": "764440",
        "section": "Central"
      },
      "geometry": {
        "type": "LineString",
        "coordinates": [
          [
            -4.244189,
            55.837179
          ],
          [
            -4.24428,
            55.837213
          ],
          [
            -4.245003,
            55.83749
          ],
          [
            -4.245156,
            55.837542
          ],
          [
            -4.245003,
            55.83749
          ],
          [
            -4.243856,
            55.837091
          ],
          [
            -4.24258,
            55.83664
          ]
        ]
      }
    },
    {
      "type": "Feature",
      "properties": {
        "name": "582 T",
        "type": "Tracks",
        "notes": "Section between Down Fast and Up Clydesdale on rust register (April 2023 version)",
        "colour": "#ffea00",
        "equipment_number": "764421",
        "section": "Central"
      },
      "geometry": {
        "type": "LineString",
        "coordinates": [
          [
            -4.241385,
            55.836259
          ],
          [
            -4.24207,
            55.836466
          ],
          [
            -4.24258,
            55.83664
          ],
          [
            -4.24207,
            55.836466
          ],
          [
            -4.240437,
            55.835907
          ]
        ]
      }
    },
    {
      "type": "Feature",
      "properties": {
        "name": "593 T",
        "type": "Tracks",
        "notes": "",
        "colour": "#7cb342",
        "equipment_number": "764443",
        "section": "Central"
      },
      "geometry": {
        "type": "LineString",
        "coordinates": [
          [
            -4.2424675,
            55.8365675
          ],
          [
            -4.242184,
            55.836465
          ],
          [
            -4.241935,
            55.836361
          ],
          [
            -4.242185,
            55.836466
          ],
          [
            -4.241436,
            55.836214
          ]
        ]
      }
    },
    {
      "type": "Feature",
      "properties": {
        "name": "594 T",
        "type": "Tracks",
        "notes": "",
        "colour": "#a52714",
        "section": "Central"
      },
      "geometry": {
        "type": "LineString",
        "coordinates": [
          [
            -4.241436,
            55.836214
          ],
          [
            -4.239873,
            55.835674
          ]
        ]
      }
    },
    {
      "type": "Feature",
      "properties": {
        "name": "532 T",
        "type": "Tracks",
        "notes": "",
        "colour": "#a52714",
        "equipment_number": "764388",
        "section": "Central"
      },
      "geometry": {
        "type": "LineString",
        "coordinates": [
          [
            -4.25471,
            55.840881
          ],
          [
            -4.253995,
            55.84066
          ],
          [
            -4.2537,
            55.840559
          ],
          [
            -4.253995,
            55.84066
          ],
          [
            -4.254526,
            55.840844
          ],
          [
            -4.255542,
            55.841198
          ]
        ]
      }
    },
    {
      "type": "Feature",
      "properties": {
        "name": "533 T",
        "type": "Tracks",
        "notes": "",
        "colour": "#7cb342",
        "equipment_number": "764387",
        "section": "Central"
      },
      "geometry": {
        "type": "LineString",
        "coordinates": [
          [
            -4.253033,
            55.840346
          ],
          [
            -4.253615,
            55.84053
          ],
          [
            -4.2537,
            55.840559
          ],
          [
            -4.253616,
            55.84053
          ],
          [
            -4.252326,
            55.840082
          ]
        ]
      }
    },
    {
      "type": "Feature",
      "properties": {
        "name": "534 T",
        "type": "Tracks",
        "notes": "",
        "colour": "#a52714",
        "equipment_number": "764386",
        "section": "Central"
      },
      "geometry": {
        "type": "LineString",
        "coordinates": [
          [
            -4.252326,
            55.840082
          ],
          [
            -4.250381,
            55.839408
          ],
          [
            -4.250669,
            55.839508
          ],
          [
            -4.251162,
            55.839659
          ],
          [
            -4.251368,
            55.839721
          ]
        ]
      }
    },
    {
      "type": "Feature",
      "properties": {
        "name": "535 T",
        "type": "Tracks",
        "notes": "",
        "colour": "#7cb342",
        "equipment_number": "764376",
        "section": "Central"
      },
      "geometry": {
        "type": "LineString",
        "coordinates": [
          [
            -4.250381,
            55.839408
          ],
          [
            -4.248733,
            55.838839
          ],
          [
            -4.249016,
            55.838937
          ],
          [
            -4.249404,
            55.839087
          ]
        ]
      }
    },
    {
      "type": "Feature",
      "properties": {
        "name": "536 T",
        "type": "Tracks",
        "notes": "",
        "colour": "#a52714",
        "equipment_number": "764384",
        "section": "Central"
      },
      "geometry": {
        "type": "LineString",
        "coordinates": [
          [
            -4.248733,
            55.838839
          ],
          [
            -4.248298,
            55.838686
          ]
        ]
      }
    },
    {
      "type": "Feature",
      "properties": {
        "name": "537 T",
        "type": "Tracks",
        "notes": "",
        "colour": "#7cb342",
        "equipment_number": "764393",
        "section": "Central"
      },
      "geometry": {
        "type": "LineString",
        "coordinates": [
          [
            -4.247702,
            55.838497
          ],
          [
            -4.248169,
            55.838641
          ],
          [
            -4.248298,
            55.838686
          ],
          [
            -4.248168,
            55.838641
          ],
          [
            -4.24693,
            55.838212
          ]
        ]
      }
    },
    {
      "type": "Feature",
      "properties": {
        "name": "538 T",
        "type": "Tracks",
        "notes": "",
        "colour": "#a52714",
        "equipment_number": "764382",
        "section": "Central"
      },
      "geometry": {
        "type": "LineString",
        "coordinates": [
          [
            -4.246042,
            55.837877
          ],
          [
            -4.246643,
            55.838112
          ],
          [
            -4.24693,
            55.838212
          ],
          [
            -4.246643,
            55.838113
          ],
          [
            -4.245986,
            55.837885
          ],
          [
            -4.242286,
            55.836605
          ]
        ]
      }
    },
    {
      "type": "Feature",
      "properties": {
        "name": "541 T",
        "type": "Tracks",
        "notes": "",
        "colour": "#7cb342",
        "equipment_number": "764380",
        "section": "Central"
      },
      "geometry": {
        "type": "LineString",
        "coordinates": [
          [
            -4.242286,
            55.836605
          ],
          [
            -4.240711,
            55.836056
          ],
          [
            -4.239818,
            55.835744
          ],
          [
            -4.240712,
            55.836056
          ],
          [
            -4.241385,
            55.836259
          ]
        ]
      }
    },
    {
      "type": "Feature",
      "properties": {
        "name": "502 T",
        "type": "Tracks",
        "notes": "",
        "colour": "#ffea00",
        "equipment_number": "764499",
        "section": "Central"
      },
      "geometry": {
        "type": "LineString",
        "coordinates": [
          [
            -4.256924,
            55.841712
          ],
          [
            -4.2547,
            55.840942
          ],
          [
            -4.25467,
            55.840932
          ]
        ]
      }
    },
    {
      "type": "Feature",
      "properties": {
        "name": "503 T",
        "type": "Tracks",
        "notes": "",
        "colour": "#0288d1",
        "equipment_number": "764498",
        "section": "Central"
      },
      "geometry": {
        "type": "LineString",
        "coordinates": [
          [
            -4.25467,
            55.840932
          ],
          [
            -4.252307,
            55.840112
          ],
          [
            -4.252728,
            55.840259
          ],
          [
            -4.253033,
            55.840346
          ]
        ]
      }
    },
    {
      "type": "Feature",
      "properties": {
        "name": "504 T",
        "type": "Tracks",
        "notes": "",
        "colour": "#ffea00",
        "equipment_number": "764497",
        "section": "Central"
      },
      "geometry": {
        "type": "LineString",
        "coordinates": [
          [
            -4.252307,
            55.840112
          ],
          [
            -4.25099,
            55.839656
          ],
          [
            -4.250829,
            55.839602
          ],
          [
            -4.250458,
            55.839471
          ],
          [
            -4.250831,
            55.839602
          ],
          [
            -4.251342,
            55.839804
          ]
        ]
      }
    },
    {
      "type": "Feature",
      "properties": {
        "name": "505 T",
        "type": "Tracks",
        "notes": "",
        "colour": "#0288d1",
        "equipment_number": "764409",
        "section": "Central"
      },
      "geometry": {
        "type": "LineString",
        "coordinates": [
          [
            -4.250458,
            55.839471
          ],
          [
            -4.25003,
            55.839322
          ]
        ]
      }
    },
    {
      "type": "Feature",
      "properties": {
        "name": "506 T",
        "type": "Tracks",
        "notes": "",
        "colour": "#ffea00",
        "equipment_number": "764447",
        "section": "Central"
      },
      "geometry": {
        "type": "LineString",
        "coordinates": [
          [
            -4.249404,
            55.839087
          ],
          [
            -4.249909,
            55.83928
          ],
          [
            -4.25003,
            55.839322
          ],
          [
            -4.24991,
            55.83928
          ],
          [
            -4.248682,
            55.838853
          ]
        ]
      }
    },
    {
      "type": "Feature",
      "properties": {
        "name": "507 T",
        "type": "Tracks",
        "notes": "",
        "colour": "#0288d1",
        "equipment_number": "764419",
        "section": "Central"
      },
      "geometry": {
        "type": "LineString",
        "coordinates": [
          [
            -4.248682,
            55.838853
          ],
          [
            -4.247247,
            55.838358
          ],
          [
            -4.246904,
            55.838238
          ],
          [
            -4.247247,
            55.838358
          ],
          [
            -4.247702,
            55.838497
          ]
        ]
      }
    },
    {
      "type": "Feature",
      "properties": {
        "name": "508 T",
        "type": "Tracks",
        "notes": "",
        "colour": "#ffea00",
        "equipment_number": "764392",
        "section": "Central"
      },
      "geometry": {
        "type": "LineString",
        "coordinates": [
          [
            -4.245986,
            55.837949
          ],
          [
            -4.246647,
            55.838151
          ],
          [
            -4.246904,
            55.838238
          ],
          [
            -4.246648,
            55.838151
          ],
          [
            -4.245076,
            55.837607
          ]
        ]
      }
    },
    {
      "type": "Feature",
      "properties": {
        "name": "509 T",
        "type": "Tracks",
        "notes": "",
        "colour": "#0288d1",
        "equipment_number": "764391",
        "section": "Central"
      },
      "geometry": {
        "type": "LineString",
        "coordinates": [
          [
            -4.245076,
            55.837607
          ],
          [
            -4.242646,
            55.836764
          ]
        ]
      }
    },
    {
      "type": "Feature",
      "properties": {
        "name": "511 T",
        "type": "Tracks",
        "notes": "",
        "colour": "#ffea00",
        "equipment_number": "1388056",
        "section": "Central"
      },
      "geometry": {
        "type": "LineString",
        "coordinates": [
          [
            -4.242646,
            55.836764
          ],
          [
            -4.240288,
            55.835944
          ]
        ]
      }
    },
    {
      "type": "Feature",
      "properties": {
        "name": "463 T",
        "type": "Tracks",
        "notes": "",
        "colour": "#7cb342",
        "equipment_number": "764400",
        "section": "Central"
      },
      "geometry": {
        "type": "LineString",
        "coordinates": [
          [
            -4.253624,
            55.84062
          ],
          [
            -4.252219,
            55.840137
          ],
          [
            -4.252507,
            55.840237
          ],
          [
            -4.25285,
            55.840373
          ]
        ]
      }
    },
    {
      "type": "Feature",
      "properties": {
        "name": "464 T",
        "type": "Tracks",
        "notes": "",
        "colour": "#a52714",
        "equipment_number": "764399",
        "section": "Central"
      },
      "geometry": {
        "type": "LineString",
        "coordinates": [
          [
            -4.251196,
            55.839783
          ],
          [
            -4.252219,
            55.840137
          ],
          [
            -4.251966,
            55.84005
          ],
          [
            -4.251342,
            55.839804
          ]
        ]
      }
    },
    {
      "type": "Feature",
      "properties": {
        "name": "466 T",
        "type": "Tracks",
        "notes": "",
        "colour": "#7cb342",
        "equipment_number": "764397",
        "section": "Central"
      },
      "geometry": {
        "type": "LineString",
        "coordinates": [
          [
            -4.251196,
            55.839783
          ],
          [
            -4.248847,
            55.838971
          ]
        ]
      }
    },
    {
      "type": "Feature",
      "properties": {
        "name": "467 T",
        "type": "Tracks",
        "notes": "",
        "colour": "#a52714",
        "equipment_number": "764396",
        "section": "Central"
      },
      "geometry": {
        "type": "LineString",
        "coordinates": [
          [
            -4.248847,
            55.838971
          ],
          [
            -4.24646,
            55.838141
          ]
        ]
      }
    },
    {
      "type": "Feature",
      "properties": {
        "name": "468 T",
        "type": "Tracks",
        "notes": "",
        "colour": "#7cb342",
        "equipment_number": "764450",
        "section": "Central"
      },
      "geometry": {
        "type": "LineString",
        "coordinates": [
          [
            -4.24646,
            55.838141
          ],
          [
            -4.245103,
            55.837671
          ],
          [
            -4.24539,
            55.83777
          ],
          [
            -4.245986,
            55.837949
          ]
        ]
      }
    },
    {
      "type": "Feature",
      "properties": {
        "name": "469 T",
        "type": "Tracks",
        "notes": "",
        "colour": "#a52714",
        "equipment_number": "764377",
        "section": "Central"
      },
      "geometry": {
        "type": "LineString",
        "coordinates": [
          [
            -4.244401,
            55.837444
          ],
          [
            -4.244812,
            55.83757
          ],
          [
            -4.245103,
            55.837671
          ],
          [
            -4.244812,
            55.83757
          ],
          [
            -4.242195,
            55.83667
          ]
        ]
      }
    },
    {
      "type": "Feature",
      "properties": {
        "name": "472 T",
        "type": "Tracks",
        "notes": "",
        "colour": "#7cb342",
        "equipment_number": "764501",
        "section": "Central"
      },
      "geometry": {
        "type": "LineString",
        "coordinates": [
          [
            -4.239854,
            55.835851
          ],
          [
            -4.242195,
            55.83667
          ],
          [
            -4.241788,
            55.836528
          ],
          [
            -4.241517,
            55.836447
          ]
        ]
      }
    },
    {
      "type": "Feature",
      "properties": {
        "name": "402 T",
        "type": "Tracks",
        "notes": "",
        "colour": "#ffea00",
        "equipment_number": "764488",
        "section": "Central"
      },
      "geometry": {
        "type": "LineString",
        "coordinates": [
          [
            -4.256859,
            55.841782
          ],
          [
            -4.253598,
            55.840652
          ]
        ]
      }
    },
    {
      "type": "Feature",
      "properties": {
        "name": "405 T",
        "type": "Tracks",
        "notes": "",
        "colour": "#0288d1",
        "equipment_number": "764486",
        "section": "Central"
      },
      "geometry": {
        "type": "LineString",
        "coordinates": [
          [
            -4.25285,
            55.840373
          ],
          [
            -4.253404,
            55.840584
          ],
          [
            -4.253598,
            55.840652
          ],
          [
            -4.253406,
            55.840586
          ],
          [
            -4.252097,
            55.840131
          ]
        ]
      }
    },
    {
      "type": "Feature",
      "properties": {
        "name": "406 T",
        "type": "Tracks",
        "notes": "",
        "colour": "#ffea00",
        "equipment_number": "764511",
        "section": "Central"
      },
      "geometry": {
        "type": "LineString",
        "coordinates": [
          [
            -4.252097,
            55.840131
          ],
          [
            -4.249827,
            55.839345
          ]
        ]
      }
    },
    {
      "type": "Feature",
      "properties": {
        "name": "407 T",
        "type": "Tracks",
        "notes": "",
        "colour": "#0288d1",
        "equipment_number": "764513",
        "section": "Central"
      },
      "geometry": {
        "type": "LineString",
        "coordinates": [
          [
            -4.249827,
            55.839345
          ],
          [
            -4.248818,
            55.838994
          ]
        ]
      }
    },
    {
      "type": "Feature",
      "properties": {
        "name": "408 T",
        "type": "Tracks",
        "notes": "",
        "colour": "#ffea00",
        "equipment_number": "764494",
        "section": "Central"
      },
      "geometry": {
        "type": "LineString",
        "coordinates": [
          [
            -4.248818,
            55.838994
          ],
          [
            -4.247615,
            55.838577
          ]
        ]
      }
    },
    {
      "type": "Feature",
      "properties": {
        "name": "409 T",
        "type": "Tracks",
        "notes": "",
        "colour": "#0288d1",
        "equipment_number": "764519",
        "section": "Central"
      },
      "geometry": {
        "type": "LineString",
        "coordinates": [
          [
            -4.247615,
            55.838577
          ],
          [
            -4.245348,
            55.837793
          ]
        ]
      }
    },
    {
      "type": "Feature",
      "properties": {
        "name": "411 T",
        "type": "Tracks",
        "notes": "",
        "colour": "#ffea00",
        "equipment_number": "764518",
        "section": "Central"
      },
      "geometry": {
        "type": "LineString",
        "coordinates": [
          [
            -4.245348,
            55.837793
          ],
          [
            -4.24383,
            55.837268
          ],
          [
            -4.244401,
            55.837444
          ],
          [
            -4.24383,
            55.837268
          ],
          [
            -4.243489,
            55.837152
          ]
        ]
      }
    },
    {
      "type": "Feature",
      "properties": {
        "name": "413 T",
        "type": "Tracks",
        "notes": "",
        "colour": "#0288d1",
        "equipment_number": "764516",
        "section": "Central"
      },
      "geometry": {
        "type": "LineString",
        "coordinates": [
          [
            -4.243489,
            55.837152
          ],
          [
            -4.242593,
            55.836843
          ]
        ]
      }
    },
    {
      "type": "Feature",
      "properties": {
        "name": "414 T",
        "type": "Tracks",
        "notes": "",
        "colour": "#ffea00",
        "equipment_number": "764515",
        "section": "Central"
      },
      "geometry": {
        "type": "LineString",
        "coordinates": [
          [
            -4.241517,
            55.836447
          ],
          [
            -4.241038,
            55.836302
          ],
          [
            -4.240742,
            55.836198
          ],
          [
            -4.241038,
            55.836302
          ],
          [
            -4.241587,
            55.836495
          ],
          [
            -4.241956,
            55.836623
          ],
          [
            -4.242593,
            55.836843
          ],
          [
            -4.241956,
            55.836623
          ],
          [
            -4.241752,
            55.836568
          ],
          [
            -4.241401,
            55.836469
          ],
          [
            -4.241241,
            55.836422
          ]
        ]
      }
    },
    {
      "type": "Feature",
      "properties": {
        "name": "417 T",
        "type": "Tracks",
        "notes": "",
        "colour": "#0288d1",
        "equipment_number": "764512",
        "section": "Central"
      },
      "geometry": {
        "type": "LineString",
        "coordinates": [
          [
            -4.241241,
            55.836422
          ],
          [
            -4.241111,
            55.836389
          ],
          [
            -4.240959,
            55.836355
          ],
          [
            -4.240829,
            55.836334
          ],
          [
            -4.240499,
            55.836293
          ],
          [
            -4.239495,
            55.836175
          ],
          [
            -4.240168,
            55.836253
          ],
          [
            -4.239481,
            55.836201
          ],
          [
            -4.240168,
            55.836253
          ],
          [
            -4.240499,
            55.836293
          ],
          [
            -4.240074,
            55.836275
          ],
          [
            -4.239626,
            55.836249
          ]
        ]
      }
    },
    {
      "type": "Feature",
      "properties": {
        "name": "455 T",
        "type": "Tracks",
        "notes": "",
        "colour": "#ffea00",
        "equipment_number": "764406",
        "section": "Central"
      },
      "geometry": {
        "type": "LineString",
        "coordinates": [
          [
            -4.239495,
            55.836175
          ],
          [
            -4.23868,
            55.836077
          ]
        ]
      }
    },
    {
      "type": "Feature",
      "properties": {
        "name": "454 T",
        "type": "Tracks",
        "notes": "",
        "colour": "#a52714",
        "equipment_number": "764407",
        "section": "Central"
      },
      "geometry": {
        "type": "LineString",
        "coordinates": [
          [
            -4.23868,
            55.836108
          ],
          [
            -4.239481,
            55.836201
          ]
        ]
      }
    },
    {
      "type": "Feature",
      "properties": {
        "name": "453 T",
        "type": "Tracks",
        "notes": "",
        "colour": "#ffea00",
        "equipment_number": "764408",
        "section": "Central"
      },
      "geometry": {
        "type": "LineString",
        "coordinates": [
          [
            -4.239168,
            55.836199
          ],
          [
            -4.239522,
            55.836238
          ],
          [
            -4.239626,
            55.836249
          ]
        ]
      }
    },
    {
      "type": "Feature",
      "properties": {
        "name": "458 T",
        "type": "Tracks",
        "notes": "",
        "colour": "#0288d1",
        "equipment_number": "764394",
        "section": "Central"
      },
      "geometry": {
        "type": "LineString",
        "coordinates": [
          [
            -4.235484,
            55.834971
          ],
          [
            -4.237303,
            55.835759
          ],
          [
            -4.237395,
            55.835798
          ],
          [
            -4.237717,
            55.835906
          ],
          [
            -4.237917,
            55.835957
          ],
          [
            -4.238292,
            55.836029
          ],
          [
            -4.23868,
            55.836077
          ]
        ]
      }
    },
    {
      "type": "Feature",
      "properties": {
        "name": "457 T",
        "type": "Tracks",
        "notes": "",
        "colour": "#7cb342",
        "equipment_number": "764404",
        "section": "Central"
      },
      "geometry": {
        "type": "LineString",
        "coordinates": [
          [
            -4.23868,
            55.836108
          ],
          [
            -4.238259,
            55.836058
          ],
          [
            -4.238037,
            55.836019
          ],
          [
            -4.237848,
            55.835979
          ],
          [
            -4.237611,
            55.835912
          ],
          [
            -4.237416,
            55.835845
          ],
          [
            -4.237249,
            55.835775
          ],
          [
            -4.235447,
            55.834997
          ]
        ]
      }
    },
    {
      "type": "Feature",
      "properties": {
        "name": "456 T",
        "type": "Tracks",
        "notes": "",
        "colour": "#0288d1",
        "equipment_number": "764405",
        "section": "Central"
      },
      "geometry": {
        "type": "LineString",
        "coordinates": [
          [
            -4.235426,
            55.835024
          ],
          [
            -4.236609,
            55.835536
          ],
          [
            -4.23731,
            55.835841
          ],
          [
            -4.237486,
            55.835908
          ],
          [
            -4.237614,
            55.83595
          ],
          [
            -4.237785,
            55.835999
          ],
          [
            -4.238049,
            55.836058
          ],
          [
            -4.238215,
            55.836085
          ],
          [
            -4.239168,
            55.836199
          ]
        ]
      }
    },
    {
      "type": "Feature",
      "properties": {
        "name": "3441 T",
        "type": "Tracks",
        "notes": "",
        "colour": "#0288d1",
        "equipment_number": "2560154",
        "section": "Central"
      },
      "geometry": {
        "type": "LineString",
        "coordinates": [
          [
            -4.260442,
            55.849504
          ],
          [
            -4.260518,
            55.849105
          ],
          [
            -4.260585,
            55.848821
          ],
          [
            -4.260676,
            55.848523
          ]
        ]
      }
    },
    {
      "type": "Feature",
      "properties": {
        "name": "3463 T",
        "type": "Tracks",
        "notes": "",
        "colour": "#7cb342",
        "equipment_number": "2560160",
        "section": "Central"
      },
      "geometry": {
        "type": "LineString",
        "coordinates": [
          [
            -4.260475,
            55.849824
          ],
          [
            -4.260492,
            55.849567
          ],
          [
            -4.260499,
            55.84951
          ],
          [
            -4.260492,
            55.849567
          ],
          [
            -4.260445,
            55.849823
          ]
        ]
      }
    },
    {
      "type": "Feature",
      "properties": {
        "name": "3461 T",
        "type": "Tracks",
        "notes": "",
        "colour": "#a52714",
        "equipment_number": "2560158",
        "section": "Central"
      },
      "geometry": {
        "type": "LineString",
        "coordinates": [
          [
            -4.260445,
            55.849823
          ],
          [
            -4.260361,
            55.850141
          ],
          [
            -4.260398,
            55.850008
          ],
          [
            -4.260418,
            55.849803
          ]
        ]
      }
    },
    {
      "type": "Feature",
      "properties": {
        "name": "3460 T",
        "type": "Tracks",
        "notes": "",
        "colour": "#7cb342",
        "equipment_number": "2560156",
        "section": "Central"
      },
      "geometry": {
        "type": "LineString",
        "coordinates": [
          [
            -4.260292,
            55.850444
          ],
          [
            -4.260318,
            55.850298
          ],
          [
            -4.260361,
            55.850141
          ],
          [
            -4.26032,
            55.850298
          ],
          [
            -4.26015,
            55.850762
          ]
        ]
      }
    },
    {
      "type": "Feature",
      "properties": {
        "name": "3359 T",
        "type": "Tracks",
        "notes": "",
        "colour": "#a52714",
        "equipment_number": "2560150",
        "section": "Central"
      },
      "geometry": {
        "type": "LineString",
        "coordinates": [
          [
            -4.26015,
            55.850762
          ],
          [
            -4.260116,
            55.850842
          ],
          [
            -4.260013,
            55.851089
          ],
          [
            -4.260116,
            55.850842
          ],
          [
            -4.260048,
            55.85108
          ],
          [
            -4.259931,
            55.851515
          ]
        ]
      }
    },
    {
      "type": "Feature",
      "properties": {
        "name": "3440 T",
        "type": "Tracks",
        "notes": "",
        "colour": "#ffea00",
        "equipment_number": "2560152",
        "section": "Central"
      },
      "geometry": {
        "type": "LineString",
        "coordinates": [
          [
            -4.260418,
            55.849803
          ],
          [
            -4.260432,
            55.849591
          ],
          [
            -4.260442,
            55.849504
          ],
          [
            -4.260433,
            55.84959
          ],
          [
            -4.260374,
            55.849909
          ],
          [
            -4.260255,
            55.850326
          ],
          [
            -4.260199,
            55.850474
          ],
          [
            -4.260098,
            55.850757
          ]
        ]
      }
    },
    {
      "type": "Feature",
      "properties": {
        "name": "3339 T",
        "type": "Tracks",
        "notes": "",
        "colour": "#0288d1",
        "equipment_number": "2560148",
        "section": "Central"
      },
      "geometry": {
        "type": "LineString",
        "coordinates": [
          [
            -4.260098,
            55.850757
          ],
          [
            -4.25993,
            55.851323
          ],
          [
            -4.259954,
            55.851244
          ],
          [
            -4.260013,
            55.851089
          ]
        ]
      }
    },
    {
      "type": "Feature",
      "properties": {
        "name": "3337 T",
        "type": "Tracks",
        "notes": "",
        "colour": "#ffea00",
        "equipment_number": "2560146",
        "section": "Central"
      },
      "geometry": {
        "type": "LineString",
        "coordinates": [
          [
            -4.259752,
            55.851781
          ],
          [
            -4.259891,
            55.851448
          ],
          [
            -4.25993,
            55.851323
          ],
          [
            -4.259893,
            55.851448
          ],
          [
            -4.259781,
            55.851906
          ]
        ]
      }
    },
    {
      "type": "Feature",
      "properties": {
        "name": "3336 T",
        "type": "Tracks",
        "notes": "",
        "colour": "#0288d1",
        "equipment_number": "2559786",
        "section": "Central"
      },
      "geometry": {
        "type": "LineString",
        "coordinates": [
          [
            -4.259781,
            55.851906
          ],
          [
            -4.259663,
            55.852281
          ],
          [
            -4.259596,
            55.852487
          ],
          [
            -4.259663,
            55.852281
          ],
          [
            -4.259761,
            55.85206
          ]
        ]
      }
    },
    {
      "type": "Feature",
      "properties": {
        "name": "3334 T",
        "type": "Tracks",
        "notes": "",
        "colour": "#ffea00",
        "equipment_number": "2559784",
        "section": "Central"
      },
      "geometry": {
        "type": "LineString",
        "coordinates": [
          [
            -4.259596,
            55.852487
          ],
          [
            -4.259157,
            55.853723
          ],
          [
            -4.259134,
            55.853805
          ],
          [
            -4.259103,
            55.853914
          ]
        ]
      }
    },
    {
      "type": "Feature",
      "properties": {
        "name": "3333 T",
        "type": "Tracks",
        "notes": "",
        "colour": "#0288d1",
        "equipment_number": "2559782",
        "section": "Central"
      },
      "geometry": {
        "type": "LineString",
        "coordinates": [
          [
            -4.259103,
            55.853914
          ],
          [
            -4.259064,
            55.8541
          ],
          [
            -4.259042,
            55.85427
          ]
        ]
      }
    },
    {
      "type": "Feature",
      "properties": {
        "name": "3312 T",
        "type": "Tracks",
        "notes": "",
        "colour": "#ffea00",
        "equipment_number": "2559774",
        "section": "Central"
      },
      "geometry": {
        "type": "LineString",
        "coordinates": [
          [
            -4.259042,
            55.85427
          ],
          [
            -4.259022,
            55.854499
          ],
          [
            -4.259018,
            55.854706
          ],
          [
            -4.259001,
            55.854485
          ],
          [
            -4.258979,
            55.854293
          ]
        ]
      }
    },
    {
      "type": "Feature",
      "properties": {
        "name": "3314 T",
        "type": "Tracks",
        "notes": "",
        "colour": "#0288d1",
        "equipment_number": "2559274",
        "section": "Central"
      },
      "geometry": {
        "type": "LineString",
        "coordinates": [
          [
            -4.259047,
            55.853826
          ],
          [
            -4.259012,
            55.853952
          ],
          [
            -4.258985,
            55.854113
          ],
          [
            -4.258979,
            55.854293
          ],
          [
            -4.258964,
            55.854086
          ],
          [
            -4.258961,
            55.85396
          ],
          [
            -4.258981,
            55.853818
          ]
        ]
      }
    },
    {
      "type": "Feature",
      "properties": {
        "name": "3324 T",
        "type": "Tracks",
        "notes": "",
        "colour": "#0288d1",
        "equipment_number": "2559780",
        "section": "Central"
      },
      "geometry": {
        "type": "LineString",
        "coordinates": [
          [
            -4.259511,
            55.852309
          ],
          [
            -4.259704,
            55.85189
          ],
          [
            -4.259752,
            55.851781
          ],
          [
            -4.259703,
            55.851891
          ],
          [
            -4.259577,
            55.852318
          ]
        ]
      }
    },
    {
      "type": "Feature",
      "properties": {
        "name": "3316 T",
        "type": "Tracks",
        "notes": "",
        "colour": "#7cb342",
        "equipment_number": "2559778",
        "section": "Central"
      },
      "geometry": {
        "type": "LineString",
        "coordinates": [
          [
            -4.259511,
            55.852309
          ],
          [
            -4.259202,
            55.853132
          ]
        ]
      }
    },
    {
      "type": "Feature",
      "properties": {
        "name": "3323 T",
        "type": "Tracks",
        "notes": "",
        "colour": "#a52714",
        "equipment_number": "2559278",
        "section": "Central"
      },
      "geometry": {
        "type": "LineString",
        "coordinates": [
          [
            -4.25927,
            55.853192
          ],
          [
            -4.259577,
            55.852318
          ]
        ]
      }
    },
    {
      "type": "Feature",
      "properties": {
        "name": "3322 T",
        "type": "Tracks",
        "notes": "",
        "colour": "#7cb342",
        "equipment_number": "2559277",
        "section": "Central"
      },
      "geometry": {
        "type": "LineString",
        "coordinates": [
          [
            -4.25927,
            55.853192
          ],
          [
            -4.259085,
            55.853685
          ],
          [
            -4.259047,
            55.853826
          ]
        ]
      }
    },
    {
      "type": "Feature",
      "properties": {
        "name": "3315 T",
        "type": "Tracks",
        "notes": "",
        "colour": "#a52714",
        "equipment_number": "2559776",
        "section": "Central"
      },
      "geometry": {
        "type": "LineString",
        "coordinates": [
          [
            -4.258981,
            55.853818
          ],
          [
            -4.259004,
            55.853692
          ],
          [
            -4.25903,
            55.853611
          ],
          [
            -4.259081,
            55.853461
          ],
          [
            -4.259202,
            55.853132
          ]
        ]
      }
    },
    {
      "type": "Feature",
      "properties": {
        "name": "3311 T",
        "type": "Tracks",
        "notes": "",
        "colour": "#0288d1",
        "equipment_number": "2559272",
        "section": "Central"
      },
      "geometry": {
        "type": "LineString",
        "coordinates": [
          [
            -4.259018,
            55.854706
          ],
          [
            -4.258988,
            55.855044
          ],
          [
            -4.258932,
            55.855347
          ],
          [
            -4.258923,
            55.855373
          ],
          [
            -4.258909,
            55.855415
          ],
          [
            -4.258932,
            55.855347
          ],
          [
            -4.258994,
            55.855175
          ]
        ]
      }
    },
    {
      "type": "Feature",
      "properties": {
        "name": "3219 T",
        "type": "Tracks",
        "notes": "",
        "colour": "#ffea00",
        "equipment_number": "2559243",
        "section": "Central"
      },
      "geometry": {
        "type": "LineString",
        "coordinates": [
          [
            -4.258909,
            55.855415
          ],
          [
            -4.258739,
            55.855888
          ],
          [
            -4.258701,
            55.855975
          ],
          [
            -4.258739,
            55.855888
          ],
          [
            -4.258811,
            55.85575
          ]
        ]
      }
    },
    {
      "type": "Feature",
      "properties": {
        "name": "3218 T",
        "type": "Tracks",
        "notes": "",
        "colour": "#0288d1",
        "equipment_number": "2559242",
        "section": "Central"
      },
      "geometry": {
        "type": "LineString",
        "coordinates": [
          [
            -4.25856,
            55.856257
          ],
          [
            -4.258616,
            55.856151
          ],
          [
            -4.258675,
            55.856035
          ],
          [
            -4.258701,
            55.855975
          ],
          [
            -4.258675,
            55.856035
          ],
          [
            -4.258603,
            55.856151
          ],
          [
            -4.258565,
            55.856205
          ],
          [
            -4.258489,
            55.8563
          ],
          [
            -4.25841,
            55.856424
          ],
          [
            -4.258312,
            55.856594
          ],
          [
            -4.258289,
            55.856648
          ],
          [
            -4.258312,
            55.856594
          ],
          [
            -4.258271,
            55.856646
          ],
          [
            -4.258312,
            55.856594
          ],
          [
            -4.25841,
            55.856424
          ],
          [
            -4.258489,
            55.8563
          ],
          [
            -4.258324,
            55.856495
          ],
          [
            -4.258206,
            55.856633
          ]
        ]
      }
    },
    {
      "type": "Feature",
      "properties": {
        "name": "3217 T",
        "type": "Tracks",
        "notes": "",
        "colour": "#ffea00",
        "equipment_number": "2559760",
        "section": "Central"
      },
      "geometry": {
        "type": "LineString",
        "coordinates": [
          [
            -4.258206,
            55.856633
          ],
          [
            -4.258081,
            55.856776
          ],
          [
            -4.258032,
            55.85685
          ]
        ]
      }
    },
    {
      "type": "Feature",
      "properties": {
        "name": "3015 T",
        "type": "Tracks",
        "notes": "",
        "colour": "#0288d1",
        "equipment_number": "2559226",
        "section": "Central"
      },
      "geometry": {
        "type": "LineString",
        "coordinates": [
          [
            -4.258032,
            55.85685
          ],
          [
            -4.257963,
            55.85696
          ],
          [
            -4.257927,
            55.857047
          ],
          [
            -4.257883,
            55.857187
          ],
          [
            -4.257869,
            55.857259
          ],
          [
            -4.257863,
            55.85731
          ]
        ]
      }
    },
    {
      "type": "Feature",
      "properties": {
        "name": "3013 T",
        "type": "Tracks",
        "notes": "",
        "colour": "#ffea00",
        "equipment_number": "2559225",
        "section": "Central"
      },
      "geometry": {
        "type": "LineString",
        "coordinates": [
          [
            -4.257863,
            55.85731
          ],
          [
            -4.257857,
            55.857412
          ],
          [
            -4.257857,
            55.857531
          ],
          [
            -4.257845,
            55.857766
          ],
          [
            -4.257803,
            55.857955
          ],
          [
            -4.257782,
            55.858008
          ]
        ]
      }
    },
    {
      "type": "Feature",
      "properties": {
        "name": "3012 T",
        "type": "Tracks",
        "notes": "",
        "colour": "#0288d1",
        "equipment_number": "2559758",
        "section": "Central"
      },
      "geometry": {
        "type": "LineString",
        "coordinates": [
          [
            -4.257782,
            55.858008
          ],
          [
            -4.257708,
            55.858227
          ],
          [
            -4.257617,
            55.85843
          ],
          [
            -4.25756,
            55.85856
          ],
          [
            -4.257523,
            55.85865
          ]
        ]
      }
    },
    {
      "type": "Feature",
      "properties": {
        "name": "3011 T",
        "type": "Tracks",
        "notes": "",
        "colour": "#ffea00",
        "equipment_number": "2559223",
        "section": "Central"
      },
      "geometry": {
        "type": "LineString",
        "coordinates": [
          [
            -4.257469,
            55.859523
          ],
          [
            -4.257461,
            55.859255
          ],
          [
            -4.25745,
            55.859073
          ],
          [
            -4.257453,
            55.85896
          ],
          [
            -4.257485,
            55.858767
          ],
          [
            -4.257523,
            55.85865
          ]
        ]
      }
    },
    {
      "type": "Feature",
      "properties": {
        "name": "3358 T",
        "type": "Tracks",
        "notes": "",
        "colour": "#7cb342",
        "equipment_number": "2642552",
        "section": "Central"
      },
      "geometry": {
        "type": "LineString",
        "coordinates": [
          [
            -4.259931,
            55.851515
          ],
          [
            -4.259902,
            55.85165
          ],
          [
            -4.259834,
            55.851919
          ],
          [
            -4.259879,
            55.851826
          ],
          [
            -4.259834,
            55.851919
          ],
          [
            -4.259761,
            55.85206
          ],
          [
            -4.259834,
            55.851919
          ],
          [
            -4.259755,
            55.852179
          ],
          [
            -4.259586,
            55.852677
          ]
        ]
      }
    },
    {
      "type": "Feature",
      "properties": {
        "name": "3357 T",
        "type": "Tracks",
        "notes": "",
        "colour": "#a52714",
        "equipment_number": "2559790",
        "section": "Central"
      },
      "geometry": {
        "type": "LineString",
        "coordinates": [
          [
            -4.25933,
            55.853377
          ],
          [
            -4.259586,
            55.852677
          ]
        ]
      }
    },
    {
      "type": "Feature",
      "properties": {
        "name": "3356 T",
        "type": "Tracks",
        "notes": "",
        "colour": "#7cb342",
        "equipment_number": "2559788",
        "section": "Central"
      },
      "geometry": {
        "type": "LineString",
        "coordinates": [
          [
            -4.25933,
            55.853377
          ],
          [
            -4.259253,
            55.853598
          ],
          [
            -4.259198,
            55.853774
          ],
          [
            -4.259156,
            55.853924
          ]
        ]
      }
    },
    {
      "type": "Feature",
      "properties": {
        "name": "3355 T",
        "type": "Tracks",
        "notes": "",
        "colour": "#a52714",
        "equipment_number": "2559283",
        "section": "Central"
      },
      "geometry": {
        "type": "LineString",
        "coordinates": [
          [
            -4.259156,
            55.853924
          ],
          [
            -4.259133,
            55.854037
          ],
          [
            -4.259121,
            55.854098
          ],
          [
            -4.259094,
            55.854263
          ],
          [
            -4.259082,
            55.854398
          ],
          [
            -4.259073,
            55.85455
          ],
          [
            -4.25907,
            55.854707
          ]
        ]
      }
    },
    {
      "type": "Feature",
      "properties": {
        "name": "3354 T",
        "type": "Tracks",
        "notes": "",
        "colour": "#7cb342",
        "equipment_number": "2559077",
        "section": "Central"
      },
      "geometry": {
        "type": "LineString",
        "coordinates": [
          [
            -4.25907,
            55.854707
          ],
          [
            -4.259062,
            55.854848
          ],
          [
            -4.259034,
            55.855067
          ],
          [
            -4.258994,
            55.855175
          ],
          [
            -4.259034,
            55.855067
          ],
          [
            -4.259023,
            55.855161
          ],
          [
            -4.259034,
            55.855067
          ],
          [
            -4.259074,
            55.854944
          ]
        ]
      }
    },
    {
      "type": "Feature",
      "properties": {
        "name": "3480 T",
        "type": "Tracks",
        "notes": "",
        "colour": "#ffea00",
        "equipment_number": "2559037",
        "section": "Central"
      },
      "geometry": {
        "type": "LineString",
        "coordinates": [
          [
            -4.259879,
            55.851826
          ],
          [
            -4.259966,
            55.851612
          ],
          [
            -4.25999,
            55.851517
          ],
          [
            -4.259967,
            55.851611
          ],
          [
            -4.259913,
            55.851829
          ]
        ]
      }
    },
    {
      "type": "Feature",
      "properties": {
        "name": "3379 T",
        "type": "Tracks",
        "notes": "",
        "colour": "#0288d1",
        "equipment_number": "2559035",
        "section": "Central"
      },
      "geometry": {
        "type": "LineString",
        "coordinates": [
          [
            -4.259913,
            55.851829
          ],
          [
            -4.259846,
            55.85207
          ],
          [
            -4.25978,
            55.852271
          ],
          [
            -4.25967,
            55.852584
          ],
          [
            -4.25978,
            55.852271
          ],
          [
            -4.259861,
            55.852093
          ]
        ]
      }
    },
    {
      "type": "Feature",
      "properties": {
        "name": "3378 T",
        "type": "Tracks",
        "notes": "",
        "colour": "#ffea00",
        "equipment_number": "2559033",
        "section": "Central"
      },
      "geometry": {
        "type": "LineString",
        "coordinates": [
          [
            -4.259421,
            55.853277
          ],
          [
            -4.25967,
            55.852584
          ]
        ]
      }
    },
    {
      "type": "Feature",
      "properties": {
        "name": "3377 T",
        "type": "Tracks",
        "notes": "",
        "colour": "#0288d1",
        "equipment_number": "2559031",
        "section": "Central"
      },
      "geometry": {
        "type": "LineString",
        "coordinates": [
          [
            -4.259421,
            55.853277
          ],
          [
            -4.259297,
            55.85363
          ],
          [
            -4.259271,
            55.853723
          ],
          [
            -4.259251,
            55.853813
          ],
          [
            -4.259239,
            55.853879
          ],
          [
            -4.259226,
            55.853935
          ]
        ]
      }
    },
    {
      "type": "Feature",
      "properties": {
        "name": "3391 T",
        "type": "Tracks",
        "notes": "",
        "colour": "#7cb342",
        "equipment_number": "2559049",
        "section": "Central"
      },
      "geometry": {
        "type": "LineString",
        "coordinates": [
          [
            -4.259733,
            55.852584
          ],
          [
            -4.259461,
            55.853327
          ]
        ]
      }
    },
    {
      "type": "Feature",
      "properties": {
        "name": "3390 T",
        "type": "Tracks",
        "notes": "",
        "colour": "#a52714",
        "equipment_number": "2558712",
        "section": "Central"
      },
      "geometry": {
        "type": "LineString",
        "coordinates": [
          [
            -4.259461,
            55.853327
          ],
          [
            -4.259353,
            55.853626
          ],
          [
            -4.259333,
            55.853696
          ]
        ]
      }
    },
    {
      "type": "Feature",
      "properties": {
        "name": "3389 T",
        "type": "Tracks",
        "notes": "",
        "colour": "#7cb342",
        "equipment_number": "2558711",
        "section": "Central"
      },
      "geometry": {
        "type": "LineString",
        "coordinates": [
          [
            -4.259333,
            55.853696
          ],
          [
            -4.259317,
            55.853757
          ],
          [
            -4.259283,
            55.853941
          ]
        ]
      }
    },
    {
      "type": "Feature",
      "properties": {
        "name": "3376 T",
        "type": "Tracks",
        "notes": "",
        "colour": "#ffea00",
        "equipment_number": "2559029",
        "section": "Central"
      },
      "geometry": {
        "type": "LineString",
        "coordinates": [
          [
            -4.259142,
            55.854676
          ],
          [
            -4.259213,
            55.854077
          ],
          [
            -4.259226,
            55.853935
          ]
        ]
      }
    },
    {
      "type": "Feature",
      "properties": {
        "name": "3374 T",
        "type": "Tracks",
        "notes": "",
        "colour": "#0288d1",
        "equipment_number": "2559027",
        "section": "Central"
      },
      "geometry": {
        "type": "LineString",
        "coordinates": [
          [
            -4.259074,
            55.854944
          ],
          [
            -4.259119,
            55.854808
          ],
          [
            -4.259142,
            55.854676
          ],
          [
            -4.259119,
            55.854808
          ],
          [
            -4.259111,
            55.854921
          ]
        ]
      }
    },
    {
      "type": "Feature",
      "properties": {
        "name": "3373 T",
        "type": "Tracks",
        "notes": "",
        "colour": "#7cb342",
        "equipment_number": "2559025",
        "section": "Central"
      },
      "geometry": {
        "type": "LineString",
        "coordinates": [
          [
            -4.259111,
            55.854921
          ],
          [
            -4.259096,
            55.855046
          ],
          [
            -4.259057,
            55.855159
          ],
          [
            -4.259096,
            55.855046
          ],
          [
            -4.259081,
            55.855161
          ],
          [
            -4.259097,
            55.855047
          ],
          [
            -4.259146,
            55.85492
          ]
        ]
      }
    },
    {
      "type": "Feature",
      "properties": {
        "name": "3352 T",
        "type": "Tracks",
        "notes": "",
        "colour": "#a52714",
        "equipment_number": "2559023",
        "section": "Central"
      },
      "geometry": {
        "type": "LineString",
        "coordinates": [
          [
            -4.259023,
            55.855161
          ],
          [
            -4.258996,
            55.855326
          ],
          [
            -4.258965,
            55.85542
          ],
          [
            -4.258998,
            55.855326
          ],
          [
            -4.259057,
            55.855159
          ]
        ]
      }
    },
    {
      "type": "Feature",
      "properties": {
        "name": "3229 T",
        "type": "Tracks",
        "notes": "",
        "colour": "#7cb342",
        "equipment_number": "2562270",
        "section": "Central"
      },
      "geometry": {
        "type": "LineString",
        "coordinates": [
          [
            -4.258811,
            55.85575
          ],
          [
            -4.258916,
            55.855542
          ],
          [
            -4.258965,
            55.85542
          ],
          [
            -4.258916,
            55.855542
          ],
          [
            -4.258835,
            55.85577
          ]
        ]
      }
    },
    {
      "type": "Feature",
      "properties": {
        "name": "3228 T",
        "type": "Tracks",
        "notes": "",
        "colour": "#a52714",
        "equipment_number": "2557759",
        "section": "Central"
      },
      "geometry": {
        "type": "LineString",
        "coordinates": [
          [
            -4.258835,
            55.85577
          ],
          [
            -4.258739,
            55.856041
          ],
          [
            -4.258722,
            55.856085
          ],
          [
            -4.258658,
            55.856201
          ],
          [
            -4.258722,
            55.856084
          ],
          [
            -4.258788,
            55.855976
          ]
        ]
      }
    },
    {
      "type": "Feature",
      "properties": {
        "name": "3226 T",
        "type": "Tracks",
        "notes": "",
        "colour": "#a52714",
        "equipment_number": "2562258",
        "section": "Central"
      },
      "geometry": {
        "type": "LineString",
        "coordinates": [
          [
            -4.25856,
            55.856257
          ],
          [
            -4.25847,
            55.856416
          ],
          [
            -4.258341,
            55.856644
          ],
          [
            -4.258405,
            55.856529
          ],
          [
            -4.258494,
            55.856415
          ]
        ]
      }
    },
    {
      "type": "Feature",
      "properties": {
        "name": "3227 T",
        "type": "Tracks",
        "notes": "",
        "colour": "#7cb342",
        "equipment_number": "2562268",
        "section": "Central"
      },
      "geometry": {
        "type": "LineString",
        "coordinates": [
          [
            -4.258494,
            55.856415
          ],
          [
            -4.258616,
            55.856262
          ],
          [
            -4.258658,
            55.856201
          ],
          [
            -4.258519,
            55.856427
          ]
        ]
      }
    },
    {
      "type": "Feature",
      "properties": {
        "name": "3216 T",
        "type": "Tracks",
        "notes": "",
        "colour": "#ffea00",
        "equipment_number": "2559234",
        "section": "Central"
      },
      "geometry": {
        "type": "LineString",
        "coordinates": [
          [
            -4.258271,
            55.856646
          ],
          [
            -4.258173,
            55.856772
          ],
          [
            -4.258122,
            55.856857
          ]
        ]
      }
    },
    {
      "type": "Feature",
      "properties": {
        "name": "3027 T",
        "type": "Tracks",
        "notes": "",
        "colour": "#0288d1",
        "equipment_number": "2559764",
        "section": "Central"
      },
      "geometry": {
        "type": "LineString",
        "coordinates": [
          [
            -4.258122,
            55.856857
          ],
          [
            -4.258068,
            55.85697
          ],
          [
            -4.258036,
            55.857085
          ],
          [
            -4.258005,
            55.857214
          ],
          [
            -4.257996,
            55.857311
          ]
        ]
      }
    },
    {
      "type": "Feature",
      "properties": {
        "name": "3025 T",
        "type": "Tracks",
        "notes": "",
        "colour": "#ffea00",
        "equipment_number": "2559232",
        "section": "Central"
      },
      "geometry": {
        "type": "LineString",
        "coordinates": [
          [
            -4.257996,
            55.857311
          ],
          [
            -4.257988,
            55.857535
          ],
          [
            -4.257985,
            55.857678
          ],
          [
            -4.257962,
            55.85784
          ],
          [
            -4.25793,
            55.857969
          ],
          [
            -4.257918,
            55.858019
          ]
        ]
      }
    },
    {
      "type": "Feature",
      "properties": {
        "name": "3024 T",
        "type": "Tracks",
        "notes": "",
        "colour": "#0288d1",
        "equipment_number": "2559231",
        "section": "Central"
      },
      "geometry": {
        "type": "LineString",
        "coordinates": [
          [
            -4.257918,
            55.858019
          ],
          [
            -4.257866,
            55.858184
          ],
          [
            -4.257772,
            55.858395
          ],
          [
            -4.257667,
            55.858646
          ]
        ]
      }
    },
    {
      "type": "Feature",
      "properties": {
        "name": "3023 T",
        "type": "Tracks",
        "notes": "",
        "colour": "#ffea00",
        "equipment_number": "2559762",
        "section": "Central"
      },
      "geometry": {
        "type": "LineString",
        "coordinates": [
          [
            -4.257667,
            55.858646
          ],
          [
            -4.257639,
            55.858765
          ],
          [
            -4.257626,
            55.85887
          ],
          [
            -4.257623,
            55.858967
          ]
        ]
      }
    },
    {
      "type": "Feature",
      "properties": {
        "name": "3022 T",
        "type": "Tracks",
        "notes": "",
        "colour": "#0288d1",
        "equipment_number": "2559229",
        "section": "Central"
      },
      "geometry": {
        "type": "LineString",
        "coordinates": [
          [
            -4.257639,
            55.859257
          ],
          [
            -4.257623,
            55.858967
          ],
          [
            -4.257626,
            55.85887
          ],
          [
            -4.257639,
            55.858765
          ]
        ]
      }
    },
    {
      "type": "Feature",
      "properties": {
        "name": "3021 T",
        "type": "Tracks",
        "notes": "",
        "colour": "#ffea00",
        "equipment_number": "2559228",
        "section": "Central"
      },
      "geometry": {
        "type": "LineString",
        "coordinates": [
          [
            -4.257661,
            55.859644
          ],
          [
            -4.257639,
            55.859257
          ]
        ]
      }
    },
    {
      "type": "Feature",
      "properties": {
        "name": "3213 T",
        "type": "Tracks",
        "notes": "",
        "colour": "#a52714",
        "equipment_number": "2559772",
        "section": "Central"
      },
      "geometry": {
        "type": "LineString",
        "coordinates": [
          [
            -4.258289,
            55.856648
          ],
          [
            -4.258189,
            55.856849
          ],
          [
            -4.258127,
            55.856997
          ],
          [
            -4.258094,
            55.857095
          ],
          [
            -4.258129,
            55.856997
          ],
          [
            -4.258231,
            55.856818
          ]
        ]
      }
    },
    {
      "type": "Feature",
      "properties": {
        "name": "3225 T",
        "type": "Tracks",
        "notes": "",
        "colour": "#7cb342",
        "equipment_number": "2562256",
        "section": "Central"
      },
      "geometry": {
        "type": "LineString",
        "coordinates": [
          [
            -4.258231,
            55.856818
          ],
          [
            -4.258341,
            55.856644
          ],
          [
            -4.258252,
            55.856833
          ]
        ]
      }
    },
    {
      "type": "Feature",
      "properties": {
        "name": "3212 T",
        "type": "Tracks",
        "notes": "",
        "colour": "#7cb342",
        "equipment_number": "2642549",
        "section": "Central"
      },
      "geometry": {
        "type": "LineString",
        "coordinates": [
          [
            -4.258094,
            55.857095
          ],
          [
            -4.258058,
            55.857238
          ],
          [
            -4.258046,
            55.857329
          ],
          [
            -4.258042,
            55.85766
          ],
          [
            -4.258006,
            55.857886
          ],
          [
            -4.257967,
            55.858029
          ],
          [
            -4.257946,
            55.858109
          ],
          [
            -4.257967,
            55.858029
          ],
          [
            -4.258006,
            55.857886
          ],
          [
            -4.258042,
            55.85766
          ],
          [
            -4.258048,
            55.857906
          ],
          [
            -4.25804,
            55.858015
          ],
          [
            -4.25803,
            55.858124
          ]
        ]
      }
    },
    {
      "type": "Feature",
      "properties": {
        "name": "3033 T",
        "type": "Tracks",
        "notes": "",
        "colour": "#a52714",
        "equipment_number": "2559766",
        "section": "Central"
      },
      "geometry": {
        "type": "LineString",
        "coordinates": [
          [
            -4.257946,
            55.858109
          ],
          [
            -4.257915,
            55.858202
          ],
          [
            -4.25781,
            55.858445
          ],
          [
            -4.257745,
            55.85861
          ],
          [
            -4.257711,
            55.858738
          ],
          [
            -4.257678,
            55.858917
          ],
          [
            -4.257688,
            55.859039
          ]
        ]
      }
    },
    {
      "type": "Feature",
      "properties": {
        "name": "3032 T",
        "type": "Tracks",
        "notes": "",
        "colour": "#7cb342",
        "equipment_number": "2559236",
        "section": "Central"
      },
      "geometry": {
        "type": "LineString",
        "coordinates": [
          [
            -4.257702,
            55.859259
          ],
          [
            -4.257688,
            55.859039
          ]
        ]
      }
    },
    {
      "type": "Feature",
      "properties": {
        "name": "3031 T",
        "type": "Tracks",
        "notes": "",
        "colour": "#a52714",
        "equipment_number": "2559235",
        "section": "Central"
      },
      "geometry": {
        "type": "LineString",
        "coordinates": [
          [
            -4.257711,
            55.85964
          ],
          [
            -4.257702,
            55.859259
          ]
        ]
      }
    },
    {
      "type": "Feature",
      "properties": {
        "name": "3223 T",
        "type": "Tracks",
        "notes": "",
        "colour": "#0288d1",
        "equipment_number": "2562254",
        "section": "Central"
      },
      "geometry": {
        "type": "LineString",
        "coordinates": [
          [
            -4.258252,
            55.856833
          ],
          [
            -4.258164,
            55.857053
          ],
          [
            -4.258147,
            55.857108
          ],
          [
            -4.258164,
            55.857052
          ],
          [
            -4.25823,
            55.856928
          ],
          [
            -4.258289,
            55.856831
          ]
        ]
      }
    },
    {
      "type": "Feature",
      "properties": {
        "name": "3222 T",
        "type": "Tracks",
        "notes": "",
        "colour": "#a52714",
        "equipment_number": "2642542",
        "section": "Central"
      },
      "geometry": {
        "type": "LineString",
        "coordinates": [
          [
            -4.258147,
            55.857108
          ],
          [
            -4.25813,
            55.857163
          ],
          [
            -4.258112,
            55.857235
          ],
          [
            -4.258108,
            55.857301
          ],
          [
            -4.258102,
            55.857404
          ],
          [
            -4.258103,
            55.857522
          ],
          [
            -4.258126,
            55.857677
          ],
          [
            -4.25815,
            55.857781
          ],
          [
            -4.25816,
            55.857853
          ],
          [
            -4.25816,
            55.857922
          ],
          [
            -4.25816,
            55.857853
          ],
          [
            -4.25815,
            55.857781
          ],
          [
            -4.258126,
            55.857677
          ],
          [
            -4.258102,
            55.857522
          ],
          [
            -4.258104,
            55.85769
          ],
          [
            -4.258106,
            55.857863
          ],
          [
            -4.258108,
            55.858125
          ],
          [
            -4.258106,
            55.857863
          ],
          [
            -4.258088,
            55.857979
          ],
          [
            -4.258071,
            55.858125
          ]
        ]
      }
    },
    {
      "type": "Feature",
      "properties": {
        "name": "3043 T",
        "type": "Tracks",
        "notes": "",
        "colour": "#a52714",
        "equipment_number": "2559770",
        "section": "Central"
      },
      "geometry": {
        "type": "LineString",
        "coordinates": [
          [
            -4.25803,
            55.858124
          ],
          [
            -4.257996,
            55.858253
          ],
          [
            -4.257917,
            55.858477
          ],
          [
            -4.257873,
            55.858622
          ],
          [
            -4.257839,
            55.858755
          ],
          [
            -4.257828,
            55.85882
          ],
          [
            -4.257824,
            55.858893
          ]
        ]
      }
    },
    {
      "type": "Feature",
      "properties": {
        "name": "3042 T",
        "type": "Tracks",
        "notes": "",
        "colour": "#7cb342",
        "equipment_number": "2559768",
        "section": "Central"
      },
      "geometry": {
        "type": "LineString",
        "coordinates": [
          [
            -4.257824,
            55.858893
          ],
          [
            -4.25782,
            55.858968
          ],
          [
            -4.25782,
            55.859042
          ],
          [
            -4.257827,
            55.859258
          ]
        ]
      }
    },
    {
      "type": "Feature",
      "properties": {
        "name": "3041 T",
        "type": "Tracks",
        "notes": "",
        "colour": "#a52714",
        "equipment_number": "2559238",
        "section": "Central"
      },
      "geometry": {
        "type": "LineString",
        "coordinates": [
          [
            -4.257827,
            55.859258
          ],
          [
            -4.257832,
            55.859461
          ],
          [
            -4.25784,
            55.859637
          ]
        ]
      }
    },
    {
      "type": "Feature",
      "properties": {
        "name": "3052 T",
        "type": "Tracks",
        "notes": "",
        "colour": "#0288d1",
        "equipment_number": "2557746",
        "section": "Central"
      },
      "geometry": {
        "type": "LineString",
        "coordinates": [
          [
            -4.258071,
            55.858125
          ],
          [
            -4.258038,
            55.858338
          ],
          [
            -4.257946,
            55.858617
          ],
          [
            -4.257921,
            55.858694
          ],
          [
            -4.257897,
            55.858777
          ]
        ]
      }
    },
    {
      "type": "Feature",
      "properties": {
        "name": "3051 T",
        "type": "Tracks",
        "notes": "",
        "colour": "#ffea00",
        "equipment_number": "2557745",
        "section": "Central"
      },
      "geometry": {
        "type": "LineString",
        "coordinates": [
          [
            -4.257897,
            55.858777
          ],
          [
            -4.257897,
            55.859025
          ],
          [
            -4.257906,
            55.859636
          ]
        ]
      }
    },
    {
      "type": "Feature",
      "properties": {
        "name": "3062 T",
        "type": "Tracks",
        "notes": "",
        "colour": "#0288d1",
        "equipment_number": "2557748",
        "section": "Central"
      },
      "geometry": {
        "type": "LineString",
        "coordinates": [
          [
            -4.258108,
            55.858125
          ],
          [
            -4.258097,
            55.858349
          ],
          [
            -4.258072,
            55.858496
          ],
          [
            -4.258033,
            55.858701
          ]
        ]
      }
    },
    {
      "type": "Feature",
      "properties": {
        "name": "3061 T",
        "type": "Tracks",
        "notes": "",
        "colour": "#ffea00",
        "equipment_number": "2557747",
        "section": "Central"
      },
      "geometry": {
        "type": "LineString",
        "coordinates": [
          [
            -4.258033,
            55.858701
          ],
          [
            -4.258029,
            55.858819
          ],
          [
            -4.258056,
            55.859576
          ]
        ]
      }
    },
    {
      "type": "Feature",
      "properties": {
        "name": "3073 T",
        "type": "Tracks",
        "notes": "",
        "colour": "#7cb342",
        "equipment_number": "2642539",
        "section": "Central"
      },
      "geometry": {
        "type": "LineString",
        "coordinates": [
          [
            -4.25816,
            55.857922
          ],
          [
            -4.258168,
            55.858344
          ],
          [
            -4.258168,
            55.8583
          ],
          [
            -4.258202,
            55.85811
          ]
        ]
      }
    },
    {
      "type": "Feature",
      "properties": {
        "name": "3072 T",
        "type": "Tracks",
        "notes": "",
        "colour": "#a52714",
        "equipment_number": "2562260",
        "section": "Central"
      },
      "geometry": {
        "type": "LineString",
        "coordinates": [
          [
            -4.258168,
            55.858344
          ],
          [
            -4.258126,
            55.858575
          ],
          [
            -4.258106,
            55.858726
          ],
          [
            -4.258103,
            55.85878
          ]
        ]
      }
    },
    {
      "type": "Feature",
      "properties": {
        "name": "3071 T",
        "type": "Tracks",
        "notes": "",
        "colour": "#7cb342",
        "equipment_number": "2557752",
        "section": "Central"
      },
      "geometry": {
        "type": "LineString",
        "coordinates": [
          [
            -4.258103,
            55.85878
          ],
          [
            -4.258111,
            55.859024
          ],
          [
            -4.258124,
            55.859504
          ]
        ]
      }
    },
    {
      "type": "Feature",
      "properties": {
        "name": "3388 T",
        "type": "Tracks",
        "notes": "",
        "colour": "#a52714",
        "equipment_number": "2559051",
        "section": "Central"
      },
      "geometry": {
        "type": "LineString",
        "coordinates": [
          [
            -4.259283,
            55.853941
          ],
          [
            -4.259258,
            55.85423
          ]
        ]
      }
    },
    {
      "type": "Feature",
      "properties": {
        "name": "3385 T",
        "type": "Tracks",
        "notes": "Line heading into 3 Siding on rust register (April 2023 version)",
        "colour": "#7cb342",
        "equipment_number": "2559053",
        "section": "Central"
      },
      "geometry": {
        "type": "LineString",
        "coordinates": [
          [
            -4.259258,
            55.85423
          ],
          [
            -4.259195,
            55.854692
          ],
          [
            -4.259218,
            55.85453
          ],
          [
            -4.259324,
            55.85425
          ]
        ]
      }
    },
    {
      "type": "Feature",
      "properties": {
        "name": "3384 T",
        "type": "Tracks",
        "notes": "",
        "colour": "#a52714",
        "equipment_number": "2559055",
        "section": "Central"
      },
      "geometry": {
        "type": "LineString",
        "coordinates": [
          [
            -4.259165,
            55.854932
          ],
          [
            -4.259195,
            55.854692
          ],
          [
            -4.259181,
            55.854793
          ],
          [
            -4.259146,
            55.85492
          ]
        ]
      }
    },
    {
      "type": "Feature",
      "properties": {
        "name": "3382 T",
        "type": "Tracks",
        "notes": "",
        "colour": "#7cb342",
        "equipment_number": "2558718",
        "section": "Central"
      },
      "geometry": {
        "type": "LineString",
        "coordinates": [
          [
            -4.259165,
            55.854932
          ],
          [
            -4.259154,
            55.855043
          ],
          [
            -4.259132,
            55.855169
          ],
          [
            -4.259154,
            55.855043
          ],
          [
            -4.259109,
            55.855168
          ],
          [
            -4.259154,
            55.855043
          ],
          [
            -4.2592,
            55.854911
          ]
        ]
      }
    },
    {
      "type": "Feature",
      "properties": {
        "name": "3371 T",
        "type": "Tracks",
        "notes": "",
        "colour": "#ffea00",
        "equipment_number": "2559059",
        "section": "Central"
      },
      "geometry": {
        "type": "LineString",
        "coordinates": [
          [
            -4.259081,
            55.855161
          ],
          [
            -4.259042,
            55.85534
          ],
          [
            -4.259015,
            55.85543
          ],
          [
            -4.259043,
            55.855339
          ],
          [
            -4.259109,
            55.855168
          ]
        ]
      }
    },
    {
      "type": "Feature",
      "properties": {
        "name": "3381 T",
        "type": "Tracks",
        "notes": "",
        "colour": "#a52714",
        "equipment_number": "2559098",
        "section": "Central"
      },
      "geometry": {
        "type": "LineString",
        "coordinates": [
          [
            -4.259132,
            55.855169
          ],
          [
            -4.259101,
            55.855337
          ],
          [
            -4.259069,
            55.855434
          ],
          [
            -4.259101,
            55.855337
          ],
          [
            -4.259133,
            55.855264
          ],
          [
            -4.259262,
            55.854895
          ],
          [
            -4.259133,
            55.855264
          ],
          [
            -4.259255,
            55.855048
          ],
          [
            -4.259285,
            55.854989
          ]
        ]
      }
    },
    {
      "type": "Feature",
      "properties": {
        "name": "3235 T",
        "type": "Tracks",
        "notes": "",
        "colour": "#0288d1",
        "equipment_number": "2557769",
        "section": "Central"
      },
      "geometry": {
        "type": "LineString",
        "coordinates": [
          [
            -4.259015,
            55.85543
          ],
          [
            -4.25886,
            55.855857
          ],
          [
            -4.258822,
            55.855968
          ],
          [
            -4.25886,
            55.855856
          ],
          [
            -4.258788,
            55.855976
          ],
          [
            -4.25886,
            55.855856
          ],
          [
            -4.258917,
            55.85577
          ]
        ]
      }
    },
    {
      "type": "Feature",
      "properties": {
        "name": "3234 T",
        "type": "Tracks",
        "notes": "",
        "colour": "#ffea00",
        "equipment_number": "2557768",
        "section": "Central"
      },
      "geometry": {
        "type": "LineString",
        "coordinates": [
          [
            -4.258683,
            55.856251
          ],
          [
            -4.258766,
            55.856104
          ],
          [
            -4.258822,
            55.855968
          ],
          [
            -4.258766,
            55.856104
          ],
          [
            -4.258724,
            55.856235
          ]
        ]
      }
    },
    {
      "type": "Feature",
      "properties": {
        "name": "3224 T",
        "type": "Tracks",
        "notes": "",
        "colour": "#ffea00",
        "equipment_number": "2562266",
        "section": "Central"
      },
      "geometry": {
        "type": "LineString",
        "coordinates": [
          [
            -4.258519,
            55.856466
          ],
          [
            -4.258447,
            55.856549
          ],
          [
            -4.258374,
            55.856692
          ],
          [
            -4.258289,
            55.856831
          ],
          [
            -4.258374,
            55.856692
          ],
          [
            -4.258282,
            55.856946
          ],
          [
            -4.258374,
            55.856692
          ],
          [
            -4.258447,
            55.856549
          ],
          [
            -4.258519,
            55.856427
          ]
        ]
      }
    },
    {
      "type": "Feature",
      "properties": {
        "name": "3085 T",
        "type": "Tracks",
        "notes": "",
        "colour": "#0288d1",
        "equipment_number": "2642545",
        "section": "Central"
      },
      "geometry": {
        "type": "LineString",
        "coordinates": [
          [
            -4.258282,
            55.856946
          ],
          [
            -4.258254,
            55.85705
          ],
          [
            -4.258233,
            55.857178
          ],
          [
            -4.258219,
            55.857308
          ],
          [
            -4.258215,
            55.85743
          ],
          [
            -4.258217,
            55.857765
          ]
        ]
      }
    },
    {
      "type": "Feature",
      "properties": {
        "name": "3083 T",
        "type": "Tracks",
        "notes": "",
        "colour": "#ffea00",
        "equipment_number": "2562264",
        "section": "Central"
      },
      "geometry": {
        "type": "LineString",
        "coordinates": [
          [
            -4.258229,
            55.858072
          ],
          [
            -4.258217,
            55.857765
          ],
          [
            -4.25822,
            55.857839
          ],
          [
            -4.258202,
            55.85811
          ]
        ]
      }
    },
    {
      "type": "Feature",
      "properties": {
        "name": "3082 T",
        "type": "Tracks",
        "notes": "",
        "colour": "#a52714",
        "equipment_number": "2562262",
        "section": "Central"
      },
      "geometry": {
        "type": "LineString",
        "coordinates": [
          [
            -4.258229,
            55.858072
          ],
          [
            -4.258241,
            55.858465
          ],
          [
            -4.258249,
            55.858774
          ]
        ]
      }
    },
    {
      "type": "Feature",
      "properties": {
        "name": "3081 T",
        "type": "Tracks",
        "notes": "",
        "colour": "#7cb342",
        "equipment_number": "2557754",
        "section": "Central"
      },
      "geometry": {
        "type": "LineString",
        "coordinates": [
          [
            -4.258249,
            55.858774
          ],
          [
            -4.258265,
            55.859488
          ]
        ]
      }
    },
    {
      "type": "Feature",
      "properties": {
        "name": "3233 T",
        "type": "Tracks",
        "notes": "",
        "colour": "#0288d1",
        "equipment_number": "2557767",
        "section": "Central"
      },
      "geometry": {
        "type": "LineString",
        "coordinates": [
          [
            -4.258552,
            55.856468
          ],
          [
            -4.258654,
            55.856297
          ],
          [
            -4.258683,
            55.856251
          ],
          [
            -4.258654,
            55.856297
          ],
          [
            -4.258519,
            55.856466
          ]
        ]
      }
    },
    {
      "type": "Feature",
      "properties": {
        "name": "3096 T",
        "type": "Tracks",
        "notes": "",
        "colour": "#ffea00",
        "equipment_number": "2562280",
        "section": "Central"
      },
      "geometry": {
        "type": "LineString",
        "coordinates": [
          [
            -4.258552,
            55.856468
          ],
          [
            -4.258456,
            55.856643
          ],
          [
            -4.2584,
            55.856765
          ],
          [
            -4.258369,
            55.856846
          ]
        ]
      }
    },
    {
      "type": "Feature",
      "properties": {
        "name": "3095 T",
        "type": "Tracks",
        "notes": "",
        "colour": "#0288d1",
        "equipment_number": "2562278",
        "section": "Central"
      },
      "geometry": {
        "type": "LineString",
        "coordinates": [
          [
            -4.258369,
            55.856846
          ],
          [
            -4.258333,
            55.856946
          ],
          [
            -4.258295,
            55.85709
          ]
        ]
      }
    },
    {
      "type": "Feature",
      "properties": {
        "name": "3093 T",
        "type": "Tracks",
        "notes": "",
        "colour": "#0288d1",
        "equipment_number": "2562274",
        "section": "Central"
      },
      "geometry": {
        "type": "LineString",
        "coordinates": [
          [
            -4.258267,
            55.857461
          ],
          [
            -4.258275,
            55.857935
          ]
        ]
      }
    },
    {
      "type": "Feature",
      "properties": {
        "name": "3092 T",
        "type": "Tracks",
        "notes": "",
        "colour": "#ffea00",
        "equipment_number": "2562272",
        "section": "Central"
      },
      "geometry": {
        "type": "LineString",
        "coordinates": [
          [
            -4.258275,
            55.857935
          ],
          [
            -4.258304,
            55.858663
          ]
        ]
      }
    },
    {
      "type": "Feature",
      "properties": {
        "name": "3091 T",
        "type": "Tracks",
        "notes": "",
        "colour": "#0288d1",
        "equipment_number": "2557761",
        "section": "Central"
      },
      "geometry": {
        "type": "LineString",
        "coordinates": [
          [
            -4.258334,
            55.859174
          ],
          [
            -4.258304,
            55.858663
          ]
        ]
      }
    },
    {
      "type": "Feature",
      "properties": {
        "name": "3243 T",
        "type": "Tracks",
        "notes": "",
        "colour": "#7cb342",
        "equipment_number": "2559075",
        "section": "Central"
      },
      "geometry": {
        "type": "LineString",
        "coordinates": [
          [
            -4.258917,
            55.85577
          ],
          [
            -4.258996,
            55.855632
          ],
          [
            -4.259069,
            55.855434
          ],
          [
            -4.258995,
            55.855632
          ],
          [
            -4.258888,
            55.855932
          ]
        ]
      }
    },
    {
      "type": "Feature",
      "properties": {
        "name": "3106 T",
        "type": "Tracks",
        "notes": "",
        "colour": "#0288d1",
        "equipment_number": "2559069",
        "section": "Central"
      },
      "geometry": {
        "type": "LineString",
        "coordinates": [
          [
            -4.258724,
            55.856235
          ],
          [
            -4.25862,
            55.856506
          ],
          [
            -4.258665,
            55.85639
          ],
          [
            -4.258739,
            55.856265
          ]
        ]
      }
    },
    {
      "type": "Feature",
      "properties": {
        "name": "3105 T",
        "type": "Tracks",
        "notes": "",
        "colour": "#ffea00",
        "equipment_number": "2559067",
        "section": "Central"
      },
      "geometry": {
        "type": "LineString",
        "coordinates": [
          [
            -4.25854,
            55.856836
          ],
          [
            -4.258581,
            55.856645
          ],
          [
            -4.25862,
            55.856506
          ]
        ]
      }
    },
    {
      "type": "Feature",
      "properties": {
        "name": "3104 T",
        "type": "Tracks",
        "notes": "",
        "colour": "#0288d1",
        "equipment_number": "2559065",
        "section": "Central"
      },
      "geometry": {
        "type": "LineString",
        "coordinates": [
          [
            -4.25854,
            55.856836
          ],
          [
            -4.258527,
            55.85705
          ],
          [
            -4.258499,
            55.857299
          ]
        ]
      }
    },
    {
      "type": "Feature",
      "properties": {
        "name": "3103 T",
        "type": "Tracks",
        "notes": "",
        "colour": "#ffea00",
        "equipment_number": "2559063",
        "section": "Central"
      },
      "geometry": {
        "type": "LineString",
        "coordinates": [
          [
            -4.258498,
            55.857886
          ],
          [
            -4.258499,
            55.857299
          ]
        ]
      }
    },
    {
      "type": "Feature",
      "properties": {
        "name": "3101 T",
        "type": "Tracks",
        "notes": "",
        "colour": "#ffea00",
        "equipment_number": "2558720",
        "section": "Central"
      },
      "geometry": {
        "type": "LineString",
        "coordinates": [
          [
            -4.258517,
            55.859107
          ],
          [
            -4.258512,
            55.858467
          ]
        ]
      }
    },
    {
      "type": "Feature",
      "properties": {
        "name": "3102 T",
        "type": "Tracks",
        "notes": "",
        "colour": "#0288d1",
        "equipment_number": "2559061",
        "section": "Central"
      },
      "geometry": {
        "type": "LineString",
        "coordinates": [
          [
            -4.258512,
            55.858467
          ],
          [
            -4.258498,
            55.857886
          ]
        ]
      }
    },
    {
      "type": "Feature",
      "properties": {
        "name": "3116 T",
        "type": "Tracks",
        "notes": "",
        "colour": "#a52714",
        "equipment_number": "2558731",
        "section": "Central"
      },
      "geometry": {
        "type": "LineString",
        "coordinates": [
          [
            -4.258678,
            55.856531
          ],
          [
            -4.25874,
            55.856349
          ],
          [
            -4.258837,
            55.856075
          ],
          [
            -4.258888,
            55.855932
          ],
          [
            -4.258837,
            55.856076
          ],
          [
            -4.258739,
            55.856265
          ]
        ]
      }
    },
    {
      "type": "Feature",
      "properties": {
        "name": "3115 T",
        "type": "Tracks",
        "notes": "",
        "colour": "#7cb342",
        "equipment_number": "2559073",
        "section": "Central"
      },
      "geometry": {
        "type": "LineString",
        "coordinates": [
          [
            -4.258678,
            55.856531
          ],
          [
            -4.258635,
            55.856663
          ],
          [
            -4.258596,
            55.856836
          ]
        ]
      }
    },
    {
      "type": "Feature",
      "properties": {
        "name": "3114 T",
        "type": "Tracks",
        "notes": "",
        "colour": "#a52714",
        "equipment_number": "2559071",
        "section": "Central"
      },
      "geometry": {
        "type": "LineString",
        "coordinates": [
          [
            -4.258596,
            55.856836
          ],
          [
            -4.258571,
            55.857287
          ]
        ]
      }
    },
    {
      "type": "Feature",
      "properties": {
        "name": "3113 T",
        "type": "Tracks",
        "notes": "",
        "colour": "#7cb342",
        "equipment_number": "2558728",
        "section": "Central"
      },
      "geometry": {
        "type": "LineString",
        "coordinates": [
          [
            -4.258571,
            55.857287
          ],
          [
            -4.258566,
            55.857881
          ]
        ]
      }
    },
    {
      "type": "Feature",
      "properties": {
        "name": "3112 T",
        "type": "Tracks",
        "notes": "",
        "colour": "#a52714",
        "equipment_number": "2558727",
        "section": "Central"
      },
      "geometry": {
        "type": "LineString",
        "coordinates": [
          [
            -4.258592,
            55.858466
          ],
          [
            -4.258566,
            55.857881
          ]
        ]
      }
    },
    {
      "type": "Feature",
      "properties": {
        "name": "3111 T",
        "type": "Tracks",
        "notes": "",
        "colour": "#7cb342",
        "equipment_number": "2558726",
        "section": "Central"
      },
      "geometry": {
        "type": "LineString",
        "coordinates": [
          [
            -4.258612,
            55.859027
          ],
          [
            -4.258592,
            55.858466
          ]
        ]
      }
    },
    {
      "type": "Feature",
      "properties": {
        "name": "3525 T",
        "type": "Tracks",
        "notes": "Line heading into 3 Siding on rust register (April 2023 version)",
        "colour": "#a52714",
        "equipment_number": "2559159",
        "section": "Central"
      },
      "geometry": {
        "type": "LineString",
        "coordinates": [
          [
            -4.259946,
            55.852511
          ],
          [
            -4.260007,
            55.852328
          ],
          [
            -4.260025,
            55.85224
          ],
          [
            -4.260034,
            55.852119
          ],
          [
            -4.260025,
            55.85224
          ],
          [
            -4.260026,
            55.852371
          ]
        ]
      }
    },
    {
      "type": "Feature",
      "properties": {
        "name": "3524 T",
        "type": "Tracks",
        "notes": "On rust register (April 2023 version)",
        "colour": "#7cb342",
        "equipment_number": "2559153",
        "section": "Central"
      },
      "geometry": {
        "type": "LineString",
        "coordinates": [
          [
            -4.259946,
            55.852511
          ],
          [
            -4.259604,
            55.853464
          ]
        ]
      }
    },
    {
      "type": "Feature",
      "properties": {
        "name": "3522 T",
        "type": "Tracks",
        "notes": "On rust register (April 2023 version)",
        "colour": "#a52714",
        "equipment_number": "2559151",
        "section": "Central"
      },
      "geometry": {
        "type": "LineString",
        "coordinates": [
          [
            -4.259604,
            55.853464
          ],
          [
            -4.259324,
            55.85425
          ]
        ]
      }
    },
    {
      "type": "Feature",
      "properties": {
        "name": "3537 T",
        "type": "Tracks",
        "notes": "",
        "colour": "#ffea00",
        "equipment_number": "2560239",
        "section": "Central"
      },
      "geometry": {
        "type": "LineString",
        "coordinates": [
          [
            -4.260061,
            55.852349
          ],
          [
            -4.260088,
            55.852239
          ],
          [
            -4.260089,
            55.852355
          ],
          [
            -4.260088,
            55.852239
          ],
          [
            -4.260097,
            55.852035
          ],
          [
            -4.260131,
            55.851902
          ],
          [
            -4.260097,
            55.852035
          ],
          [
            -4.260097,
            55.85191
          ]
        ]
      }
    },
    {
      "type": "Feature",
      "properties": {
        "name": "3535 T",
        "type": "Tracks",
        "notes": "",
        "colour": "#0288d1",
        "equipment_number": "2559083",
        "section": "Central"
      },
      "geometry": {
        "type": "LineString",
        "coordinates": [
          [
            -4.259903,
            55.852789
          ],
          [
            -4.260021,
            55.852461
          ],
          [
            -4.260026,
            55.852371
          ],
          [
            -4.260021,
            55.852461
          ],
          [
            -4.260061,
            55.852349
          ],
          [
            -4.260021,
            55.852461
          ],
          [
            -4.260006,
            55.852585
          ]
        ]
      }
    },
    {
      "type": "Feature",
      "properties": {
        "name": "3533 T",
        "type": "Tracks",
        "notes": "",
        "colour": "#ffea00",
        "equipment_number": "2559157",
        "section": "Central"
      },
      "geometry": {
        "type": "LineString",
        "coordinates": [
          [
            -4.259903,
            55.852789
          ],
          [
            -4.259625,
            55.853556
          ]
        ]
      }
    },
    {
      "type": "Feature",
      "properties": {
        "name": "3532 T",
        "type": "Tracks",
        "notes": "",
        "colour": "#0288d1",
        "equipment_number": "2559155",
        "section": "Central"
      },
      "geometry": {
        "type": "LineString",
        "coordinates": [
          [
            -4.259625,
            55.853556
          ],
          [
            -4.259327,
            55.854387
          ]
        ]
      }
    },
    {
      "type": "Feature",
      "properties": {
        "name": "3386 T",
        "type": "Tracks",
        "notes": "",
        "colour": "#a52714",
        "equipment_number": "2559086",
        "section": "Central"
      },
      "geometry": {
        "type": "LineString",
        "coordinates": [
          [
            -4.259305,
            55.854631
          ],
          [
            -4.259258,
            55.854746
          ],
          [
            -4.259298,
            55.8545
          ],
          [
            -4.259327,
            55.854387
          ],
          [
            -4.259298,
            55.854498
          ],
          [
            -4.259258,
            55.854746
          ],
          [
            -4.2592,
            55.854911
          ]
        ]
      }
    },
    {
      "type": "Feature",
      "properties": {
        "name": "3546 T",
        "type": "Tracks",
        "notes": "",
        "colour": "#a52714",
        "equipment_number": "2559091",
        "section": "Central"
      },
      "geometry": {
        "type": "LineString",
        "coordinates": [
          [
            -4.260039,
            55.852587
          ],
          [
            -4.259961,
            55.852791
          ],
          [
            -4.260006,
            55.852585
          ],
          [
            -4.259961,
            55.852791
          ],
          [
            -4.25986,
            55.853079
          ]
        ]
      }
    },
    {
      "type": "Feature",
      "properties": {
        "name": "3544 T",
        "type": "Tracks",
        "notes": "",
        "colour": "#a52714",
        "equipment_number": "2559166",
        "section": "Central"
      },
      "geometry": {
        "type": "LineString",
        "coordinates": [
          [
            -4.259497,
            55.854087
          ],
          [
            -4.2597232,
            55.8534561
          ]
        ]
      }
    },
    {
      "type": "Feature",
      "properties": {
        "name": "3543 T",
        "type": "Tracks",
        "notes": "",
        "colour": "#7cb342",
        "equipment_number": "2559164",
        "section": "Central"
      },
      "geometry": {
        "type": "LineString",
        "coordinates": [
          [
            -4.259418,
            55.854307
          ],
          [
            -4.259497,
            55.854087
          ]
        ]
      }
    },
    {
      "type": "Feature",
      "properties": {
        "name": "3541 T",
        "type": "Tracks",
        "notes": "",
        "colour": "#ffea00",
        "equipment_number": "2559162",
        "section": "Central"
      },
      "geometry": {
        "type": "LineString",
        "coordinates": [
          [
            -4.259331,
            55.854649
          ],
          [
            -4.259384,
            55.854403
          ],
          [
            -4.259418,
            55.854307
          ],
          [
            -4.259384,
            55.854403
          ],
          [
            -4.259305,
            55.854631
          ]
        ]
      }
    },
    {
      "type": "Feature",
      "properties": {
        "name": "3548 T",
        "type": "Tracks",
        "notes": "",
        "colour": "#a52714",
        "equipment_number": "2560386",
        "section": "Central"
      },
      "geometry": {
        "type": "LineString",
        "coordinates": [
          [
            -4.260174,
            55.852196
          ],
          [
            -4.260321,
            55.851798
          ],
          [
            -4.260269,
            55.851941
          ],
          [
            -4.260242,
            55.852066
          ],
          [
            -4.260227,
            55.852137
          ]
        ]
      }
    },
    {
      "type": "Feature",
      "properties": {
        "name": "3547 T",
        "type": "Tracks",
        "notes": "",
        "colour": "#0288d1",
        "equipment_number": "2559170",
        "section": "Central"
      },
      "geometry": {
        "type": "LineString",
        "coordinates": [
          [
            -4.260174,
            55.852196
          ],
          [
            -4.260039,
            55.852587
          ],
          [
            -4.260079,
            55.852473
          ],
          [
            -4.260089,
            55.852355
          ],
          [
            -4.260079,
            55.852474
          ],
          [
            -4.260064,
            55.852587
          ]
        ]
      }
    },
    {
      "type": "Feature",
      "properties": {
        "name": "3598 T",
        "type": "Tracks",
        "notes": "",
        "colour": "#ffea00",
        "equipment_number": "2557186",
        "section": "Central"
      },
      "geometry": {
        "type": "LineString",
        "coordinates": [
          [
            -4.260248,
            55.852168
          ],
          [
            -4.260331,
            55.851933
          ],
          [
            -4.260369,
            55.851816
          ],
          [
            -4.260333,
            55.851932
          ],
          [
            -4.260298,
            55.852069
          ],
          [
            -4.260263,
            55.852266
          ],
          [
            -4.260259,
            55.852311
          ]
        ]
      }
    },
    {
      "type": "Feature",
      "properties": {
        "name": "3588 T",
        "type": "Tracks",
        "notes": "Section of line heading into 5 Siding on rust register (April 2023 version)",
        "colour": "#0288d1",
        "equipment_number": "2560263",
        "section": "Central"
      },
      "geometry": {
        "type": "LineString",
        "coordinates": [
          [
            -4.26021,
            55.852273
          ],
          [
            -4.260248,
            55.852168
          ],
          [
            -4.26021,
            55.852273
          ],
          [
            -4.260227,
            55.852137
          ],
          [
            -4.26021,
            55.852273
          ],
          [
            -4.260182,
            55.852506
          ],
          [
            -4.26021,
            55.852273
          ],
          [
            -4.260162,
            55.852388
          ],
          [
            -4.260091,
            55.852593
          ],
          [
            -4.260162,
            55.852388
          ],
          [
            -4.260118,
            55.852594
          ],
          [
            -4.260094,
            55.852746
          ],
          [
            -4.260059,
            55.852876
          ]
        ]
      }
    },
    {
      "type": "Feature",
      "properties": {
        "name": "3597 T",
        "type": "Tracks",
        "notes": "",
        "colour": "#0288d1",
        "equipment_number": "2557218",
        "section": "Central"
      },
      "geometry": {
        "type": "LineString",
        "coordinates": [
          [
            -4.260259,
            55.852311
          ],
          [
            -4.26023,
            55.852525
          ],
          [
            -4.260203,
            55.852729
          ],
          [
            -4.260191,
            55.852807
          ],
          [
            -4.260154,
            55.852941
          ],
          [
            -4.260093,
            55.853128
          ]
        ]
      }
    },
    {
      "type": "Feature",
      "properties": {
        "name": "3567 T",
        "type": "Tracks",
        "notes": "",
        "colour": "#ffea00",
        "equipment_number": "2559172",
        "section": "Central"
      },
      "geometry": {
        "type": "LineString",
        "coordinates": [
          [
            -4.260091,
            55.852593
          ],
          [
            -4.260024,
            55.852796
          ],
          [
            -4.260064,
            55.852587
          ],
          [
            -4.260026,
            55.852796
          ],
          [
            -4.259916,
            55.853089
          ]
        ]
      }
    },
    {
      "type": "Feature",
      "properties": {
        "name": "3566 T",
        "type": "Tracks",
        "notes": "",
        "colour": "#0288d1",
        "equipment_number": "2559174",
        "section": "Central"
      },
      "geometry": {
        "type": "LineString",
        "coordinates": [
          [
            -4.259686,
            55.853714
          ],
          [
            -4.259916,
            55.853089
          ]
        ]
      }
    },
    {
      "type": "Feature",
      "properties": {
        "name": "3565 T",
        "type": "Tracks",
        "notes": "",
        "colour": "#ffea00",
        "equipment_number": "2559176",
        "section": "Central"
      },
      "geometry": {
        "type": "LineString",
        "coordinates": [
          [
            -4.259553,
            55.854093
          ],
          [
            -4.259686,
            55.853714
          ]
        ]
      }
    },
    {
      "type": "Feature",
      "properties": {
        "name": "3564 T",
        "type": "Tracks",
        "notes": "",
        "colour": "#0288d1",
        "equipment_number": "2559178",
        "section": "Central"
      },
      "geometry": {
        "type": "LineString",
        "coordinates": [
          [
            -4.259494,
            55.854337
          ],
          [
            -4.259526,
            55.854153
          ],
          [
            -4.259439,
            55.854399
          ],
          [
            -4.259528,
            55.854152
          ],
          [
            -4.259553,
            55.854093
          ]
        ]
      }
    },
    {
      "type": "Feature",
      "properties": {
        "name": "3562 T",
        "type": "Tracks",
        "notes": "",
        "colour": "#7cb342",
        "equipment_number": "2559180",
        "section": "Central"
      },
      "geometry": {
        "type": "LineString",
        "coordinates": [
          [
            -4.259439,
            55.854399
          ],
          [
            -4.259316,
            55.854743
          ],
          [
            -4.259331,
            55.854649
          ],
          [
            -4.259316,
            55.854743
          ],
          [
            -4.259262,
            55.854895
          ]
        ]
      }
    },
    {
      "type": "Feature",
      "properties": {
        "name": "3576 T",
        "type": "Tracks",
        "notes": "On rust register (April 2023 version)",
        "colour": "#0288d1",
        "equipment_number": "2557206",
        "section": "Central"
      },
      "geometry": {
        "type": "LineString",
        "coordinates": [
          [
            -4.2599,
            55.853352
          ],
          [
            -4.259648,
            55.85404
          ]
        ]
      }
    },
    {
      "type": "Feature",
      "properties": {
        "name": "3574 T",
        "type": "Tracks",
        "notes": "Line heading into 5 Siding on rust register (April 2023 version)",
        "colour": "#ffea00",
        "equipment_number": "2557180",
        "section": "Central"
      },
      "geometry": {
        "type": "LineString",
        "coordinates": [
          [
            -4.259648,
            55.85404
          ],
          [
            -4.259488,
            55.854464
          ],
          [
            -4.259556,
            55.854351
          ],
          [
            -4.259488,
            55.854464
          ],
          [
            -4.259456,
            55.854538
          ],
          [
            -4.259494,
            55.854337
          ],
          [
            -4.259456,
            55.854538
          ],
          [
            -4.259413,
            55.854668
          ]
        ]
      }
    },
    {
      "type": "Feature",
      "properties": {
        "name": "3573 T",
        "type": "Tracks",
        "notes": "",
        "colour": "#0288d1",
        "equipment_number": "2557178",
        "section": "Central"
      },
      "geometry": {
        "type": "LineString",
        "coordinates": [
          [
            -4.259413,
            55.854668
          ],
          [
            -4.259368,
            55.854815
          ],
          [
            -4.259285,
            55.854989
          ],
          [
            -4.259367,
            55.854815
          ],
          [
            -4.259332,
            55.85499
          ],
          [
            -4.259312,
            55.855083
          ],
          [
            -4.259302,
            55.855212
          ],
          [
            -4.259312,
            55.855082
          ],
          [
            -4.259215,
            55.855444
          ]
        ]
      }
    },
    {
      "type": "Feature",
      "properties": {
        "name": "3134 T",
        "type": "Tracks",
        "notes": "",
        "colour": "#ffea00",
        "equipment_number": "2829028",
        "section": "Central"
      },
      "geometry": {
        "type": "LineString",
        "coordinates": [
          [
            -4.258848,
            55.856499
          ],
          [
            -4.258898,
            55.856348
          ],
          [
            -4.259115,
            55.855755
          ],
          [
            -4.259215,
            55.855444
          ],
          [
            -4.259115,
            55.855755
          ],
          [
            -4.258973,
            55.856056
          ],
          [
            -4.258919,
            55.85617
          ],
          [
            -4.25884,
            55.856339
          ],
          [
            -4.25881,
            55.856436
          ],
          [
            -4.258793,
            55.856496
          ]
        ]
      }
    },
    {
      "type": "Feature",
      "properties": {
        "name": "3123 T",
        "type": "Tracks",
        "notes": "",
        "colour": "#7cb342",
        "equipment_number": "2829024",
        "section": "Central"
      },
      "geometry": {
        "type": "LineString",
        "coordinates": [
          [
            -4.258703,
            55.857305
          ],
          [
            -4.258738,
            55.856951
          ],
          [
            -4.258756,
            55.856796
          ],
          [
            -4.258793,
            55.856496
          ]
        ]
      }
    },
    {
      "type": "Feature",
      "properties": {
        "name": "3122 T",
        "type": "Tracks",
        "notes": "",
        "colour": "#a52714",
        "equipment_number": "2829023",
        "section": "Central"
      },
      "geometry": {
        "type": "LineString",
        "coordinates": [
          [
            -4.258705,
            55.857628
          ],
          [
            -4.258703,
            55.857305
          ]
        ]
      }
    },
    {
      "type": "Feature",
      "properties": {
        "name": "3121 T",
        "type": "Tracks",
        "notes": "",
        "colour": "#7cb342",
        "equipment_number": "2829022",
        "section": "Central"
      },
      "geometry": {
        "type": "LineString",
        "coordinates": [
          [
            -4.258727,
            55.858306
          ],
          [
            -4.258705,
            55.857628
          ]
        ]
      }
    },
    {
      "type": "Feature",
      "properties": {
        "name": "3133 T",
        "type": "Tracks",
        "notes": "",
        "colour": "#0288d1",
        "equipment_number": "2829027",
        "section": "Central"
      },
      "geometry": {
        "type": "LineString",
        "coordinates": [
          [
            -4.258791,
            55.857304
          ],
          [
            -4.258821,
            55.856778
          ],
          [
            -4.258848,
            55.856499
          ]
        ]
      }
    },
    {
      "type": "Feature",
      "properties": {
        "name": "3132 T",
        "type": "Tracks",
        "notes": "",
        "colour": "#ffea00",
        "equipment_number": "2829026",
        "section": "Central"
      },
      "geometry": {
        "type": "LineString",
        "coordinates": [
          [
            -4.258795,
            55.857625
          ],
          [
            -4.258791,
            55.857304
          ]
        ]
      }
    },
    {
      "type": "Feature",
      "properties": {
        "name": "3131 T",
        "type": "Tracks",
        "notes": "",
        "colour": "#0288d1",
        "equipment_number": "2829025",
        "section": "Central"
      },
      "geometry": {
        "type": "LineString",
        "coordinates": [
          [
            -4.258806,
            55.8583
          ],
          [
            -4.258795,
            55.857625
          ]
        ]
      }
    },
    {
      "type": "Feature",
      "properties": {
        "name": "3587 T",
        "type": "Tracks",
        "notes": "",
        "colour": "#a52714",
        "equipment_number": "2560261",
        "section": "Central"
      },
      "geometry": {
        "type": "LineString",
        "coordinates": [
          [
            -4.260182,
            55.852506
          ],
          [
            -4.260156,
            55.852669
          ],
          [
            -4.260121,
            55.85285
          ],
          [
            -4.260082,
            55.852989
          ]
        ]
      }
    },
    {
      "type": "Feature",
      "properties": {
        "name": "3586 T",
        "type": "Tracks",
        "notes": "",
        "colour": "#7cb342",
        "equipment_number": "2557184",
        "section": "Central"
      },
      "geometry": {
        "type": "LineString",
        "coordinates": [
          [
            -4.259881,
            55.853566
          ],
          [
            -4.260031,
            55.853148
          ],
          [
            -4.260082,
            55.852989
          ]
        ]
      }
    },
    {
      "type": "Feature",
      "properties": {
        "name": "3584 T",
        "type": "Tracks",
        "notes": "",
        "colour": "#a52714",
        "equipment_number": "2557210",
        "section": "Central"
      },
      "geometry": {
        "type": "LineString",
        "coordinates": [
          [
            -4.259802,
            55.853837
          ],
          [
            -4.25973,
            55.853977
          ],
          [
            -4.259691,
            55.854081
          ],
          [
            -4.259731,
            55.853977
          ],
          [
            -4.259881,
            55.853566
          ]
        ]
      }
    },
    {
      "type": "Feature",
      "properties": {
        "name": "3583 T",
        "type": "Tracks",
        "notes": "",
        "colour": "#7cb342",
        "equipment_number": "2557208",
        "section": "Central"
      },
      "geometry": {
        "type": "LineString",
        "coordinates": [
          [
            -4.259556,
            55.854351
          ],
          [
            -4.259652,
            55.854172
          ],
          [
            -4.259691,
            55.854081
          ],
          [
            -4.259549,
            55.854468
          ],
          [
            -4.259492,
            55.854632
          ],
          [
            -4.259397,
            55.854966
          ]
        ]
      }
    },
    {
      "type": "Feature",
      "properties": {
        "name": "3581 T",
        "type": "Tracks",
        "notes": "",
        "colour": "#a52714",
        "equipment_number": "2553090",
        "section": "Central"
      },
      "geometry": {
        "type": "LineString",
        "coordinates": [
          [
            -4.259361,
            55.855196
          ],
          [
            -4.259372,
            55.855067
          ],
          [
            -4.259397,
            55.854966
          ],
          [
            -4.259373,
            55.855067
          ],
          [
            -4.259336,
            55.855197
          ]
        ]
      }
    },
    {
      "type": "Feature",
      "properties": {
        "name": "3580 T",
        "type": "Tracks",
        "notes": "",
        "colour": "#7cb342",
        "equipment_number": "2553089",
        "section": "Central"
      },
      "geometry": {
        "type": "LineString",
        "coordinates": [
          [
            -4.259336,
            55.855197
          ],
          [
            -4.259266,
            55.85545
          ],
          [
            -4.259287,
            55.85537
          ],
          [
            -4.259302,
            55.855212
          ]
        ]
      }
    },
    {
      "type": "Feature",
      "properties": {
        "name": "3274 T",
        "type": "Tracks",
        "notes": "",
        "colour": "#a52714",
        "equipment_number": "2557202",
        "section": "Central"
      },
      "geometry": {
        "type": "LineString",
        "coordinates": [
          [
            -4.259227,
            55.855699
          ],
          [
            -4.259239,
            55.855543
          ],
          [
            -4.259266,
            55.85545
          ],
          [
            -4.259239,
            55.855542
          ],
          [
            -4.259035,
            55.856295
          ],
          [
            -4.259094,
            55.856163
          ],
          [
            -4.259035,
            55.856294
          ],
          [
            -4.259024,
            55.856352
          ]
        ]
      }
    },
    {
      "type": "Feature",
      "properties": {
        "name": "3144 T",
        "type": "Tracks",
        "notes": "",
        "colour": "#7cb342",
        "equipment_number": "2557194",
        "section": "Central"
      },
      "geometry": {
        "type": "LineString",
        "coordinates": [
          [
            -4.258944,
            55.856892
          ],
          [
            -4.258992,
            55.856489
          ],
          [
            -4.259024,
            55.856352
          ]
        ]
      }
    },
    {
      "type": "Feature",
      "properties": {
        "name": "3143 T",
        "type": "Tracks",
        "notes": "",
        "colour": "#a52714",
        "equipment_number": "2557192",
        "section": "Central"
      },
      "geometry": {
        "type": "LineString",
        "coordinates": [
          [
            -4.258944,
            55.856892
          ],
          [
            -4.258922,
            55.857318
          ],
          [
            -4.258919,
            55.857582
          ]
        ]
      }
    },
    {
      "type": "Feature",
      "properties": {
        "name": "3142 T",
        "type": "Tracks",
        "notes": "",
        "colour": "#7cb342",
        "equipment_number": "2557190",
        "section": "Central"
      },
      "geometry": {
        "type": "LineString",
        "coordinates": [
          [
            -4.258924,
            55.858033
          ],
          [
            -4.258919,
            55.857582
          ]
        ]
      }
    },
    {
      "type": "Feature",
      "properties": {
        "name": "3141 T",
        "type": "Tracks",
        "notes": "",
        "colour": "#a52714",
        "equipment_number": "2553078",
        "section": "Central"
      },
      "geometry": {
        "type": "LineString",
        "coordinates": [
          [
            -4.258912,
            55.858706
          ],
          [
            -4.25893,
            55.85842
          ],
          [
            -4.258926,
            55.858131
          ],
          [
            -4.258924,
            55.858033
          ]
        ]
      }
    },
    {
      "type": "Feature",
      "properties": {
        "name": "3595 T",
        "type": "Tracks",
        "notes": "",
        "colour": "#ffea00",
        "equipment_number": "2557216",
        "section": "Central"
      },
      "geometry": {
        "type": "LineString",
        "coordinates": [
          [
            -4.259921,
            55.853594
          ],
          [
            -4.260093,
            55.853128
          ]
        ]
      }
    },
    {
      "type": "Feature",
      "properties": {
        "name": "3594 T",
        "type": "Tracks",
        "notes": "",
        "colour": "#0288d1",
        "equipment_number": "2557214",
        "section": "Central"
      },
      "geometry": {
        "type": "LineString",
        "coordinates": [
          [
            -4.259718,
            55.854166
          ],
          [
            -4.259921,
            55.853594
          ],
          [
            -4.259883,
            55.8537
          ],
          [
            -4.259802,
            55.853837
          ]
        ]
      }
    },
    {
      "type": "Feature",
      "properties": {
        "name": "3593 T",
        "type": "Tracks",
        "notes": "",
        "colour": "#ffea00",
        "equipment_number": "2557212",
        "section": "Central"
      },
      "geometry": {
        "type": "LineString",
        "coordinates": [
          [
            -4.259453,
            55.85497
          ],
          [
            -4.25952,
            55.854717
          ],
          [
            -4.259603,
            55.854478
          ],
          [
            -4.259718,
            55.854166
          ]
        ]
      }
    },
    {
      "type": "Feature",
      "properties": {
        "name": "3591 T",
        "type": "Tracks",
        "notes": "",
        "colour": "#0288d1",
        "equipment_number": "2553093",
        "section": "Central"
      },
      "geometry": {
        "type": "LineString",
        "coordinates": [
          [
            -4.259453,
            55.85497
          ],
          [
            -4.259335,
            55.855392
          ],
          [
            -4.259361,
            55.855196
          ],
          [
            -4.259336,
            55.855392
          ],
          [
            -4.259319,
            55.85546
          ]
        ]
      }
    },
    {
      "type": "Feature",
      "properties": {
        "name": "3284 T",
        "type": "Tracks",
        "notes": "",
        "colour": "#ffea00",
        "equipment_number": "2557204",
        "section": "Central"
      },
      "geometry": {
        "type": "LineString",
        "coordinates": [
          [
            -4.259319,
            55.85546
          ],
          [
            -4.259211,
            55.855839
          ],
          [
            -4.259227,
            55.855699
          ],
          [
            -4.259213,
            55.855839
          ],
          [
            -4.259158,
            55.856029
          ],
          [
            -4.259094,
            55.856163
          ],
          [
            -4.259159,
            55.856029
          ],
          [
            -4.259062,
            55.856462
          ]
        ]
      }
    },
    {
      "type": "Feature",
      "properties": {
        "name": "3154 T",
        "type": "Tracks",
        "notes": "",
        "colour": "#0288d1",
        "equipment_number": "2557200",
        "section": "Central"
      },
      "geometry": {
        "type": "LineString",
        "coordinates": [
          [
            -4.259062,
            55.856462
          ],
          [
            -4.259024,
            55.856735
          ],
          [
            -4.258996,
            55.857016
          ],
          [
            -4.258992,
            55.85713
          ]
        ]
      }
    },
    {
      "type": "Feature",
      "properties": {
        "name": "3153 T",
        "type": "Tracks",
        "notes": "",
        "colour": "#ffea00",
        "equipment_number": "2557198",
        "section": "Central"
      },
      "geometry": {
        "type": "LineString",
        "coordinates": [
          [
            -4.259,
            55.857522
          ],
          [
            -4.258992,
            55.85713
          ]
        ]
      }
    },
    {
      "type": "Feature",
      "properties": {
        "name": "3152 T",
        "type": "Tracks",
        "notes": "",
        "colour": "#0288d1",
        "equipment_number": "2557196",
        "section": "Central"
      },
      "geometry": {
        "type": "LineString",
        "coordinates": [
          [
            -4.258999,
            55.85803
          ],
          [
            -4.259,
            55.857522
          ]
        ]
      }
    },
    {
      "type": "Feature",
      "properties": {
        "name": "3151 T",
        "type": "Tracks",
        "notes": "",
        "colour": "#ffea00",
        "equipment_number": "2553082",
        "section": "Central"
      },
      "geometry": {
        "type": "LineString",
        "coordinates": [
          [
            -4.258999,
            55.85803
          ],
          [
            -4.259,
            55.858314
          ],
          [
            -4.259004,
            55.858432
          ],
          [
            -4.258992,
            55.858706
          ]
        ]
      }
    },
    {
      "type": "Feature",
      "properties": {
        "name": "416 T",
        "type": "Tracks",
        "notes": "",
        "colour": "#0288d1",
        "equipment_number": "764503",
        "section": "Central"
      },
      "geometry": {
        "type": "LineString",
        "coordinates": [
          [
            -4.23977,
            55.835856
          ],
          [
            -4.240742,
            55.836198
          ],
          [
            -4.240532,
            55.836124
          ],
          [
            -4.240273,
            55.836056
          ]
        ]
      }
    },
    {
      "type": "Feature",
      "properties": {
        "name": "418 T",
        "type": "Tracks",
        "notes": "",
        "colour": "#7cb342",
        "equipment_number": "764521",
        "section": "Central"
      },
      "geometry": {
        "type": "LineString",
        "coordinates": [
          [
            -4.240731,
            55.836245
          ],
          [
            -4.240045,
            55.835996
          ],
          [
            -4.240273,
            55.836056
          ],
          [
            -4.240045,
            55.835996
          ],
          [
            -4.239729,
            55.835909
          ],
          [
            -4.239612,
            55.835878
          ],
          [
            -4.239729,
            55.835909
          ],
          [
            -4.239506,
            55.835869
          ]
        ]
      }
    },
    {
      "type": "Feature",
      "properties": {
        "name": "419A T",
        "type": "Tracks",
        "notes": "",
        "colour": "#ffea00",
        "equipment_number": "19777696",
        "section": "Central"
      },
      "geometry": {
        "type": "LineString",
        "coordinates": [
          [
            -4.23977,
            55.835856
          ],
          [
            -4.236763,
            55.83481
          ]
        ]
      }
    },
    {
      "type": "Feature",
      "properties": {
        "name": "473B T",
        "type": "Tracks",
        "notes": "",
        "colour": "#a52714",
        "equipment_number": "19594031",
        "section": "Central"
      },
      "geometry": {
        "type": "LineString",
        "coordinates": [
          [
            -4.239854,
            55.835851
          ],
          [
            -4.236791,
            55.834781
          ]
        ]
      }
    },
    {
      "type": "Feature",
      "properties": {
        "name": "512 T",
        "type": "Tracks",
        "notes": "",
        "colour": "#0288d1",
        "equipment_number": "764390",
        "section": "Central"
      },
      "geometry": {
        "type": "LineString",
        "coordinates": [
          [
            -4.240288,
            55.835944
          ],
          [
            -4.233756,
            55.833673
          ]
        ]
      }
    },
    {
      "type": "Feature",
      "properties": {
        "name": "542 T",
        "type": "Tracks",
        "notes": "",
        "colour": "#a52714",
        "equipment_number": "764520",
        "section": "Central"
      },
      "geometry": {
        "type": "LineString",
        "coordinates": [
          [
            -4.239818,
            55.835744
          ],
          [
            -4.233988,
            55.833718
          ]
        ]
      }
    },
    {
      "type": "Feature",
      "properties": {
        "name": "583 T",
        "type": "Tracks",
        "notes": "",
        "colour": "#0288d1",
        "equipment_number": "764446",
        "section": "Central"
      },
      "geometry": {
        "type": "LineString",
        "coordinates": [
          [
            -4.240437,
            55.835907
          ],
          [
            -4.233787,
            55.83359
          ]
        ]
      }
    },
    {
      "type": "Feature",
      "properties": {
        "name": "596 T",
        "type": "Tracks",
        "notes": "",
        "colour": "#7cb342",
        "equipment_number": "764493",
        "section": "Central"
      },
      "geometry": {
        "type": "LineString",
        "coordinates": [
          [
            -4.239873,
            55.835674
          ],
          [
            -4.237475,
            55.834844
          ],
          [
            -4.234291,
            55.833732
          ]
        ]
      }
    },
    {
      "type": "Feature",
      "properties": {
        "name": "584A T",
        "type": "Tracks",
        "notes": "Route into Through Sidings on rust register (April 2023 version)",
        "colour": "#ffea00",
        "equipment_number": "764485",
        "section": "Central"
      },
      "geometry": {
        "type": "LineString",
        "coordinates": [
          [
            -4.233787,
            55.83359
          ],
          [
            -4.23268,
            55.833209
          ],
          [
            -4.232846,
            55.833266
          ],
          [
            -4.23325,
            55.833382
          ],
          [
            -4.234291,
            55.833732
          ],
          [
            -4.23325,
            55.833382
          ],
          [
            -4.233789,
            55.833531
          ]
        ]
      }
    },
    {
      "type": "Feature",
      "properties": {
        "name": "584B T",
        "type": "Tracks",
        "notes": "On rust register (April 2023 version)",
        "colour": "#a52714",
        "equipment_number": "19457580",
        "section": "Central"
      },
      "geometry": {
        "type": "LineString",
        "coordinates": [
          [
            -4.233789,
            55.833531
          ],
          [
            -4.234482,
            55.833712
          ],
          [
            -4.235007,
            55.833891
          ],
          [
            -4.234482,
            55.833712
          ],
          [
            -4.23498,
            55.833839
          ],
          [
            -4.235677,
            55.834077
          ],
          [
            -4.234977,
            55.833837
          ],
          [
            -4.235677,
            55.834021
          ],
          [
            -4.236165,
            55.834146
          ],
          [
            -4.236281,
            55.834178
          ],
          [
            -4.236472,
            55.834242
          ]
        ]
      }
    },
    {
      "type": "Feature",
      "properties": {
        "name": "544 T",
        "type": "Tracks",
        "notes": "Route into Through Sidings on rust register (April 2023 version)",
        "colour": "#a52714",
        "equipment_number": "764465",
        "section": "Central"
      },
      "geometry": {
        "type": "LineString",
        "coordinates": [
          [
            -4.23268,
            55.833209
          ],
          [
            -4.232152,
            55.833053
          ],
          [
            -4.231398,
            55.832813
          ],
          [
            -4.231988,
            55.833018
          ],
          [
            -4.23348,
            55.833538
          ]
        ]
      }
    },
    {
      "type": "Feature",
      "properties": {
        "name": "543 T",
        "type": "Tracks",
        "notes": "",
        "colour": "#7cb342",
        "equipment_number": "764492",
        "section": "Central"
      },
      "geometry": {
        "type": "LineString",
        "coordinates": [
          [
            -4.233988,
            55.833718
          ],
          [
            -4.23348,
            55.833538
          ]
        ]
      }
    },
    {
      "type": "Feature",
      "properties": {
        "name": "545B T",
        "type": "Tracks",
        "notes": "",
        "colour": "#7cb342",
        "equipment_number": "764464",
        "section": "Central"
      },
      "geometry": {
        "type": "LineString",
        "coordinates": [
          [
            -4.230277,
            55.832438
          ],
          [
            -4.23085,
            55.832621
          ],
          [
            -4.231398,
            55.832813
          ],
          [
            -4.23085,
            55.832621
          ],
          [
            -4.22976,
            55.832242
          ],
          [
            -4.229157,
            55.832038
          ],
          [
            -4.228598,
            55.831861
          ],
          [
            -4.227788,
            55.831626
          ]
        ]
      }
    },
    {
      "type": "Feature",
      "properties": {
        "name": "545A T",
        "type": "Tracks",
        "notes": "",
        "colour": "#a52714",
        "equipment_number": "764463",
        "section": "Central"
      },
      "geometry": {
        "type": "LineString",
        "coordinates": [
          [
            -4.227784,
            55.831625
          ],
          [
            -4.227454,
            55.831537
          ],
          [
            -4.227054,
            55.831437
          ],
          [
            -4.226569,
            55.83132
          ],
          [
            -4.225936,
            55.831182
          ],
          [
            -4.225512,
            55.831096
          ],
          [
            -4.224954,
            55.830994
          ],
          [
            -4.224446,
            55.83091
          ],
          [
            -4.223752,
            55.83081
          ],
          [
            -4.22164,
            55.830552
          ]
        ]
      }
    },
    {
      "type": "Feature",
      "properties": {
        "name": "546 T",
        "type": "Tracks",
        "notes": "",
        "colour": "#7cb342",
        "equipment_number": "19777704",
        "section": "Central"
      },
      "geometry": {
        "type": "LineString",
        "coordinates": [
          [
            -4.220228,
            55.830388
          ],
          [
            -4.22164,
            55.830552
          ]
        ]
      }
    },
    {
      "type": "Feature",
      "properties": {
        "name": "547 T",
        "type": "Tracks",
        "notes": "",
        "colour": "#a52714",
        "equipment_number": "1388053",
        "section": "Central"
      },
      "geometry": {
        "type": "LineString",
        "coordinates": [
          [
            -4.217388,
            55.830101
          ],
          [
            -4.218125,
            55.830163
          ],
          [
            -4.218691,
            55.830219
          ],
          [
            -4.220228,
            55.830388
          ]
        ]
      }
    },
    {
      "type": "Feature",
      "properties": {
        "name": "548 T",
        "type": "Tracks",
        "notes": "",
        "colour": "#7cb342",
        "equipment_number": "19777706",
        "section": "Central"
      },
      "geometry": {
        "type": "LineString",
        "coordinates": [
          [
            -4.217388,
            55.830101
          ],
          [
            -4.216858,
            55.830062
          ],
          [
            -4.216104,
            55.830021
          ],
          [
            -4.215431,
            55.830001
          ],
          [
            -4.214768,
            55.829995
          ],
          [
            -4.212674,
            55.829988
          ],
          [
            -4.211918,
            55.829976
          ]
        ]
      }
    },
    {
      "type": "Feature",
      "properties": {
        "name": "549 T",
        "type": "Tracks",
        "notes": "",
        "colour": "#a52714",
        "equipment_number": "18886907",
        "section": "Central"
      },
      "geometry": {
        "type": "LineString",
        "coordinates": [
          [
            -4.211918,
            55.829976
          ],
          [
            -4.211346,
            55.829958
          ],
          [
            -4.210662,
            55.82993
          ],
          [
            -4.209982,
            55.82989
          ],
          [
            -4.209521,
            55.829859
          ],
          [
            -4.208476,
            55.829772
          ],
          [
            -4.207676,
            55.829694
          ],
          [
            -4.206499,
            55.829568
          ],
          [
            -4.204791,
            55.829376
          ],
          [
            -4.202515,
            55.829123
          ],
          [
            -4.200841,
            55.828932
          ],
          [
            -4.199983,
            55.828838
          ]
        ]
      }
    },
    {
      "type": "Feature",
      "properties": {
        "name": "550 T",
        "type": "Tracks",
        "notes": "",
        "colour": "#7cb342",
        "equipment_number": "18886904",
        "section": "Central"
      },
      "geometry": {
        "type": "LineString",
        "coordinates": [
          [
            -4.199983,
            55.828838
          ],
          [
            -4.19822,
            55.82864
          ],
          [
            -4.197505,
            55.828562
          ],
          [
            -4.1985,
            55.828686
          ],
          [
            -4.197504,
            55.828561
          ],
          [
            -4.195678,
            55.828359
          ],
          [
            -4.194549,
            55.828234
          ],
          [
            -4.193674,
            55.828126
          ]
        ]
      }
    },
    {
      "type": "Feature",
      "properties": {
        "name": "551 T",
        "type": "Tracks",
        "notes": "",
        "colour": "#a52714",
        "equipment_number": "764457",
        "section": "Central"
      },
      "geometry": {
        "type": "LineString",
        "coordinates": [
          [
            -4.191129,
            55.827689
          ],
          [
            -4.191506,
            55.827768
          ],
          [
            -4.19219,
            55.827898
          ],
          [
            -4.192858,
            55.828011
          ],
          [
            -4.193674,
            55.828126
          ]
        ]
      }
    },
    {
      "type": "Feature",
      "properties": {
        "name": "552 T",
        "type": "Tracks",
        "notes": "",
        "colour": "#7cb342",
        "equipment_number": "18886895",
        "section": "Central"
      },
      "geometry": {
        "type": "LineString",
        "coordinates": [
          [
            -4.191129,
            55.827689
          ],
          [
            -4.190666,
            55.827583
          ],
          [
            -4.189997,
            55.827419
          ],
          [
            -4.189279,
            55.827222
          ],
          [
            -4.188708,
            55.827047
          ],
          [
            -4.188016,
            55.82682
          ],
          [
            -4.187164,
            55.826507
          ],
          [
            -4.186404,
            55.826197
          ],
          [
            -4.18577,
            55.82591
          ],
          [
            -4.185226,
            55.825648
          ],
          [
            -4.184667,
            55.82536
          ],
          [
            -4.182902,
            55.824431
          ],
          [
            -4.180038,
            55.822927
          ]
        ]
      }
    },
    {
      "type": "Feature",
      "properties": {
        "name": "553 T",
        "type": "Tracks",
        "notes": "",
        "colour": "#a52714",
        "equipment_number": "764454",
        "section": "Central"
      },
      "geometry": {
        "type": "LineString",
        "coordinates": [
          [
            -4.180038,
            55.822927
          ],
          [
            -4.178941,
            55.822326
          ],
          [
            -4.178036,
            55.82178
          ],
          [
            -4.177368,
            55.821362
          ],
          [
            -4.176939,
            55.821108
          ],
          [
            -4.176715,
            55.82098
          ],
          [
            -4.176391,
            55.820805
          ],
          [
            -4.176043,
            55.820628
          ],
          [
            -4.175821,
            55.820521
          ],
          [
            -4.175326,
            55.820292
          ],
          [
            -4.174217,
            55.819842
          ]
        ]
      }
    },
    {
      "type": "Feature",
      "properties": {
        "name": "554 T",
        "type": "Tracks",
        "notes": "",
        "colour": "#7cb342",
        "equipment_number": "764495",
        "section": "Central"
      },
      "geometry": {
        "type": "LineString",
        "coordinates": [
          [
            -4.174217,
            55.819842
          ],
          [
            -4.173726,
            55.819671
          ],
          [
            -4.173256,
            55.819521
          ],
          [
            -4.172708,
            55.819356
          ],
          [
            -4.172097,
            55.81919
          ],
          [
            -4.171314,
            55.819
          ]
        ]
      }
    },
    {
      "type": "Feature",
      "properties": {
        "name": "513 T",
        "type": "Tracks",
        "notes": "",
        "colour": "#ffea00",
        "equipment_number": "764472",
        "section": "Central"
      },
      "geometry": {
        "type": "LineString",
        "coordinates": [
          [
            -4.231188,
            55.832778
          ],
          [
            -4.232042,
            55.833072
          ],
          [
            -4.233756,
            55.833673
          ]
        ]
      }
    },
    {
      "type": "Feature",
      "properties": {
        "name": "514 T",
        "type": "Tracks",
        "notes": "",
        "colour": "#0288d1",
        "equipment_number": "764471",
        "section": "Central"
      },
      "geometry": {
        "type": "LineString",
        "coordinates": [
          [
            -4.231188,
            55.832778
          ],
          [
            -4.229799,
            55.832293
          ],
          [
            -4.229548,
            55.832206
          ],
          [
            -4.2298,
            55.832292
          ],
          [
            -4.230277,
            55.832438
          ]
        ]
      }
    },
    {
      "type": "Feature",
      "properties": {
        "name": "515 T",
        "type": "Tracks",
        "notes": "",
        "colour": "#ffea00",
        "equipment_number": "764470",
        "section": "Central"
      },
      "geometry": {
        "type": "LineString",
        "coordinates": [
          [
            -4.228646,
            55.83194
          ],
          [
            -4.229322,
            55.832128
          ],
          [
            -4.229548,
            55.832206
          ],
          [
            -4.22932,
            55.832127
          ],
          [
            -4.228894,
            55.831989
          ],
          [
            -4.2282,
            55.83178
          ],
          [
            -4.227755,
            55.831653
          ]
        ]
      }
    },
    {
      "type": "Feature",
      "properties": {
        "name": "516 T",
        "type": "Tracks",
        "notes": "",
        "colour": "#0288d1",
        "equipment_number": "764469",
        "section": "Central"
      },
      "geometry": {
        "type": "LineString",
        "coordinates": [
          [
            -4.227755,
            55.831653
          ],
          [
            -4.22716,
            55.831497
          ],
          [
            -4.226438,
            55.831325
          ],
          [
            -4.225709,
            55.831168
          ],
          [
            -4.225127,
            55.831055
          ],
          [
            -4.224484,
            55.830949
          ],
          [
            -4.223782,
            55.830847
          ],
          [
            -4.222967,
            55.830741
          ],
          [
            -4.221278,
            55.83054
          ],
          [
            -4.219661,
            55.830357
          ],
          [
            -4.219024,
            55.830289
          ],
          [
            -4.218604,
            55.830246
          ]
        ]
      }
    },
    {
      "type": "Feature",
      "properties": {
        "name": "517 T",
        "type": "Tracks",
        "notes": "",
        "colour": "#ffea00",
        "equipment_number": "19777703",
        "section": "Central"
      },
      "geometry": {
        "type": "LineString",
        "coordinates": [
          [
            -4.218604,
            55.830246
          ],
          [
            -4.217653,
            55.830164
          ],
          [
            -4.216693,
            55.830106
          ],
          [
            -4.216003,
            55.830076
          ],
          [
            -4.215282,
            55.830053
          ],
          [
            -4.21503,
            55.83005
          ]
        ]
      }
    },
    {
      "type": "Feature",
      "properties": {
        "name": "518 T",
        "type": "Tracks",
        "notes": "",
        "colour": "#0288d1",
        "equipment_number": "764720",
        "section": "Central"
      },
      "geometry": {
        "type": "LineString",
        "coordinates": [
          [
            -4.21503,
            55.83005
          ],
          [
            -4.213954,
            55.830041
          ],
          [
            -4.21261,
            55.83003
          ],
          [
            -4.211897,
            55.830014
          ]
        ]
      }
    },
    {
      "type": "Feature",
      "properties": {
        "name": "519 T",
        "type": "Tracks",
        "notes": "",
        "colour": "#ffea00",
        "equipment_number": "764453",
        "section": "Central"
      },
      "geometry": {
        "type": "LineString",
        "coordinates": [
          [
            -4.211897,
            55.830014
          ],
          [
            -4.210848,
            55.829974
          ],
          [
            -4.209904,
            55.82992
          ],
          [
            -4.209416,
            55.829887
          ],
          [
            -4.208879,
            55.829844
          ]
        ]
      }
    },
    {
      "type": "Feature",
      "properties": {
        "name": "521 T",
        "type": "Tracks",
        "notes": "",
        "colour": "#0288d1",
        "equipment_number": "764510",
        "section": "Central"
      },
      "geometry": {
        "type": "LineString",
        "coordinates": [
          [
            -4.208879,
            55.829844
          ],
          [
            -4.208274,
            55.829789
          ],
          [
            -4.207169,
            55.829675
          ],
          [
            -4.205441,
            55.829482
          ],
          [
            -4.203896,
            55.829307
          ]
        ]
      }
    },
    {
      "type": "Feature",
      "properties": {
        "name": "522 T",
        "type": "Tracks",
        "notes": "",
        "colour": "#ffea00",
        "equipment_number": "18886791",
        "section": "Central"
      },
      "geometry": {
        "type": "LineString",
        "coordinates": [
          [
            -4.202788,
            55.829184
          ],
          [
            -4.203896,
            55.829307
          ]
        ]
      }
    },
    {
      "type": "Feature",
      "properties": {
        "name": "523 T",
        "type": "Tracks",
        "notes": "",
        "colour": "#0288d1",
        "equipment_number": "764508",
        "section": "Central"
      },
      "geometry": {
        "type": "LineString",
        "coordinates": [
          [
            -4.202788,
            55.829184
          ],
          [
            -4.200122,
            55.828884
          ],
          [
            -4.20086,
            55.828967
          ],
          [
            -4.201911,
            55.829107
          ]
        ]
      }
    },
    {
      "type": "Feature",
      "properties": {
        "name": "524 T",
        "type": "Tracks",
        "notes": "",
        "colour": "#ffea00",
        "equipment_number": "764507",
        "section": "Central"
      },
      "geometry": {
        "type": "LineString",
        "coordinates": [
          [
            -4.1985,
            55.828686
          ],
          [
            -4.199374,
            55.8288
          ],
          [
            -4.200122,
            55.828884
          ],
          [
            -4.199371,
            55.828799
          ],
          [
            -4.198246,
            55.828674
          ],
          [
            -4.197427,
            55.828586
          ]
        ]
      }
    },
    {
      "type": "Feature",
      "properties": {
        "name": "525 T",
        "type": "Tracks",
        "notes": "",
        "colour": "#0288d1",
        "equipment_number": "764506",
        "section": "Central"
      },
      "geometry": {
        "type": "LineString",
        "coordinates": [
          [
            -4.197712,
            55.828635
          ],
          [
            -4.196647,
            55.828501
          ],
          [
            -4.197427,
            55.828586
          ],
          [
            -4.196642,
            55.8285
          ],
          [
            -4.196151,
            55.828444
          ]
        ]
      }
    },
    {
      "type": "Feature",
      "properties": {
        "name": "527 T",
        "type": "Tracks",
        "notes": "",
        "colour": "#ffea00",
        "equipment_number": "764476",
        "section": "Central"
      },
      "geometry": {
        "type": "LineString",
        "coordinates": [
          [
            -4.196151,
            55.828444
          ],
          [
            -4.195191,
            55.828337
          ],
          [
            -4.193989,
            55.828197
          ],
          [
            -4.193219,
            55.828096
          ],
          [
            -4.192514,
            55.827984
          ],
          [
            -4.191878,
            55.827872
          ],
          [
            -4.19103,
            55.8277
          ],
          [
            -4.190226,
            55.82751
          ],
          [
            -4.189419,
            55.827296
          ],
          [
            -4.189005,
            55.827174
          ]
        ]
      }
    },
    {
      "type": "Feature",
      "properties": {
        "name": "473A T",
        "type": "Tracks",
        "notes": "",
        "colour": "#7cb342",
        "equipment_number": "764452",
        "section": "Central"
      },
      "geometry": {
        "type": "LineString",
        "coordinates": [
          [
            -4.236791,
            55.834781
          ],
          [
            -4.233791,
            55.83374
          ]
        ]
      }
    },
    {
      "type": "Feature",
      "properties": {
        "name": "474 T",
        "type": "Tracks",
        "notes": "",
        "colour": "#a52714",
        "equipment_number": "764451",
        "section": "Central"
      },
      "geometry": {
        "type": "LineString",
        "coordinates": [
          [
            -4.233791,
            55.83374
          ],
          [
            -4.231328,
            55.83288
          ]
        ]
      }
    },
    {
      "type": "Feature",
      "properties": {
        "name": "475 T",
        "type": "Tracks",
        "notes": "",
        "colour": "#7cb342",
        "equipment_number": "764474",
        "section": "Central"
      },
      "geometry": {
        "type": "LineString",
        "coordinates": [
          [
            -4.231328,
            55.83288
          ],
          [
            -4.229514,
            55.832248
          ]
        ]
      }
    },
    {
      "type": "Feature",
      "properties": {
        "name": "476 T",
        "type": "Tracks",
        "notes": "",
        "colour": "#a52714",
        "equipment_number": "764456",
        "section": "Central"
      },
      "geometry": {
        "type": "LineString",
        "coordinates": [
          [
            -4.229514,
            55.832248
          ],
          [
            -4.228888,
            55.832038
          ],
          [
            -4.228144,
            55.831811
          ],
          [
            -4.228646,
            55.83194
          ],
          [
            -4.228144,
            55.831811
          ],
          [
            -4.227665,
            55.831681
          ]
        ]
      }
    },
    {
      "type": "Feature",
      "properties": {
        "name": "477 T",
        "type": "Tracks",
        "notes": "",
        "colour": "#7cb342",
        "equipment_number": "764458",
        "section": "Central"
      },
      "geometry": {
        "type": "LineString",
        "coordinates": [
          [
            -4.227665,
            55.831681
          ],
          [
            -4.227304,
            55.831586
          ],
          [
            -4.226875,
            55.831494
          ],
          [
            -4.227304,
            55.831586
          ],
          [
            -4.22669,
            55.831432
          ],
          [
            -4.226226,
            55.831328
          ]
        ]
      }
    },
    {
      "type": "Feature",
      "properties": {
        "name": "478 T",
        "type": "Tracks",
        "notes": "",
        "colour": "#a52714",
        "equipment_number": "764483",
        "section": "Central"
      },
      "geometry": {
        "type": "LineString",
        "coordinates": [
          [
            -4.226226,
            55.831328
          ],
          [
            -4.225591,
            55.831195
          ],
          [
            -4.22488,
            55.831065
          ],
          [
            -4.225443,
            55.831183
          ],
          [
            -4.22488,
            55.831065
          ],
          [
            -4.224556,
            55.831011
          ]
        ]
      }
    },
    {
      "type": "Feature",
      "properties": {
        "name": "479 T",
        "type": "Tracks",
        "notes": "",
        "colour": "#7cb342",
        "equipment_number": "764482",
        "section": "Central"
      },
      "geometry": {
        "type": "LineString",
        "coordinates": [
          [
            -4.224556,
            55.831011
          ],
          [
            -4.223793,
            55.830898
          ],
          [
            -4.223407,
            55.830846
          ],
          [
            -4.221693,
            55.830638
          ]
        ]
      }
    },
    {
      "type": "Feature",
      "properties": {
        "name": "481 T",
        "type": "Tracks",
        "notes": "",
        "colour": "#a52714",
        "equipment_number": "764481",
        "section": "Central"
      },
      "geometry": {
        "type": "LineString",
        "coordinates": [
          [
            -4.221693,
            55.830638
          ],
          [
            -4.220636,
            55.830514
          ],
          [
            -4.219804,
            55.83042
          ]
        ]
      }
    },
    {
      "type": "Feature",
      "properties": {
        "name": "482 T",
        "type": "Tracks",
        "notes": "",
        "colour": "#7cb342",
        "equipment_number": "764480",
        "section": "Central"
      },
      "geometry": {
        "type": "LineString",
        "coordinates": [
          [
            -4.218906,
            55.830366
          ],
          [
            -4.219276,
            55.830381
          ],
          [
            -4.219669,
            55.830406
          ],
          [
            -4.219804,
            55.83042
          ],
          [
            -4.219669,
            55.830406
          ],
          [
            -4.218932,
            55.83033
          ],
          [
            -4.218304,
            55.830268
          ],
          [
            -4.217317,
            55.830194
          ]
        ]
      }
    },
    {
      "type": "Feature",
      "properties": {
        "name": "483 T",
        "type": "Tracks",
        "notes": "",
        "colour": "#a52714",
        "equipment_number": "19777699",
        "section": "Central"
      },
      "geometry": {
        "type": "LineString",
        "coordinates": [
          [
            -4.217317,
            55.830194
          ],
          [
            -4.216825,
            55.830164
          ],
          [
            -4.216312,
            55.830137
          ],
          [
            -4.215709,
            55.830116
          ],
          [
            -4.215233,
            55.830105
          ],
          [
            -4.214778,
            55.830096
          ]
        ]
      }
    },
    {
      "type": "Feature",
      "properties": {
        "name": "484 T",
        "type": "Tracks",
        "notes": "",
        "colour": "#7cb342",
        "equipment_number": "764479",
        "section": "Central"
      },
      "geometry": {
        "type": "LineString",
        "coordinates": [
          [
            -4.214778,
            55.830096
          ],
          [
            -4.2135,
            55.83009
          ],
          [
            -4.21272,
            55.830083
          ],
          [
            -4.211905,
            55.830063
          ]
        ]
      }
    },
    {
      "type": "Feature",
      "properties": {
        "name": "485 T",
        "type": "Tracks",
        "notes": "",
        "colour": "#a52714",
        "equipment_number": "764478",
        "section": "Central"
      },
      "geometry": {
        "type": "LineString",
        "coordinates": [
          [
            -4.211905,
            55.830063
          ],
          [
            -4.211189,
            55.830037
          ],
          [
            -4.210496,
            55.830004
          ],
          [
            -4.209908,
            55.82997
          ],
          [
            -4.209267,
            55.829924
          ],
          [
            -4.20911,
            55.829912
          ],
          [
            -4.209535,
            55.829958
          ],
          [
            -4.20911,
            55.829912
          ],
          [
            -4.208729,
            55.82988
          ]
        ]
      }
    },
    {
      "type": "Feature",
      "properties": {
        "name": "486 T",
        "type": "Tracks",
        "notes": "",
        "colour": "#7cb342",
        "equipment_number": "18886931",
        "section": "Central"
      },
      "geometry": {
        "type": "LineString",
        "coordinates": [
          [
            -4.208729,
            55.82988
          ],
          [
            -4.208148,
            55.829826
          ],
          [
            -4.207458,
            55.829757
          ],
          [
            -4.206686,
            55.829671
          ],
          [
            -4.205682,
            55.829559
          ],
          [
            -4.204677,
            55.829445
          ],
          [
            -4.20382,
            55.829348
          ]
        ]
      }
    },
    {
      "type": "Feature",
      "properties": {
        "name": "487 T",
        "type": "Tracks",
        "notes": "",
        "colour": "#a52714",
        "equipment_number": "18886929",
        "section": "Central"
      },
      "geometry": {
        "type": "LineString",
        "coordinates": [
          [
            -4.20382,
            55.829348
          ],
          [
            -4.203133,
            55.829268
          ],
          [
            -4.202143,
            55.829158
          ],
          [
            -4.203133,
            55.829268
          ],
          [
            -4.202423,
            55.829175
          ],
          [
            -4.201911,
            55.829107
          ]
        ]
      }
    },
    {
      "type": "Feature",
      "properties": {
        "name": "488 T",
        "type": "Tracks",
        "notes": "",
        "colour": "#7cb342",
        "equipment_number": "764475",
        "section": "Central"
      },
      "geometry": {
        "type": "LineString",
        "coordinates": [
          [
            -4.202143,
            55.829158
          ],
          [
            -4.200342,
            55.828954
          ],
          [
            -4.200934,
            55.829034
          ],
          [
            -4.200342,
            55.828954
          ],
          [
            -4.199744,
            55.828884
          ]
        ]
      }
    },
    {
      "type": "Feature",
      "properties": {
        "name": "491 T",
        "type": "Tracks",
        "notes": "",
        "colour": "#a52714",
        "equipment_number": "764473",
        "section": "Central"
      },
      "geometry": {
        "type": "LineString",
        "coordinates": [
          [
            -4.199744,
            55.828884
          ],
          [
            -4.199182,
            55.82882
          ],
          [
            -4.198887,
            55.828786
          ],
          [
            -4.197712,
            55.828635
          ],
          [
            -4.198887,
            55.828786
          ],
          [
            -4.197506,
            55.828631
          ],
          [
            -4.196757,
            55.82855
          ],
          [
            -4.196142,
            55.828481
          ],
          [
            -4.195098,
            55.82837
          ],
          [
            -4.194326,
            55.8283
          ]
        ]
      }
    },
    {
      "type": "Feature",
      "properties": {
        "name": "2493 T",
        "type": "Tracks",
        "notes": "",
        "colour": "#7cb342",
        "equipment_number": "756929",
        "section": "Central"
      },
      "geometry": {
        "type": "LineString",
        "coordinates": [
          [
            -4.194326,
            55.8283
          ],
          [
            -4.193989,
            55.828278
          ],
          [
            -4.193605,
            55.828262
          ],
          [
            -4.193176,
            55.828256
          ],
          [
            -4.192744,
            55.828258
          ],
          [
            -4.192109,
            55.828283
          ],
          [
            -4.191638,
            55.828321
          ],
          [
            -4.191118,
            55.828382
          ],
          [
            -4.19054,
            55.828468
          ],
          [
            -4.190039,
            55.828565
          ],
          [
            -4.189853,
            55.828603
          ]
        ]
      }
    },
    {
      "type": "Feature",
      "properties": {
        "name": "2491(B) T",
        "type": "Tracks",
        "notes": "",
        "colour": "#a52714",
        "equipment_number": "18822945",
        "section": "Central"
      },
      "geometry": {
        "type": "LineString",
        "coordinates": [
          [
            -4.189853,
            55.828603
          ],
          [
            -4.189646,
            55.82865
          ],
          [
            -4.18442,
            55.82996
          ],
          [
            -4.18412,
            55.830032
          ]
        ]
      }
    },
    {
      "type": "Feature",
      "properties": {
        "name": "2491(A) T",
        "type": "Tracks",
        "notes": "",
        "colour": "#7cb342",
        "equipment_number": "18822945",
        "section": "Central"
      },
      "geometry": {
        "type": "LineString",
        "coordinates": [
          [
            -4.18412,
            55.830032
          ],
          [
            -4.183579,
            55.830165
          ],
          [
            -4.182962,
            55.830298
          ],
          [
            -4.182434,
            55.830398
          ],
          [
            -4.181728,
            55.830511
          ],
          [
            -4.181095,
            55.830588
          ],
          [
            -4.179717,
            55.830705
          ],
          [
            -4.178775,
            55.83076
          ],
          [
            -4.17792,
            55.830793
          ],
          [
            -4.172467,
            55.83109
          ]
        ]
      }
    },
    {
      "type": "Feature",
      "properties": {
        "name": "2487(B) T",
        "type": "Tracks",
        "notes": "",
        "colour": "#a52714",
        "equipment_number": "18822946",
        "section": "Central"
      },
      "geometry": {
        "type": "LineString",
        "coordinates": [
          [
            -4.172467,
            55.83109
          ],
          [
            -4.172225,
            55.831106
          ],
          [
            -4.171476,
            55.831171
          ],
          [
            -4.170919,
            55.831236
          ],
          [
            -4.17032,
            55.831323
          ],
          [
            -4.169602,
            55.831456
          ],
          [
            -4.168837,
            55.831625
          ],
          [
            -4.164878,
            55.83259
          ],
          [
            -4.162277,
            55.833231
          ]
        ]
      }
    },
    {
      "type": "Feature",
      "properties": {
        "name": "2487(A) T",
        "type": "Tracks",
        "notes": "",
        "colour": "#7cb342",
        "equipment_number": "18822947",
        "section": "Central"
      },
      "geometry": {
        "type": "LineString",
        "coordinates": [
          [
            -4.162277,
            55.833231
          ],
          [
            -4.156962,
            55.83453
          ],
          [
            -4.153577,
            55.835354
          ],
          [
            -4.150334,
            55.836153
          ]
        ]
      }
    },
    {
      "type": "Feature",
      "properties": {
        "name": "419(B) T",
        "type": "Tracks",
        "notes": "",
        "colour": "#0288d1",
        "equipment_number": "19777697",
        "section": "Central"
      },
      "geometry": {
        "type": "LineString",
        "coordinates": [
          [
            -4.233675,
            55.833734
          ],
          [
            -4.236763,
            55.83481
          ]
        ]
      }
    },
    {
      "type": "Feature",
      "properties": {
        "name": "421 T",
        "type": "Tracks",
        "notes": "",
        "colour": "#ffea00",
        "equipment_number": "764866",
        "section": "Central"
      },
      "geometry": {
        "type": "LineString",
        "coordinates": [
          [
            -4.231472,
            55.832966
          ],
          [
            -4.233675,
            55.833734
          ]
        ]
      }
    },
    {
      "type": "Feature",
      "properties": {
        "name": "423 T",
        "type": "Tracks",
        "notes": "",
        "colour": "#ffea00",
        "equipment_number": "764864",
        "section": "Central"
      },
      "geometry": {
        "type": "LineString",
        "coordinates": [
          [
            -4.228304,
            55.831914
          ],
          [
            -4.22797,
            55.831802
          ],
          [
            -4.227617,
            55.8317
          ],
          [
            -4.22797,
            55.831802
          ],
          [
            -4.228448,
            55.83194
          ],
          [
            -4.228624,
            55.831994
          ],
          [
            -4.228826,
            55.832055
          ],
          [
            -4.228932,
            55.83209
          ]
        ]
      }
    },
    {
      "type": "Feature",
      "properties": {
        "name": "422 T",
        "type": "Tracks",
        "notes": "",
        "colour": "#0288d1",
        "equipment_number": "764865",
        "section": "Central"
      },
      "geometry": {
        "type": "LineString",
        "coordinates": [
          [
            -4.228932,
            55.83209
          ],
          [
            -4.229508,
            55.83228
          ],
          [
            -4.230203,
            55.832521
          ],
          [
            -4.231472,
            55.832966
          ]
        ]
      }
    },
    {
      "type": "Feature",
      "properties": {
        "name": "420 T",
        "type": "Tracks",
        "notes": "",
        "colour": "#7cb342",
        "equipment_number": "1388043",
        "section": "Central"
      },
      "geometry": {
        "type": "LineString",
        "coordinates": [
          [
            -4.227485,
            55.831713
          ],
          [
            -4.228438,
            55.831987
          ],
          [
            -4.228709,
            55.832058
          ],
          [
            -4.228304,
            55.831914
          ],
          [
            -4.228708,
            55.832058
          ],
          [
            -4.229106,
            55.83221
          ]
        ]
      }
    },
    {
      "type": "Feature",
      "properties": {
        "name": "424 T",
        "type": "Tracks",
        "notes": "",
        "colour": "#0288d1",
        "equipment_number": "764863",
        "section": "Central"
      },
      "geometry": {
        "type": "LineString",
        "coordinates": [
          [
            -4.227617,
            55.8317
          ],
          [
            -4.227267,
            55.831607
          ],
          [
            -4.226903,
            55.831516
          ],
          [
            -4.226391,
            55.831401
          ],
          [
            -4.226093,
            55.831332
          ],
          [
            -4.226391,
            55.831401
          ],
          [
            -4.226875,
            55.831494
          ],
          [
            -4.226391,
            55.831401
          ],
          [
            -4.226093,
            55.831332
          ]
        ]
      }
    },
    {
      "type": "Feature",
      "properties": {
        "name": "425 T",
        "type": "Tracks",
        "notes": "",
        "colour": "#ffea00",
        "equipment_number": "764862",
        "section": "Central"
      },
      "geometry": {
        "type": "LineString",
        "coordinates": [
          [
            -4.226093,
            55.831332
          ],
          [
            -4.22568,
            55.831244
          ],
          [
            -4.225443,
            55.831183
          ],
          [
            -4.22568,
            55.831244
          ],
          [
            -4.22503,
            55.831123
          ],
          [
            -4.224527,
            55.83104
          ]
        ]
      }
    },
    {
      "type": "Feature",
      "properties": {
        "name": "426 T",
        "type": "Tracks",
        "notes": "",
        "colour": "#0288d1",
        "equipment_number": "764861",
        "section": "Central"
      },
      "geometry": {
        "type": "LineString",
        "coordinates": [
          [
            -4.221714,
            55.830669
          ],
          [
            -4.22314,
            55.830844
          ],
          [
            -4.22404,
            55.830963
          ],
          [
            -4.224527,
            55.83104
          ]
        ]
      }
    },
    {
      "type": "Feature",
      "properties": {
        "name": "427 T",
        "type": "Tracks",
        "notes": "",
        "colour": "#ffea00",
        "equipment_number": "764860",
        "section": "Central"
      },
      "geometry": {
        "type": "LineString",
        "coordinates": [
          [
            -4.219273,
            55.830422
          ],
          [
            -4.21988,
            55.830472
          ],
          [
            -4.220471,
            55.830533
          ],
          [
            -4.2211,
            55.830598
          ],
          [
            -4.221714,
            55.830669
          ]
        ]
      }
    },
    {
      "type": "Feature",
      "properties": {
        "name": "428 T",
        "type": "Tracks",
        "notes": "",
        "colour": "#0288d1",
        "equipment_number": "764850",
        "section": "Central"
      },
      "geometry": {
        "type": "LineString",
        "coordinates": [
          [
            -4.219273,
            55.830422
          ],
          [
            -4.218669,
            55.83038
          ],
          [
            -4.218059,
            55.830349
          ],
          [
            -4.218906,
            55.830366
          ],
          [
            -4.218059,
            55.830349
          ],
          [
            -4.217926,
            55.830342
          ],
          [
            -4.217614,
            55.830338
          ],
          [
            -4.217302,
            55.830346
          ],
          [
            -4.216926,
            55.830383
          ],
          [
            -4.216556,
            55.830442
          ],
          [
            -4.216926,
            55.830383
          ],
          [
            -4.217302,
            55.830346
          ],
          [
            -4.217614,
            55.830338
          ],
          [
            -4.217926,
            55.830342
          ],
          [
            -4.217167,
            55.830301
          ]
        ]
      }
    },
    {
      "type": "Feature",
      "properties": {
        "name": "438 T",
        "type": "Tracks",
        "notes": "",
        "colour": "#ffea00",
        "equipment_number": "18886839",
        "section": "Central"
      },
      "geometry": {
        "type": "LineString",
        "coordinates": [
          [
            -4.214703,
            55.830176
          ],
          [
            -4.215935,
            55.830236
          ],
          [
            -4.217167,
            55.830301
          ]
        ]
      }
    },
    {
      "type": "Feature",
      "properties": {
        "name": "439 T",
        "type": "Tracks",
        "notes": "",
        "colour": "#0288d1",
        "equipment_number": "18886832",
        "section": "Central"
      },
      "geometry": {
        "type": "LineString",
        "coordinates": [
          [
            -4.211903,
            55.8301
          ],
          [
            -4.213766,
            55.830146
          ],
          [
            -4.214703,
            55.830176
          ]
        ]
      }
    },
    {
      "type": "Feature",
      "properties": {
        "name": "441 T",
        "type": "Tracks",
        "notes": "",
        "colour": "#ffea00",
        "equipment_number": "764867",
        "section": "Central"
      },
      "geometry": {
        "type": "LineString",
        "coordinates": [
          [
            -4.211903,
            55.8301
          ],
          [
            -4.211108,
            55.830065
          ],
          [
            -4.210387,
            55.830029
          ],
          [
            -4.211108,
            55.830065
          ],
          [
            -4.211574,
            55.830128
          ]
        ]
      }
    },
    {
      "type": "Feature",
      "properties": {
        "name": "442 T",
        "type": "Tracks",
        "notes": "",
        "colour": "#0288d1",
        "equipment_number": "764856",
        "section": "Central"
      },
      "geometry": {
        "type": "LineString",
        "coordinates": [
          [
            -4.209535,
            55.829958
          ],
          [
            -4.210195,
            55.83002
          ],
          [
            -4.210387,
            55.830029
          ],
          [
            -4.210195,
            55.83002
          ],
          [
            -4.209489,
            55.829972
          ]
        ]
      }
    },
    {
      "type": "Feature",
      "properties": {
        "name": "443 T",
        "type": "Tracks",
        "notes": "",
        "colour": "#ffea00",
        "equipment_number": "764855",
        "section": "Central"
      },
      "geometry": {
        "type": "LineString",
        "coordinates": [
          [
            -4.209489,
            55.829972
          ],
          [
            -4.208876,
            55.829923
          ],
          [
            -4.208341,
            55.829876
          ],
          [
            -4.208876,
            55.829923
          ],
          [
            -4.2096,
            55.830016
          ],
          [
            -4.209943,
            55.830047
          ],
          [
            -4.210369,
            55.830077
          ]
        ]
      }
    },
    {
      "type": "Feature",
      "properties": {
        "name": "444 T",
        "type": "Tracks",
        "notes": "",
        "colour": "#0288d1",
        "equipment_number": "19777698",
        "section": "Central"
      },
      "geometry": {
        "type": "LineString",
        "coordinates": [
          [
            -4.206525,
            55.829685
          ],
          [
            -4.207479,
            55.82979
          ],
          [
            -4.208341,
            55.829876
          ]
        ]
      }
    },
    {
      "type": "Feature",
      "properties": {
        "name": "445 T",
        "type": "Tracks",
        "notes": "",
        "colour": "#ffea00",
        "equipment_number": "18886882",
        "section": "Central"
      },
      "geometry": {
        "type": "LineString",
        "coordinates": [
          [
            -4.203818,
            55.829379
          ],
          [
            -4.206525,
            55.829685
          ]
        ]
      }
    },
    {
      "type": "Feature",
      "properties": {
        "name": "446 T",
        "type": "Tracks",
        "notes": "",
        "colour": "#0288d1",
        "equipment_number": "764852",
        "section": "Central"
      },
      "geometry": {
        "type": "LineString",
        "coordinates": [
          [
            -4.199598,
            55.82894
          ],
          [
            -4.200304,
            55.828982
          ],
          [
            -4.199417,
            55.828879
          ],
          [
            -4.200304,
            55.828982
          ],
          [
            -4.201728,
            55.829138
          ],
          [
            -4.200934,
            55.829034
          ],
          [
            -4.201728,
            55.829138
          ],
          [
            -4.203818,
            55.829379
          ]
        ]
      }
    },
    {
      "type": "Feature",
      "properties": {
        "name": "447 T",
        "type": "Tracks",
        "notes": "On rust register (April 2023 version)",
        "colour": "#7cb342",
        "equipment_number": "18886880",
        "section": "Central"
      },
      "geometry": {
        "type": "LineString",
        "coordinates": [
          [
            -4.199944,
            55.828999
          ],
          [
            -4.199123,
            55.828909
          ],
          [
            -4.198806,
            55.828877
          ],
          [
            -4.199199,
            55.828909
          ],
          [
            -4.199598,
            55.82894
          ]
        ]
      }
    },
    {
      "type": "Feature",
      "properties": {
        "name": "2498(A) T",
        "type": "Tracks",
        "notes": "",
        "colour": "#ffea00",
        "equipment_number": "18886756",
        "section": "Central"
      },
      "geometry": {
        "type": "LineString",
        "coordinates": [
          [
            -4.194272,
            55.828327
          ],
          [
            -4.194861,
            55.828379
          ],
          [
            -4.19552,
            55.828445
          ],
          [
            -4.199417,
            55.828879
          ]
        ]
      }
    },
    {
      "type": "Feature",
      "properties": {
        "name": "2498(B) T",
        "type": "Tracks",
        "notes": "",
        "colour": "#0288d1",
        "equipment_number": "18822927",
        "section": "Central"
      },
      "geometry": {
        "type": "LineString",
        "coordinates": [
          [
            -4.18263,
            55.830398
          ],
          [
            -4.1832,
            55.830283
          ],
          [
            -4.183809,
            55.830144
          ],
          [
            -4.184994,
            55.829849
          ],
          [
            -4.189477,
            55.828724
          ],
          [
            -4.190081,
            55.828588
          ],
          [
            -4.190693,
            55.828479
          ],
          [
            -4.191336,
            55.828388
          ],
          [
            -4.19199,
            55.828321
          ],
          [
            -4.192576,
            55.828293
          ],
          [
            -4.193163,
            55.828283
          ],
          [
            -4.193729,
            55.828298
          ],
          [
            -4.194272,
            55.828327
          ]
        ]
      }
    },
    {
      "type": "Feature",
      "properties": {
        "name": "2496 T",
        "type": "Tracks",
        "notes": "",
        "colour": "#ffea00",
        "equipment_number": "18822928",
        "section": "Central"
      },
      "geometry": {
        "type": "LineString",
        "coordinates": [
          [
            -4.18263,
            55.830398
          ],
          [
            -4.182302,
            55.83046
          ],
          [
            -4.18146,
            55.83058
          ],
          [
            -4.180939,
            55.830635
          ],
          [
            -4.18058,
            55.830666
          ],
          [
            -4.179642,
            55.830737
          ],
          [
            -4.17785,
            55.830826
          ],
          [
            -4.175456,
            55.830959
          ],
          [
            -4.17249,
            55.83112
          ],
          [
            -4.171645,
            55.831186
          ],
          [
            -4.171264,
            55.831224
          ],
          [
            -4.170872,
            55.831272
          ],
          [
            -4.170615,
            55.831308
          ]
        ]
      }
    },
    {
      "type": "Feature",
      "properties": {
        "name": "429 T",
        "type": "Tracks",
        "notes": "",
        "colour": "#ffea00",
        "equipment_number": "18886764",
        "section": "Central"
      },
      "geometry": {
        "type": "LineString",
        "coordinates": [
          [
            -4.216097,
            55.830561
          ],
          [
            -4.216308,
            55.8305
          ],
          [
            -4.216556,
            55.830442
          ]
        ]
      }
    },
    {
      "type": "Feature",
      "properties": {
        "name": "436 T",
        "type": "Tracks",
        "notes": "",
        "colour": "#0288d1",
        "equipment_number": "18886771",
        "section": "Central"
      },
      "geometry": {
        "type": "LineString",
        "coordinates": [
          [
            -4.216097,
            55.830561
          ],
          [
            -4.215885,
            55.830632
          ],
          [
            -4.215595,
            55.830752
          ],
          [
            -4.215326,
            55.830889
          ],
          [
            -4.215079,
            55.831048
          ],
          [
            -4.214902,
            55.831195
          ],
          [
            -4.214818,
            55.831274
          ],
          [
            -4.214677,
            55.831424
          ],
          [
            -4.214564,
            55.831595
          ],
          [
            -4.214509,
            55.831685
          ],
          [
            -4.214454,
            55.831805
          ],
          [
            -4.214414,
            55.831917
          ],
          [
            -4.214378,
            55.832051
          ]
        ]
      }
    },
    {
      "type": "Feature",
      "properties": {
        "name": "434 T",
        "type": "Tracks",
        "notes": "",
        "colour": "#ffea00",
        "equipment_number": "1388058",
        "section": "Central"
      },
      "geometry": {
        "type": "LineString",
        "coordinates": [
          [
            -4.214378,
            55.832051
          ],
          [
            -4.214338,
            55.832251
          ],
          [
            -4.214302,
            55.83251
          ],
          [
            -4.214284,
            55.832689
          ],
          [
            -4.214275,
            55.832909
          ]
        ]
      }
    },
    {
      "type": "Feature",
      "properties": {
        "name": "433 T",
        "type": "Tracks",
        "notes": "",
        "colour": "#a52714",
        "equipment_number": "758013",
        "section": "Central"
      },
      "geometry": {
        "type": "LineString",
        "coordinates": [
          [
            -4.214275,
            55.832909
          ],
          [
            -4.214281,
            55.833055
          ],
          [
            -4.214315,
            55.833258
          ],
          [
            -4.214375,
            55.833492
          ],
          [
            -4.214414,
            55.833588
          ],
          [
            -4.214375,
            55.833492
          ],
          [
            -4.214191,
            55.833023
          ],
          [
            -4.214155,
            55.832871
          ],
          [
            -4.214135,
            55.832775
          ],
          [
            -4.214119,
            55.832663
          ],
          [
            -4.214097,
            55.832327
          ],
          [
            -4.214091,
            55.83218
          ]
        ]
      }
    },
    {
      "type": "Feature",
      "properties": {
        "name": "435 T",
        "type": "Tracks",
        "notes": "",
        "colour": "#7cb342",
        "equipment_number": "18886975",
        "section": "Central"
      },
      "geometry": {
        "type": "LineString",
        "coordinates": [
          [
            -4.214091,
            55.83218
          ],
          [
            -4.214073,
            55.832032
          ],
          [
            -4.214046,
            55.83188
          ],
          [
            -4.213979,
            55.831678
          ],
          [
            -4.213886,
            55.8315
          ],
          [
            -4.213592,
            55.831094
          ],
          [
            -4.213396,
            55.830907
          ],
          [
            -4.213157,
            55.830721
          ],
          [
            -4.213014,
            55.830622
          ],
          [
            -4.212927,
            55.830569
          ]
        ]
      }
    },
    {
      "type": "Feature",
      "properties": {
        "name": "437 T",
        "type": "Tracks",
        "notes": "",
        "colour": "#a52714",
        "equipment_number": "758012",
        "section": "Central"
      },
      "geometry": {
        "type": "LineString",
        "coordinates": [
          [
            -4.212927,
            55.830569
          ],
          [
            -4.2127,
            55.830448
          ],
          [
            -4.212517,
            55.830371
          ],
          [
            -4.212314,
            55.830297
          ],
          [
            -4.212085,
            55.83023
          ],
          [
            -4.211838,
            55.830174
          ],
          [
            -4.211574,
            55.830128
          ]
        ]
      }
    },
    {
      "type": "Feature",
      "properties": {
        "name": "432 T",
        "type": "Tracks",
        "notes": "",
        "colour": "#7cb342",
        "equipment_number": "758014",
        "section": "Central"
      },
      "geometry": {
        "type": "LineString",
        "coordinates": [
          [
            -4.214522,
            55.83392
          ],
          [
            -4.214471,
            55.83372
          ],
          [
            -4.214414,
            55.833588
          ],
          [
            -4.214474,
            55.833718
          ],
          [
            -4.214651,
            55.834184
          ]
        ]
      }
    },
    {
      "type": "Feature",
      "properties": {
        "name": "431 T",
        "type": "Tracks",
        "notes": "",
        "colour": "#a52714",
        "equipment_number": "1217929",
        "section": "Central"
      },
      "geometry": {
        "type": "LineString",
        "coordinates": [
          [
            -4.215109,
            55.835314
          ],
          [
            -4.214651,
            55.834184
          ]
        ]
      }
    },
    {
      "type": "Feature",
      "properties": {
        "name": "430 T",
        "type": "Tracks",
        "notes": "",
        "colour": "#7cb342",
        "section": "Central"
      },
      "geometry": {
        "type": "LineString",
        "coordinates": [
          [
            -4.215679,
            55.836672
          ],
          [
            -4.215607,
            55.836532
          ],
          [
            -4.21555,
            55.83641
          ],
          [
            -4.215109,
            55.835314
          ]
        ]
      }
    },
    {
      "type": "Feature",
      "properties": {
        "name": "499 T",
        "type": "Tracks",
        "notes": "",
        "colour": "#0288d1",
        "equipment_number": "757970",
        "section": "Central"
      },
      "geometry": {
        "type": "LineString",
        "coordinates": [
          [
            -4.211335,
            55.8302
          ],
          [
            -4.21096,
            55.830142
          ],
          [
            -4.210767,
            55.83011
          ],
          [
            -4.210517,
            55.830083
          ],
          [
            -4.210369,
            55.830077
          ],
          [
            -4.210517,
            55.830082
          ],
          [
            -4.210956,
            55.830119
          ],
          [
            -4.211219,
            55.830148
          ],
          [
            -4.211427,
            55.830181
          ],
          [
            -4.211681,
            55.830229
          ],
          [
            -4.211936,
            55.830297
          ],
          [
            -4.212154,
            55.830368
          ],
          [
            -4.21231,
            55.830426
          ],
          [
            -4.212518,
            55.83052
          ],
          [
            -4.212735,
            55.830639
          ],
          [
            -4.212869,
            55.830723
          ],
          [
            -4.21302,
            55.830835
          ]
        ]
      }
    },
    {
      "type": "Feature",
      "properties": {
        "name": "498 T",
        "type": "Tracks",
        "notes": "",
        "colour": "#ffea00",
        "equipment_number": "757971",
        "section": "Central"
      },
      "geometry": {
        "type": "LineString",
        "coordinates": [
          [
            -4.21302,
            55.830835
          ],
          [
            -4.213146,
            55.830939
          ],
          [
            -4.213249,
            55.831046
          ],
          [
            -4.213599,
            55.831468
          ],
          [
            -4.213682,
            55.831611
          ],
          [
            -4.21376,
            55.831761
          ],
          [
            -4.213822,
            55.831914
          ],
          [
            -4.213887,
            55.832137
          ],
          [
            -4.214043,
            55.832756
          ],
          [
            -4.21407,
            55.832836
          ]
        ]
      }
    },
    {
      "type": "Feature",
      "properties": {
        "name": "497 T",
        "type": "Tracks",
        "notes": "",
        "colour": "#0288d1",
        "equipment_number": "757993",
        "section": "Central"
      },
      "geometry": {
        "type": "LineString",
        "coordinates": [
          [
            -4.21407,
            55.832836
          ],
          [
            -4.2142,
            55.833199
          ],
          [
            -4.214377,
            55.833628
          ],
          [
            -4.214589,
            55.834154
          ],
          [
            -4.214522,
            55.83392
          ],
          [
            -4.214589,
            55.834154
          ],
          [
            -4.214744,
            55.834552
          ]
        ]
      }
    },
    {
      "type": "Feature",
      "properties": {
        "name": "496 T",
        "type": "Tracks",
        "notes": "",
        "colour": "#ffea00",
        "equipment_number": "1388051",
        "section": "Central"
      },
      "geometry": {
        "type": "LineString",
        "coordinates": [
          [
            -4.214744,
            55.834552
          ],
          [
            -4.215033,
            55.83527
          ]
        ]
      }
    },
    {
      "type": "Feature",
      "properties": {
        "name": "495 T",
        "type": "Tracks",
        "notes": "",
        "colour": "#0288d1",
        "section": "Central"
      },
      "geometry": {
        "type": "LineString",
        "coordinates": [
          [
            -4.215128,
            55.83562
          ],
          [
            -4.215086,
            55.835407
          ],
          [
            -4.215033,
            55.83527
          ],
          [
            -4.215086,
            55.835406
          ],
          [
            -4.215447,
            55.836305
          ],
          [
            -4.215528,
            55.836481
          ],
          [
            -4.215611,
            55.83665
          ],
          [
            -4.215736,
            55.836861
          ],
          [
            -4.215868,
            55.837052
          ],
          [
            -4.216079,
            55.837314
          ],
          [
            -4.216356,
            55.837653
          ]
        ]
      }
    },
    {
      "type": "Feature",
      "properties": {
        "name": "494 T",
        "type": "Tracks",
        "notes": "",
        "colour": "#ffea00",
        "section": "Central"
      },
      "geometry": {
        "type": "LineString",
        "coordinates": [
          [
            -4.216356,
            55.837653
          ],
          [
            -4.21651,
            55.837871
          ],
          [
            -4.216601,
            55.838013
          ],
          [
            -4.216726,
            55.838235
          ],
          [
            -4.21683,
            55.838472
          ],
          [
            -4.216955,
            55.838804
          ],
          [
            -4.217042,
            55.839126
          ],
          [
            -4.217084,
            55.839328
          ]
        ]
      }
    },
    {
      "type": "Feature",
      "properties": {
        "name": "490 T",
        "type": "Tracks",
        "notes": "",
        "colour": "#0288d1",
        "section": "Central"
      },
      "geometry": {
        "type": "LineString",
        "coordinates": [
          [
            -4.217256,
            55.840666
          ],
          [
            -4.217184,
            55.840038
          ],
          [
            -4.217151,
            55.839729
          ],
          [
            -4.217115,
            55.839486
          ],
          [
            -4.217084,
            55.839328
          ]
        ]
      }
    },
    {
      "type": "Feature",
      "properties": {
        "name": "480 T",
        "type": "Tracks",
        "notes": "",
        "colour": "#ffea00",
        "section": "Central"
      },
      "geometry": {
        "type": "LineString",
        "coordinates": [
          [
            -4.217256,
            55.840666
          ],
          [
            -4.217404,
            55.841919
          ]
        ]
      }
    },
    {
      "type": "Feature",
      "properties": {
        "name": "471 T",
        "type": "Tracks",
        "notes": "",
        "colour": "#0288d1",
        "equipment_number": "1217928",
        "section": "Central"
      },
      "geometry": {
        "type": "LineString",
        "coordinates": [
          [
            -4.218662,
            55.843778
          ],
          [
            -4.218307,
            55.843507
          ],
          [
            -4.217948,
            55.84317
          ],
          [
            -4.21772,
            55.84293
          ],
          [
            -4.217578,
            55.842677
          ],
          [
            -4.217514,
            55.842435
          ],
          [
            -4.217404,
            55.841919
          ]
        ]
      }
    },
    {
      "type": "Feature",
      "properties": {
        "name": "459 T",
        "type": "Tracks",
        "notes": "On rust register (April 2023 version)",
        "colour": "#7cb342",
        "equipment_number": "757957",
        "section": "Central"
      },
      "geometry": {
        "type": "LineString",
        "coordinates": [
          [
            -4.211335,
            55.8302
          ],
          [
            -4.211614,
            55.830257
          ],
          [
            -4.211992,
            55.830365
          ],
          [
            -4.212276,
            55.83047
          ],
          [
            -4.212526,
            55.830591
          ],
          [
            -4.212721,
            55.830702
          ],
          [
            -4.212917,
            55.830852
          ],
          [
            -4.213086,
            55.831002
          ],
          [
            -4.213204,
            55.831121
          ],
          [
            -4.213333,
            55.831286
          ],
          [
            -4.213386,
            55.831401
          ]
        ]
      }
    },
    {
      "type": "Feature",
      "properties": {
        "name": "452 T",
        "type": "Tracks",
        "notes": "On rust register (April 2023 version)",
        "colour": "#a52714",
        "equipment_number": "757983",
        "section": "Central"
      },
      "geometry": {
        "type": "LineString",
        "coordinates": [
          [
            -4.213542,
            55.832038
          ],
          [
            -4.213502,
            55.83185
          ],
          [
            -4.213569,
            55.832044
          ],
          [
            -4.213502,
            55.83185
          ],
          [
            -4.213472,
            55.831693
          ],
          [
            -4.213432,
            55.831524
          ],
          [
            -4.213593,
            55.831903
          ],
          [
            -4.213432,
            55.831524
          ],
          [
            -4.213386,
            55.831401
          ]
        ]
      }
    },
    {
      "type": "Feature",
      "properties": {
        "name": "450 T",
        "type": "Tracks",
        "notes": "On rust register (April 2023 version)",
        "colour": "#7cb342",
        "equipment_number": "758011",
        "section": "Central"
      },
      "geometry": {
        "type": "LineString",
        "coordinates": [
          [
            -4.214687,
            55.834611
          ],
          [
            -4.213593,
            55.831903
          ]
        ]
      }
    },
    {
      "type": "Feature",
      "properties": {
        "name": "440 T",
        "type": "Tracks",
        "notes": "",
        "colour": "#a52714",
        "section": "Central"
      },
      "geometry": {
        "type": "LineString",
        "coordinates": [
          [
            -4.21501,
            55.835428
          ],
          [
            -4.215227,
            55.835981
          ],
          [
            -4.215178,
            55.835856
          ],
          [
            -4.215128,
            55.83562
          ]
        ]
      }
    },
    {
      "type": "Feature",
      "properties": {
        "name": "3616 T",
        "type": "Tracks",
        "notes": "",
        "colour": "#a52714",
        "equipment_number": "2560240",
        "section": "Central"
      },
      "geometry": {
        "type": "LineString",
        "coordinates": [
          [
            -4.2667107,
            55.8491787
          ],
          [
            -4.267239,
            55.849067
          ],
          [
            -4.2670735,
            55.8491009
          ],
          [
            -4.266767,
            55.849186
          ]
        ]
      }
    },
    {
      "type": "Feature",
      "properties": {
        "name": "3482 T",
        "type": "Tracks",
        "notes": "",
        "colour": "#ffea00",
        "equipment_number": "2557164",
        "section": "Central"
      },
      "geometry": {
        "type": "LineString",
        "coordinates": [
          [
            -4.2603258,
            55.8504423
          ],
          [
            -4.2602342,
            55.8506904
          ],
          [
            -4.260203,
            55.850766
          ],
          [
            -4.2602342,
            55.8506904
          ],
          [
            -4.260292,
            55.850444
          ]
        ]
      }
    },
    {
      "type": "Feature",
      "properties": {
        "name": "3577 T",
        "type": "Tracks",
        "notes": "On rust register (April 2023 version)",
        "colour": "#ffea00",
        "equipment_number": "2557182",
        "section": "Central"
      },
      "geometry": {
        "type": "LineString",
        "coordinates": [
          [
            -4.260059,
            55.852876
          ],
          [
            -4.259998,
            55.853078
          ],
          [
            -4.259939,
            55.853244
          ],
          [
            -4.2599,
            55.853352
          ]
        ]
      }
    },
    {
      "type": "Feature",
      "properties": {
        "name": "3727 T",
        "type": "Tracks",
        "notes": "",
        "colour": "#ffd600",
        "equipment_number": "3167808",
        "section": "Central"
      },
      "geometry": {
        "type": "LineString",
        "coordinates": [
          [
            -4.288044,
            55.847624
          ],
          [
            -4.2874,
            55.847592
          ],
          [
            -4.286884,
            55.847572
          ],
          [
            -4.28639,
            55.847563
          ],
          [
            -4.28538,
            55.847568
          ],
          [
            -4.284754,
            55.847569
          ],
          [
            -4.28348,
            55.847565
          ],
          [
            -4.283195,
            55.84757
          ],
          [
            -4.282964,
            55.847581
          ],
          [
            -4.28269,
            55.847603
          ],
          [
            -4.282161,
            55.847663
          ],
          [
            -4.281829,
            55.8477
          ],
          [
            -4.281548,
            55.84772
          ],
          [
            -4.281169,
            55.847722
          ],
          [
            -4.280886,
            55.847708
          ],
          [
            -4.28051,
            55.847668
          ]
        ]
      }
    },
    {
      "type": "Feature",
      "properties": {
        "name": "592 T",
        "type": "Tracks",
        "notes": "",
        "colour": "#a52714",
        "equipment_number": "764444",
        "section": "Central"
      },
      "geometry": {
        "type": "LineString",
        "coordinates": [
          [
            -4.2424675,
            55.8365675
          ],
          [
            -4.244189,
            55.837179
          ]
        ]
      }
    },
    {
      "type": "Feature",
      "properties": {
        "name": "3545 T",
        "type": "Tracks",
        "notes": "",
        "colour": "#7cb342",
        "equipment_number": "2559168",
        "section": "Central"
      },
      "geometry": {
        "type": "LineString",
        "coordinates": [
          [
            -4.2597232,
            55.8534561
          ],
          [
            -4.25986,
            55.853079
          ]
        ]
      }
    },
    {
      "type": "Feature",
      "properties": {
        "name": "683 T",
        "type": "Tracks",
        "notes": "",
        "colour": "#a52714",
        "equipment_number": "758021",
        "section": "Central"
      },
      "geometry": {
        "type": "LineString",
        "coordinates": [
          [
            -4.3214248,
            55.8367962
          ],
          [
            -4.318948,
            55.838318
          ]
        ]
      }
    },
    {
      "type": "Feature",
      "properties": {
        "name": "685 T",
        "type": "Tracks",
        "notes": "",
        "colour": "#ffea00",
        "equipment_number": "758010",
        "section": "Central"
      },
      "geometry": {
        "type": "LineString",
        "coordinates": [
          [
            -4.3214905,
            55.8368226
          ],
          [
            -4.3195164,
            55.8380215
          ],
          [
            -4.318995,
            55.838335
          ]
        ]
      }
    },
    {
      "type": "Feature",
      "properties": {
        "name": "689 T",
        "type": "Tracks",
        "notes": "",
        "colour": "#a52714",
        "equipment_number": "1388050",
        "section": "Central"
      },
      "geometry": {
        "type": "LineString",
        "coordinates": [
          [
            -4.3215602,
            55.83687
          ],
          [
            -4.3206858,
            55.8373919
          ]
        ]
      }
    },
    {
      "type": "Feature",
      "properties": {
        "name": "705 T",
        "type": "Tracks",
        "notes": "",
        "colour": "#7cb342",
        "equipment_number": "1388027",
        "section": "Central"
      },
      "geometry": {
        "type": "LineString",
        "coordinates": [
          [
            -4.3206027,
            55.83748
          ],
          [
            -4.3203559,
            55.837593
          ],
          [
            -4.3206858,
            55.8373919
          ],
          [
            -4.3203573,
            55.8375922
          ],
          [
            -4.3194668,
            55.8381247
          ]
        ]
      }
    },
    {
      "type": "Feature",
      "properties": {
        "name": "681 T",
        "type": "Tracks",
        "notes": "",
        "colour": "#a52714",
        "equipment_number": "758023",
        "section": "Central"
      },
      "geometry": {
        "type": "LineString",
        "coordinates": [
          [
            -4.3192388,
            55.838267
          ],
          [
            -4.3194668,
            55.8381247
          ],
          [
            -4.3192763,
            55.8382271
          ],
          [
            -4.319026,
            55.838352
          ]
        ]
      }
    },
    {
      "type": "Feature",
      "properties": {
        "name": "3807 T",
        "type": "Tracks",
        "notes": "",
        "colour": "#a52714",
        "equipment_number": "757201",
        "section": "Central"
      },
      "geometry": {
        "type": "LineString",
        "coordinates": [
          [
            -4.292931,
            55.847384
          ],
          [
            -4.293349,
            55.847341
          ],
          [
            -4.293216,
            55.847353
          ],
          [
            -4.292952,
            55.847361
          ]
        ]
      }
    },
    {
      "type": "Feature",
      "properties": {
        "name": "3806 T",
        "type": "Tracks",
        "notes": "",
        "colour": "#7cb342",
        "equipment_number": "757202",
        "section": "Central"
      },
      "geometry": {
        "type": "LineString",
        "coordinates": [
          [
            -4.292952,
            55.847361
          ],
          [
            -4.292488,
            55.847372
          ],
          [
            -4.292726,
            55.847367
          ],
          [
            -4.293343,
            55.847309
          ]
        ]
      }
    },
    {
      "type": "Feature",
      "properties": {
        "name": "3094 T",
        "type": "Tracks",
        "notes": "",
        "colour": "#ffea00",
        "equipment_number": "2562276",
        "section": "Central"
      },
      "geometry": {
        "type": "LineString",
        "coordinates": [
          [
            -4.258267,
            55.857461
          ],
          [
            -4.258269,
            55.8572937
          ],
          [
            -4.2582851,
            55.8571477
          ],
          [
            -4.258295,
            55.85709
          ]
        ]
      }
    },
    {
      "type": "Feature",
      "properties": {
        "name": "GC5053 Q",
        "type": "Treadle",
        "notes": "",
        "equipment_number": "7895496",
        "section": "Central"
      },
      "geometry": {
        "type": "Point",
        "coordinates": [
          -4.3212541,
          55.7910747
        ]
      }
    },
    {
      "type": "Feature",
      "properties": {
        "name": "4332(X)",
        "type": "Axle Counters",
        "notes": "",
        "colour": "#a1c2fa",
        "equipment_number": [
          {
            "number": "7887613",
            "name": "4332"
          },
          {
            "number": "7887614",
            "name": "4332/4333"
          }
        ],
        "section": "Central"
      },
      "geometry": {
        "type": "LineString",
        "coordinates": [
          [
            -4.263033,
            55.844437
          ],
          [
            -4.263231,
            55.844166
          ],
          [
            -4.263349,
            55.844014
          ],
          [
            -4.263539,
            55.843788
          ],
          [
            -4.263746,
            55.843584
          ]
        ]
      }
    },
    {
      "type": "Feature",
      "properties": {
        "name": "4333(X)",
        "type": "Axle Counters",
        "notes": "",
        "colour": "#ffff8d",
        "equipment_number": [
          {
            "number": "7887614",
            "name": "4332/4333"
          },
          {
            "number": "7887615",
            "name": "4333/4334"
          }
        ],
        "section": "Central"
      },
      "geometry": {
        "type": "LineString",
        "coordinates": [
          [
            -4.263746,
            55.843584
          ],
          [
            -4.263949,
            55.843409
          ],
          [
            -4.26413,
            55.843263
          ],
          [
            -4.26435,
            55.843103
          ],
          [
            -4.264698,
            55.842908
          ],
          [
            -4.265031,
            55.842737
          ],
          [
            -4.265296,
            55.842621
          ],
          [
            -4.265495,
            55.842545
          ],
          [
            -4.265586,
            55.84251
          ]
        ]
      }
    },
    {
      "type": "Feature",
      "properties": {
        "name": "4334(X)",
        "type": "Axle Counters",
        "notes": "",
        "colour": "#a1c2fa",
        "equipment_number": [
          {
            "number": "7887615",
            "name": "4333/4334"
          },
          {
            "number": "7887620",
            "name": "4334/(671"
          },
          {
            "number": "7887616",
            "name": "4334/4335"
          },
          {
            "number": "7895381",
            "name": "4334/4451"
          }
        ],
        "section": "Central"
      },
      "geometry": {
        "type": "LineString",
        "coordinates": [
          [
            -4.265586,
            55.84251
          ],
          [
            -4.265915,
            55.842388
          ],
          [
            -4.266116,
            55.842326
          ],
          [
            -4.266395,
            55.842236
          ],
          [
            -4.266152,
            55.84233
          ],
          [
            -4.266398,
            55.842235
          ],
          [
            -4.266882,
            55.842084
          ],
          [
            -4.267091,
            55.842019
          ],
          [
            -4.266882,
            55.842084
          ],
          [
            -4.267149,
            55.841978
          ],
          [
            -4.267343,
            55.841891
          ],
          [
            -4.267513,
            55.84181
          ],
          [
            -4.267629,
            55.841752
          ],
          [
            -4.267772,
            55.841673
          ],
          [
            -4.267916,
            55.841583
          ],
          [
            -4.268064,
            55.841485
          ]
        ]
      }
    },
    {
      "type": "Feature",
      "properties": {
        "name": "4551(X)",
        "type": "Axle Counters",
        "notes": "",
        "colour": "#a1c2fa",
        "equipment_number": [
          {
            "number": "7889983",
            "name": "4527/4551"
          },
          {
            "number": "7896020",
            "name": "4527/4551"
          },
          {
            "number": "7896338",
            "name": "4527/4551"
          },
          {
            "number": "7889982",
            "name": "4551/4552"
          },
          {
            "number": "7896032",
            "name": "4551/4552"
          }
        ],
        "section": "Central"
      },
      "geometry": {
        "type": "LineString",
        "coordinates": [
          [
            -4.268064,
            55.841485
          ],
          [
            -4.268182,
            55.841405
          ],
          [
            -4.268359,
            55.841254
          ],
          [
            -4.268512,
            55.841106
          ],
          [
            -4.268652,
            55.84095
          ],
          [
            -4.269362,
            55.839995
          ],
          [
            -4.269545,
            55.839721
          ],
          [
            -4.269679,
            55.839475
          ],
          [
            -4.269757,
            55.839258
          ],
          [
            -4.269805,
            55.838904
          ],
          [
            -4.269762,
            55.838468
          ],
          [
            -4.269711,
            55.837963
          ]
        ]
      }
    },
    {
      "type": "Feature",
      "properties": {
        "name": "4412(X)",
        "type": "Axle Counters",
        "notes": "",
        "colour": "#c5e1a5",
        "equipment_number": [
          {
            "number": "7890088",
            "name": "4411/4412"
          },
          {
            "number": "7890087",
            "name": "4412/4413"
          }
        ],
        "section": "Central"
      },
      "geometry": {
        "type": "LineString",
        "coordinates": [
          [
            -4.269839,
            55.83865
          ],
          [
            -4.269851,
            55.838843
          ],
          [
            -4.269843,
            55.839048
          ],
          [
            -4.269815,
            55.839206
          ],
          [
            -4.269768,
            55.83939
          ],
          [
            -4.269721,
            55.839511
          ],
          [
            -4.269646,
            55.839676
          ],
          [
            -4.269301,
            55.840336
          ],
          [
            -4.269139,
            55.840614
          ],
          [
            -4.269056,
            55.840736
          ],
          [
            -4.268921,
            55.840896
          ],
          [
            -4.268711,
            55.841112
          ],
          [
            -4.268533,
            55.841259
          ]
        ]
      }
    },
    {
      "type": "Feature",
      "properties": {
        "name": "4411(X)",
        "type": "Axle Counters",
        "notes": "",
        "colour": "#eda29b",
        "equipment_number": [
          {
            "number": "7890089",
            "name": "4335/4411"
          },
          {
            "number": "7890088",
            "name": "4411/4412"
          }
        ],
        "section": "Central"
      },
      "geometry": {
        "type": "LineString",
        "coordinates": [
          [
            -4.267866,
            55.841674
          ],
          [
            -4.268226,
            55.841466
          ],
          [
            -4.268533,
            55.841259
          ]
        ]
      }
    },
    {
      "type": "Feature",
      "properties": {
        "name": "4335(X)",
        "type": "Axle Counters",
        "notes": "",
        "colour": "#c5e1a5",
        "equipment_number": [
          {
            "number": "7887616",
            "name": "4334/4335"
          },
          {
            "number": "7887622",
            "name": "4335/(673"
          },
          {
            "number": "7887617",
            "name": "4335/4336"
          },
          {
            "number": "7890089",
            "name": "4335/4411"
          }
        ],
        "section": "Central"
      },
      "geometry": {
        "type": "LineString",
        "coordinates": [
          [
            -4.267866,
            55.841674
          ],
          [
            -4.267351,
            55.841932
          ],
          [
            -4.267091,
            55.842019
          ],
          [
            -4.267351,
            55.841932
          ],
          [
            -4.267643,
            55.841827
          ],
          [
            -4.26786,
            55.841733
          ],
          [
            -4.267643,
            55.841827
          ],
          [
            -4.267351,
            55.841932
          ],
          [
            -4.267164,
            55.842012
          ]
        ]
      }
    },
    {
      "type": "Feature",
      "properties": {
        "name": "4303(X)",
        "type": "Axle Counters",
        "notes": "",
        "colour": "#eda29b",
        "equipment_number": [
          {
            "number": "7887610",
            "name": "4302/4303"
          },
          {
            "number": "7887621",
            "name": "4303/(673"
          },
          {
            "number": "7887611",
            "name": "4303/4304"
          }
        ],
        "section": "Central"
      },
      "geometry": {
        "type": "LineString",
        "coordinates": [
          [
            -4.267164,
            55.842012
          ],
          [
            -4.266869,
            55.842122
          ],
          [
            -4.266589,
            55.842212
          ],
          [
            -4.266868,
            55.842122
          ],
          [
            -4.267327,
            55.841977
          ],
          [
            -4.267614,
            55.841876
          ],
          [
            -4.267769,
            55.841813
          ]
        ]
      }
    },
    {
      "type": "Feature",
      "properties": {
        "name": "4302(X)",
        "type": "Axle Counters",
        "notes": "",
        "colour": "#c5e1a5",
        "equipment_number": [
          {
            "number": "7887609",
            "name": "4301/4302"
          },
          {
            "number": "7887619",
            "name": "4302/(671"
          },
          {
            "number": "7887610",
            "name": "4302/4303"
          }
        ],
        "section": "Central"
      },
      "geometry": {
        "type": "LineString",
        "coordinates": [
          [
            -4.266589,
            55.842212
          ],
          [
            -4.265986,
            55.842403
          ],
          [
            -4.265859,
            55.842446
          ],
          [
            -4.266152,
            55.84233
          ],
          [
            -4.265859,
            55.842447
          ],
          [
            -4.265693,
            55.842505
          ]
        ]
      }
    },
    {
      "type": "Feature",
      "properties": {
        "name": "4301(X)",
        "type": "Axle Counters",
        "notes": "",
        "colour": "#eda29b",
        "equipment_number": [
          {
            "number": "7887608",
            "name": "4301"
          },
          {
            "number": "7887609",
            "name": "4301/4302"
          }
        ],
        "section": "Central"
      },
      "geometry": {
        "type": "LineString",
        "coordinates": [
          [
            -4.265693,
            55.842505
          ],
          [
            -4.265368,
            55.842632
          ],
          [
            -4.265101,
            55.842752
          ],
          [
            -4.264829,
            55.842869
          ],
          [
            -4.264605,
            55.842997
          ]
        ]
      }
    },
    {
      "type": "Feature",
      "properties": {
        "name": "4336(X)",
        "type": "Axle Counters",
        "notes": "",
        "colour": "#a1c2fa",
        "equipment_number": [
          {
            "number": "7887617",
            "name": "4335/4336"
          },
          {
            "number": "7887618",
            "name": "4336/4337"
          }
        ],
        "section": "Central"
      },
      "geometry": {
        "type": "LineString",
        "coordinates": [
          [
            -4.26786,
            55.841733
          ],
          [
            -4.268089,
            55.841623
          ],
          [
            -4.26827,
            55.841516
          ],
          [
            -4.268383,
            55.841443
          ],
          [
            -4.268609,
            55.841295
          ],
          [
            -4.268862,
            55.841083
          ],
          [
            -4.269045,
            55.840907
          ],
          [
            -4.269253,
            55.84068
          ],
          [
            -4.269371,
            55.840545
          ]
        ]
      }
    },
    {
      "type": "Feature",
      "properties": {
        "name": "4337(X)",
        "type": "Axle Counters",
        "notes": "",
        "colour": "#ffff8d",
        "equipment_number": [
          {
            "number": "7887618",
            "name": "4336/4337"
          },
          {
            "number": "7896410",
            "name": "4337/(678R)"
          },
          {
            "number": "7896411",
            "name": "4337/(681R)"
          },
          {
            "number": "7896412",
            "name": "4337/4338"
          }
        ],
        "section": "Central"
      },
      "geometry": {
        "type": "LineString",
        "coordinates": [
          [
            -4.269371,
            55.840545
          ],
          [
            -4.269835,
            55.840021
          ],
          [
            -4.269669,
            55.840245
          ],
          [
            -4.269835,
            55.840023
          ],
          [
            -4.27007,
            55.839751
          ],
          [
            -4.270196,
            55.83963
          ],
          [
            -4.27007,
            55.839752
          ],
          [
            -4.270396,
            55.839367
          ]
        ]
      }
    },
    {
      "type": "Feature",
      "properties": {
        "name": "4338(X)",
        "type": "Axle Counters",
        "notes": "",
        "colour": "#a1c2fa",
        "equipment_number": [
          {
            "number": "7896412",
            "name": "4337/4338"
          },
          {
            "number": "7896413",
            "name": "4338/4342"
          }
        ],
        "section": "Central"
      },
      "geometry": {
        "type": "LineString",
        "coordinates": [
          [
            -4.270396,
            55.839367
          ],
          [
            -4.270553,
            55.839189
          ],
          [
            -4.270691,
            55.839057
          ],
          [
            -4.270788,
            55.838972
          ],
          [
            -4.270929,
            55.838859
          ],
          [
            -4.271193,
            55.838674
          ],
          [
            -4.271386,
            55.838553
          ],
          [
            -4.271909,
            55.838268
          ],
          [
            -4.271982,
            55.838234
          ]
        ]
      }
    },
    {
      "type": "Feature",
      "properties": {
        "name": "4342(X)",
        "type": "Axle Counters",
        "notes": "",
        "colour": "#ffff8d",
        "equipment_number": [
          {
            "number": "7896413",
            "name": "4338/4342"
          },
          {
            "number": "7887603",
            "name": "4342/(682"
          },
          {
            "number": "7887604",
            "name": "4342/(682"
          },
          {
            "number": "7890372",
            "name": "4342/(684"
          },
          {
            "number": "7890360",
            "name": "4342/4343"
          }
        ],
        "section": "Central"
      },
      "geometry": {
        "type": "LineString",
        "coordinates": [
          [
            -4.271982,
            55.838234
          ],
          [
            -4.272232,
            55.838122
          ],
          [
            -4.27273,
            55.837929
          ],
          [
            -4.27219,
            55.838115
          ],
          [
            -4.271692,
            55.838293
          ],
          [
            -4.271386,
            55.838421
          ],
          [
            -4.271115,
            55.838521
          ],
          [
            -4.271386,
            55.838421
          ],
          [
            -4.271692,
            55.838293
          ],
          [
            -4.271096,
            55.838504
          ],
          [
            -4.271692,
            55.838293
          ],
          [
            -4.272191,
            55.838115
          ],
          [
            -4.27273,
            55.837929
          ],
          [
            -4.27319,
            55.837763
          ],
          [
            -4.27349,
            55.837677
          ],
          [
            -4.27319,
            55.837763
          ],
          [
            -4.274169,
            55.837424
          ]
        ]
      }
    },
    {
      "type": "Feature",
      "properties": {
        "name": "4343(X)",
        "type": "Axle Counters",
        "notes": "",
        "colour": "#a1c2fa",
        "equipment_number": [
          {
            "number": "7890360",
            "name": "4342/4343"
          },
          {
            "number": "7890361",
            "name": "4343/4345"
          }
        ],
        "section": "Central"
      },
      "geometry": {
        "type": "LineString",
        "coordinates": [
          [
            -4.274169,
            55.837424
          ],
          [
            -4.275537,
            55.836947
          ],
          [
            -4.276679,
            55.836545
          ],
          [
            -4.280083,
            55.835354
          ]
        ]
      }
    },
    {
      "type": "Feature",
      "properties": {
        "name": "4362(X)",
        "type": "Axle Counters",
        "notes": "",
        "colour": "#eda29b",
        "equipment_number": [
          {
            "number": "9199222",
            "name": "4362"
          },
          {
            "number": "9199221",
            "name": "4362/4304"
          }
        ],
        "section": "Central"
      },
      "geometry": {
        "type": "LineString",
        "coordinates": [
          [
            -4.268637,
            55.841871
          ],
          [
            -4.269005,
            55.841184
          ],
          [
            -4.269123,
            55.840998
          ]
        ]
      }
    },
    {
      "type": "Feature",
      "properties": {
        "name": "4304(X)",
        "type": "Axle Counters",
        "notes": "",
        "colour": "#c5e1a5",
        "equipment_number": [
          {
            "number": "7887611",
            "name": "4303/4304"
          },
          {
            "number": "7887612",
            "name": "4304/4305"
          },
          {
            "number": "9199221",
            "name": "4362/4304"
          }
        ],
        "section": "Central"
      },
      "geometry": {
        "type": "LineString",
        "coordinates": [
          [
            -4.267769,
            55.841813
          ],
          [
            -4.26815,
            55.841637
          ],
          [
            -4.268362,
            55.841512
          ],
          [
            -4.268652,
            55.841317
          ],
          [
            -4.268832,
            55.84117
          ],
          [
            -4.269022,
            55.840997
          ],
          [
            -4.269354,
            55.840643
          ],
          [
            -4.269449,
            55.840527
          ],
          [
            -4.269354,
            55.840643
          ],
          [
            -4.269123,
            55.840998
          ]
        ]
      }
    },
    {
      "type": "Feature",
      "properties": {
        "name": "4305(X)",
        "type": "Axle Counters",
        "notes": "",
        "colour": "#eda29b",
        "equipment_number": [
          {
            "number": "7887612",
            "name": "4304/4305"
          },
          {
            "number": "7896405",
            "name": "4305/(678R)"
          },
          {
            "number": "7896406",
            "name": "4305/4306"
          }
        ],
        "section": "Central"
      },
      "geometry": {
        "type": "LineString",
        "coordinates": [
          [
            -4.269948,
            55.83996
          ],
          [
            -4.269446,
            55.84053
          ],
          [
            -4.269476,
            55.840499
          ],
          [
            -4.269666,
            55.840248
          ]
        ]
      }
    },
    {
      "type": "Feature",
      "properties": {
        "name": "4306(X)",
        "type": "Axle Counters",
        "notes": "",
        "colour": "#c5e1a5",
        "equipment_number": [
          {
            "number": "7896406",
            "name": "4305/4306"
          },
          {
            "number": "7896407",
            "name": "4306/4307"
          },
          {
            "number": "7895384",
            "name": "4306/4472"
          }
        ],
        "section": "Central"
      },
      "geometry": {
        "type": "LineString",
        "coordinates": [
          [
            -4.270936,
            55.8390204
          ],
          [
            -4.270831,
            55.839115
          ],
          [
            -4.270421,
            55.839468
          ],
          [
            -4.270056,
            55.83984
          ],
          [
            -4.269948,
            55.83996
          ],
          [
            -4.270056,
            55.83984
          ],
          [
            -4.270195,
            55.839667
          ]
        ]
      }
    },
    {
      "type": "Feature",
      "properties": {
        "name": "4307(X)",
        "type": "Axle Counters",
        "notes": "",
        "colour": "#eda29b",
        "equipment_number": [
          {
            "number": "7896407",
            "name": "4306/4307"
          },
          {
            "number": "7896408",
            "name": "4307/(681"
          },
          {
            "number": "7896409",
            "name": "4307/4308"
          },
          {
            "number": "7890091",
            "name": "4307/4435"
          }
        ],
        "section": "Central"
      },
      "geometry": {
        "type": "LineString",
        "coordinates": [
          [
            -4.272937,
            55.837894
          ],
          [
            -4.272551,
            55.83804
          ],
          [
            -4.272135,
            55.838212
          ],
          [
            -4.27173,
            55.838404
          ],
          [
            -4.271349,
            55.838621
          ],
          [
            -4.271022,
            55.838838
          ],
          [
            -4.27077,
            55.839046
          ],
          [
            -4.270593,
            55.839206
          ],
          [
            -4.270421,
            55.839403
          ],
          [
            -4.270195,
            55.839667
          ],
          [
            -4.270421,
            55.839403
          ],
          [
            -4.270196,
            55.83963
          ],
          [
            -4.270421,
            55.839403
          ],
          [
            -4.270777,
            55.839093
          ]
        ]
      }
    },
    {
      "type": "Feature",
      "properties": {
        "name": "4308(X)",
        "type": "Axle Counters",
        "notes": "",
        "colour": "#c5e1a5",
        "equipment_number": [
          {
            "number": "7896409",
            "name": "4307/4308"
          },
          {
            "number": "7890371",
            "name": "4308/(684"
          }
        ],
        "section": "Central"
      },
      "geometry": {
        "type": "LineString",
        "coordinates": [
          [
            -4.274664,
            55.837288
          ],
          [
            -4.273792,
            55.83759
          ],
          [
            -4.27349,
            55.837677
          ],
          [
            -4.273792,
            55.83759
          ],
          [
            -4.272937,
            55.837894
          ]
        ]
      }
    },
    {
      "type": "Feature",
      "properties": {
        "name": "4311(X)",
        "type": "Axle Counters",
        "notes": "",
        "colour": "#eda29b",
        "equipment_number": [
          {
            "number": "7890351",
            "name": "4311/4312"
          }
        ],
        "section": "Central"
      },
      "geometry": {
        "type": "LineString",
        "coordinates": [
          [
            -4.277611,
            55.83626
          ],
          [
            -4.274664,
            55.837288
          ]
        ]
      }
    },
    {
      "type": "Feature",
      "properties": {
        "name": "4312(X)",
        "type": "Axle Counters",
        "notes": "",
        "colour": "#c5e1a5",
        "equipment_number": [
          {
            "number": "7890351",
            "name": "4311/4312"
          },
          {
            "number": "7890352",
            "name": "4312/4313"
          }
        ],
        "section": "Central"
      },
      "geometry": {
        "type": "LineString",
        "coordinates": [
          [
            -4.287652,
            55.832745
          ],
          [
            -4.284473,
            55.833854
          ],
          [
            -4.280842,
            55.835125
          ],
          [
            -4.277611,
            55.83626
          ]
        ]
      }
    },
    {
      "type": "Feature",
      "properties": {
        "name": "4313(X)",
        "type": "Axle Counters",
        "notes": "",
        "colour": "#eda29b",
        "equipment_number": [
          {
            "number": "7890352",
            "name": "4312/4313"
          },
          {
            "number": "7890353",
            "name": "4313/4314"
          }
        ],
        "section": "Central"
      },
      "geometry": {
        "type": "LineString",
        "coordinates": [
          [
            -4.296486,
            55.828569
          ],
          [
            -4.296008,
            55.828911
          ],
          [
            -4.295463,
            55.829282
          ],
          [
            -4.294632,
            55.829766
          ],
          [
            -4.29398,
            55.830121
          ],
          [
            -4.293708,
            55.830267
          ],
          [
            -4.293017,
            55.830616
          ],
          [
            -4.292078,
            55.831065
          ],
          [
            -4.291354,
            55.831376
          ],
          [
            -4.290539,
            55.83171
          ],
          [
            -4.28997,
            55.83193
          ],
          [
            -4.288907,
            55.832314
          ],
          [
            -4.287652,
            55.832745
          ]
        ]
      }
    },
    {
      "type": "Feature",
      "properties": {
        "name": "4314(X)",
        "type": "Axle Counters",
        "notes": "",
        "colour": "#c5e1a5",
        "equipment_number": [
          {
            "number": "7890353",
            "name": "4313/4314"
          },
          {
            "number": "19659318",
            "name": "4314/4315"
          }
        ],
        "section": "Central"
      },
      "geometry": {
        "type": "LineString",
        "coordinates": [
          [
            -4.307144,
            55.819928
          ],
          [
            -4.306237,
            55.82035
          ],
          [
            -4.305486,
            55.820745
          ],
          [
            -4.304595,
            55.821272
          ],
          [
            -4.303501,
            55.82201
          ],
          [
            -4.302594,
            55.822758
          ],
          [
            -4.301881,
            55.823413
          ],
          [
            -4.298324,
            55.826982
          ],
          [
            -4.297917,
            55.82738
          ],
          [
            -4.297536,
            55.827718
          ],
          [
            -4.297235,
            55.827981
          ],
          [
            -4.296914,
            55.828236
          ],
          [
            -4.296486,
            55.828569
          ]
        ]
      }
    },
    {
      "type": "Feature",
      "properties": {
        "name": "4315(X)",
        "type": "Axle Counters",
        "notes": "",
        "colour": "#eda29b",
        "equipment_number": [
          {
            "number": "19659318",
            "name": "4314/4315"
          },
          {
            "number": "7890373",
            "name": "4315/(689"
          },
          {
            "number": "7890355",
            "name": "4315/4316"
          }
        ],
        "section": "Central"
      },
      "geometry": {
        "type": "LineString",
        "coordinates": [
          [
            -4.307144,
            55.819928
          ],
          [
            -4.307765,
            55.819677
          ],
          [
            -4.3079721,
            55.8195981
          ],
          [
            -4.3084057,
            55.8194208
          ],
          [
            -4.3079721,
            55.8195981
          ],
          [
            -4.3087856,
            55.8193056
          ],
          [
            -4.30976,
            55.819004
          ],
          [
            -4.31071,
            55.818718
          ]
        ]
      }
    },
    {
      "type": "Feature",
      "properties": {
        "name": "4316(X)",
        "type": "Axle Counters",
        "notes": "",
        "colour": "#c5e1a5",
        "equipment_number": [
          {
            "number": "7890355",
            "name": "4315/4316"
          },
          {
            "number": "7890356",
            "name": "4316/4317"
          }
        ],
        "section": "Central"
      },
      "geometry": {
        "type": "LineString",
        "coordinates": [
          [
            -4.313881,
            55.8177
          ],
          [
            -4.313189,
            55.817943
          ],
          [
            -4.312601,
            55.818137
          ],
          [
            -4.311956,
            55.818343
          ],
          [
            -4.311473,
            55.818493
          ],
          [
            -4.31071,
            55.818718
          ]
        ]
      }
    },
    {
      "type": "Feature",
      "properties": {
        "name": "4317(X)",
        "type": "Axle Counters",
        "notes": "",
        "colour": "#eda29b",
        "equipment_number": [
          {
            "number": "7890356",
            "name": "4316/4317"
          },
          {
            "number": "7890357",
            "name": "4317/4318"
          }
        ],
        "section": "Central"
      },
      "geometry": {
        "type": "LineString",
        "coordinates": [
          [
            -4.328947,
            55.812545
          ],
          [
            -4.32767,
            55.812762
          ],
          [
            -4.326544,
            55.812994
          ],
          [
            -4.325246,
            55.813298
          ],
          [
            -4.324334,
            55.813543
          ],
          [
            -4.323218,
            55.813883
          ],
          [
            -4.32221,
            55.814227
          ],
          [
            -4.321287,
            55.81458
          ],
          [
            -4.320482,
            55.814914
          ],
          [
            -4.31949,
            55.815342
          ],
          [
            -4.318127,
            55.816005
          ],
          [
            -4.317274,
            55.816397
          ],
          [
            -4.316158,
            55.816858
          ],
          [
            -4.31508,
            55.817274
          ],
          [
            -4.313881,
            55.8177
          ]
        ]
      }
    },
    {
      "type": "Feature",
      "properties": {
        "name": "4318(X)",
        "type": "Axle Counters",
        "notes": "",
        "colour": "#c5e1a5",
        "equipment_number": [
          {
            "number": "7890357",
            "name": "4317/4318"
          },
          {
            "number": "7890358",
            "name": "4318/4321"
          }
        ],
        "section": "Central"
      },
      "geometry": {
        "type": "LineString",
        "coordinates": [
          [
            -4.350716,
            55.812166
          ],
          [
            -4.347221,
            55.812119
          ],
          [
            -4.34559,
            55.812101
          ],
          [
            -4.343895,
            55.812065
          ],
          [
            -4.338762,
            55.812007
          ],
          [
            -4.33719,
            55.811986
          ],
          [
            -4.336466,
            55.811981
          ],
          [
            -4.33572,
            55.811983
          ],
          [
            -4.334078,
            55.812016
          ],
          [
            -4.333593,
            55.812028
          ],
          [
            -4.333108,
            55.81205
          ],
          [
            -4.33239,
            55.812099
          ],
          [
            -4.331686,
            55.812155
          ],
          [
            -4.330264,
            55.812339
          ],
          [
            -4.328947,
            55.812545
          ]
        ]
      }
    },
    {
      "type": "Feature",
      "properties": {
        "name": "4321(X)",
        "type": "Axle Counters",
        "notes": "",
        "colour": "#eda29b",
        "equipment_number": [
          {
            "number": "7890358",
            "name": "4318/4321"
          },
          {
            "number": "7890359",
            "name": "4321"
          }
        ],
        "section": "Central"
      },
      "geometry": {
        "type": "LineString",
        "coordinates": [
          [
            -4.375991,
            55.81238
          ],
          [
            -4.375139,
            55.81246
          ],
          [
            -4.374254,
            55.812527
          ],
          [
            -4.373202,
            55.812574
          ],
          [
            -4.372338,
            55.812598
          ],
          [
            -4.371341,
            55.812607
          ],
          [
            -4.3700957,
            55.8125949
          ],
          [
            -4.3692004,
            55.8125679
          ],
          [
            -4.3675,
            55.812467
          ],
          [
            -4.366521,
            55.812382
          ],
          [
            -4.365595,
            55.812283
          ],
          [
            -4.364461,
            55.812161
          ],
          [
            -4.363626,
            55.812078
          ],
          [
            -4.363061,
            55.812035
          ],
          [
            -4.361776,
            55.811967
          ],
          [
            -4.360362,
            55.811927
          ],
          [
            -4.358284,
            55.811923
          ],
          [
            -4.356513,
            55.811995
          ],
          [
            -4.354944,
            55.812105
          ],
          [
            -4.35381,
            55.812152
          ],
          [
            -4.353034,
            55.812178
          ],
          [
            -4.352254,
            55.812182
          ],
          [
            -4.350716,
            55.812166
          ]
        ]
      }
    },
    {
      "type": "Feature",
      "properties": {
        "name": "4345(X)",
        "type": "Axle Counters",
        "notes": "",
        "colour": "#ffff8d",
        "equipment_number": [
          {
            "number": "7890361",
            "name": "4343/4345"
          },
          {
            "number": "7890362",
            "name": "4345/4346"
          }
        ],
        "section": "Central"
      },
      "geometry": {
        "type": "LineString",
        "coordinates": [
          [
            -4.288753,
            55.832328
          ],
          [
            -4.2879,
            55.832624
          ],
          [
            -4.286944,
            55.832958
          ],
          [
            -4.286041,
            55.833275
          ],
          [
            -4.284809,
            55.833704
          ],
          [
            -4.283625,
            55.834115
          ],
          [
            -4.28257,
            55.834482
          ],
          [
            -4.281544,
            55.834844
          ],
          [
            -4.280889,
            55.835074
          ],
          [
            -4.280473,
            55.835219
          ],
          [
            -4.280083,
            55.835354
          ]
        ]
      }
    },
    {
      "type": "Feature",
      "properties": {
        "name": "4346(X)",
        "type": "Axle Counters",
        "notes": "",
        "colour": "#a1c2fa",
        "equipment_number": [
          {
            "number": "7890362",
            "name": "4345/4346"
          },
          {
            "number": "7890363",
            "name": "4346/4347"
          }
        ],
        "section": "Central"
      },
      "geometry": {
        "type": "LineString",
        "coordinates": [
          [
            -4.294802,
            55.829625
          ],
          [
            -4.294598,
            55.82974
          ],
          [
            -4.294024,
            55.830053
          ],
          [
            -4.293481,
            55.830337
          ],
          [
            -4.293033,
            55.830561
          ],
          [
            -4.2926,
            55.830767
          ],
          [
            -4.291915,
            55.831087
          ],
          [
            -4.29124,
            55.831383
          ],
          [
            -4.290646,
            55.831628
          ],
          [
            -4.2901,
            55.83184
          ],
          [
            -4.289155,
            55.832185
          ],
          [
            -4.288753,
            55.832328
          ]
        ]
      }
    },
    {
      "type": "Feature",
      "properties": {
        "name": "4347(X)",
        "type": "Axle Counters",
        "notes": "",
        "colour": "#ffff8d",
        "equipment_number": [
          {
            "number": "7890363",
            "name": "4346/4347"
          },
          {
            "number": "7890364",
            "name": "4347/4348"
          }
        ],
        "section": "Central"
      },
      "geometry": {
        "type": "LineString",
        "coordinates": [
          [
            -4.305297,
            55.820802
          ],
          [
            -4.30475,
            55.821132
          ],
          [
            -4.304326,
            55.8214
          ],
          [
            -4.30392,
            55.821671
          ],
          [
            -4.303395,
            55.822056
          ],
          [
            -4.302852,
            55.822484
          ],
          [
            -4.302324,
            55.822946
          ],
          [
            -4.301982,
            55.823266
          ],
          [
            -4.301197,
            55.824038
          ],
          [
            -4.300615,
            55.824628
          ],
          [
            -4.299986,
            55.825267
          ],
          [
            -4.299078,
            55.82617
          ],
          [
            -4.298342,
            55.826899
          ],
          [
            -4.297618,
            55.827596
          ],
          [
            -4.297024,
            55.828103
          ],
          [
            -4.296436,
            55.828558
          ],
          [
            -4.295902,
            55.828936
          ],
          [
            -4.29532,
            55.829317
          ],
          [
            -4.294802,
            55.829625
          ]
        ]
      }
    },
    {
      "type": "Feature",
      "properties": {
        "name": "4348(X)",
        "type": "Axle Counters",
        "notes": "",
        "colour": "#ce93d8",
        "equipment_number": [
          {
            "number": "7890364",
            "name": "4347/4348"
          },
          {
            "number": "19659319",
            "name": "4348/4351"
          },
          {
            "number": "7896483",
            "name": "4348/4401"
          }
        ],
        "section": "Central"
      },
      "geometry": {
        "type": "LineString",
        "coordinates": [
          [
            -4.30809,
            55.819517
          ],
          [
            -4.307226,
            55.819854
          ],
          [
            -4.306679,
            55.820091
          ],
          [
            -4.307279,
            55.819815
          ],
          [
            -4.307663,
            55.819649
          ],
          [
            -4.308061,
            55.819491
          ],
          [
            -4.307663,
            55.819649
          ],
          [
            -4.307273,
            55.819818
          ],
          [
            -4.306675,
            55.820092
          ],
          [
            -4.30621,
            55.820319
          ],
          [
            -4.305763,
            55.820546
          ],
          [
            -4.305297,
            55.820802
          ]
        ]
      }
    },
    {
      "type": "Feature",
      "properties": {
        "name": "4351(X)",
        "type": "Axle Counters",
        "notes": "",
        "colour": "#c5e1a5",
        "equipment_number": [
          {
            "number": "19659316",
            "name": "4351/4352"
          },
          {
            "number": "19659319",
            "name": "4348/4351"
          },
          {
            "number": "19659320",
            "name": "4351/(690"
          },
          {
            "number": "19659321",
            "name": "4351/4371"
          }
        ],
        "section": "Central"
      },
      "geometry": {
        "type": "LineString",
        "coordinates": [
          [
            -4.31131,
            55.818508
          ],
          [
            -4.310432,
            55.818766
          ],
          [
            -4.310799,
            55.818641
          ],
          [
            -4.311101,
            55.818531
          ],
          [
            -4.311284,
            55.81846
          ],
          [
            -4.311578,
            55.818338
          ],
          [
            -4.31186,
            55.818208
          ],
          [
            -4.312166,
            55.818046
          ],
          [
            -4.312429,
            55.817884
          ],
          [
            -4.312656,
            55.817718
          ],
          [
            -4.312429,
            55.817884
          ],
          [
            -4.312166,
            55.818046
          ],
          [
            -4.31186,
            55.818208
          ],
          [
            -4.311579,
            55.818338
          ],
          [
            -4.311285,
            55.81846
          ],
          [
            -4.310799,
            55.818641
          ],
          [
            -4.310432,
            55.818766
          ],
          [
            -4.310129,
            55.818855
          ],
          [
            -4.309816,
            55.818951
          ],
          [
            -4.3088588,
            55.8192435
          ],
          [
            -4.3084057,
            55.8194208
          ],
          [
            -4.3088588,
            55.8192435
          ],
          [
            -4.308661,
            55.819312
          ],
          [
            -4.30809,
            55.819517
          ]
        ]
      }
    },
    {
      "type": "Feature",
      "properties": {
        "name": "4352(X)",
        "type": "Axle Counters",
        "notes": "",
        "colour": "#a1c2fa",
        "equipment_number": [
          {
            "number": "19659316",
            "name": "4351/4352"
          },
          {
            "number": "19659317",
            "name": "4352/4353"
          }
        ],
        "section": "Central"
      },
      "geometry": {
        "type": "LineString",
        "coordinates": [
          [
            -4.313856,
            55.817678
          ],
          [
            -4.312823,
            55.818031
          ],
          [
            -4.31131,
            55.818508
          ]
        ]
      }
    },
    {
      "type": "Feature",
      "properties": {
        "name": "4353(X)",
        "type": "Axle Counters",
        "notes": "",
        "colour": "#ffff8d",
        "equipment_number": [
          {
            "number": "19659317",
            "name": "4352/4353"
          },
          {
            "number": "7890367",
            "name": "4353/4354"
          }
        ],
        "section": "Central"
      },
      "geometry": {
        "type": "LineString",
        "coordinates": [
          [
            -4.328919,
            55.812506
          ],
          [
            -4.328162,
            55.812634
          ],
          [
            -4.32742,
            55.81278
          ],
          [
            -4.326596,
            55.812954
          ],
          [
            -4.325861,
            55.813118
          ],
          [
            -4.324877,
            55.813364
          ],
          [
            -4.324139,
            55.813573
          ],
          [
            -4.323439,
            55.813778
          ],
          [
            -4.322487,
            55.814088
          ],
          [
            -4.321722,
            55.814364
          ],
          [
            -4.320666,
            55.814786
          ],
          [
            -4.319826,
            55.815154
          ],
          [
            -4.318713,
            55.815681
          ],
          [
            -4.317863,
            55.816081
          ],
          [
            -4.317171,
            55.816393
          ],
          [
            -4.316202,
            55.816797
          ],
          [
            -4.31502,
            55.817261
          ],
          [
            -4.313856,
            55.817678
          ]
        ]
      }
    },
    {
      "type": "Feature",
      "properties": {
        "name": "4354(X)",
        "type": "Axle Counters",
        "notes": "",
        "colour": "#a1c2fa",
        "equipment_number": [
          {
            "number": "7890367",
            "name": "4353/4354"
          },
          {
            "number": "7890368",
            "name": "4354/4355"
          }
        ],
        "section": "Central"
      },
      "geometry": {
        "type": "LineString",
        "coordinates": [
          [
            -4.350145,
            55.812123
          ],
          [
            -4.347366,
            55.812085
          ],
          [
            -4.345821,
            55.812061
          ],
          [
            -4.344067,
            55.812039
          ],
          [
            -4.340864,
            55.812002
          ],
          [
            -4.33811,
            55.811966
          ],
          [
            -4.336323,
            55.81195
          ],
          [
            -4.335401,
            55.811953
          ],
          [
            -4.334277,
            55.811977
          ],
          [
            -4.333668,
            55.81199
          ],
          [
            -4.33297,
            55.812033
          ],
          [
            -4.332201,
            55.812084
          ],
          [
            -4.331509,
            55.812147
          ],
          [
            -4.330626,
            55.812253
          ],
          [
            -4.330138,
            55.812319
          ],
          [
            -4.32962,
            55.812393
          ],
          [
            -4.328919,
            55.812506
          ]
        ]
      }
    },
    {
      "type": "Feature",
      "properties": {
        "name": "4355(X)",
        "type": "Axle Counters",
        "notes": "",
        "colour": "#ffff8d",
        "equipment_number": [
          {
            "number": "7890368",
            "name": "4354/4355"
          },
          {
            "number": "7890369",
            "name": "4355/4356"
          }
        ],
        "section": "Central"
      },
      "geometry": {
        "type": "LineString",
        "coordinates": [
          [
            -4.37044,
            55.812571
          ],
          [
            -4.369732,
            55.812552
          ],
          [
            -4.368984,
            55.812528
          ],
          [
            -4.368192,
            55.812484
          ],
          [
            -4.367245,
            55.812418
          ],
          [
            -4.36637,
            55.812335
          ],
          [
            -4.36382,
            55.812066
          ],
          [
            -4.362012,
            55.811947
          ],
          [
            -4.360183,
            55.811894
          ],
          [
            -4.35841,
            55.811899
          ],
          [
            -4.356637,
            55.811968
          ],
          [
            -4.35488,
            55.812075
          ],
          [
            -4.353683,
            55.812128
          ],
          [
            -4.352998,
            55.812151
          ],
          [
            -4.352002,
            55.812152
          ],
          [
            -4.350145,
            55.812123
          ]
        ]
      }
    },
    {
      "type": "Feature",
      "properties": {
        "name": "4356(X)",
        "type": "Axle Counters",
        "notes": "",
        "colour": "#a1c2fa",
        "equipment_number": [
          {
            "number": "7890369",
            "name": "4355/4356"
          },
          {
            "number": "7890370",
            "name": "4356"
          }
        ],
        "section": "Central"
      },
      "geometry": {
        "type": "LineString",
        "coordinates": [
          [
            -4.38422,
            55.810608
          ],
          [
            -4.383694,
            55.810774
          ],
          [
            -4.383169,
            55.81093
          ],
          [
            -4.382726,
            55.811053
          ],
          [
            -4.381806,
            55.8113
          ],
          [
            -4.380261,
            55.811664
          ],
          [
            -4.379604,
            55.811802
          ],
          [
            -4.378979,
            55.811918
          ],
          [
            -4.378416,
            55.812012
          ],
          [
            -4.377619,
            55.812138
          ],
          [
            -4.376879,
            55.812241
          ],
          [
            -4.375696,
            55.812379
          ],
          [
            -4.375232,
            55.812423
          ],
          [
            -4.374639,
            55.812467
          ],
          [
            -4.37387,
            55.812514
          ],
          [
            -4.372915,
            55.812551
          ],
          [
            -4.372043,
            55.812571
          ],
          [
            -4.371147,
            55.812577
          ],
          [
            -4.37044,
            55.812571
          ]
        ]
      }
    },
    {
      "type": "Feature",
      "properties": {
        "name": "4399(X)",
        "type": "Axle Counters",
        "notes": "",
        "colour": "#a1c2fa",
        "section": "Central"
      },
      "geometry": {
        "type": "LineString",
        "coordinates": [
          [
            -4.3120383,
            55.8114727
          ],
          [
            -4.312325,
            55.811848
          ],
          [
            -4.312481,
            55.812104
          ],
          [
            -4.312618,
            55.812403
          ],
          [
            -4.312752,
            55.812755
          ],
          [
            -4.312931,
            55.813295
          ],
          [
            -4.313492,
            55.815061
          ],
          [
            -4.313591,
            55.815381
          ],
          [
            -4.313639,
            55.815574
          ],
          [
            -4.313669,
            55.815788
          ],
          [
            -4.313666,
            55.816017
          ],
          [
            -4.313648,
            55.81621
          ],
          [
            -4.313583,
            55.816454
          ],
          [
            -4.313513,
            55.816647
          ],
          [
            -4.313414,
            55.816838
          ],
          [
            -4.313293,
            55.817025
          ],
          [
            -4.313146,
            55.817213
          ],
          [
            -4.312969,
            55.8174
          ],
          [
            -4.312784,
            55.817564
          ],
          [
            -4.31254,
            55.817747
          ],
          [
            -4.312333,
            55.817894
          ],
          [
            -4.312049,
            55.818063
          ],
          [
            -4.311808,
            55.818191
          ],
          [
            -4.31147,
            55.818343
          ],
          [
            -4.311142,
            55.818472
          ],
          [
            -4.31074,
            55.818622
          ],
          [
            -4.310322,
            55.818761
          ],
          [
            -4.309439,
            55.819026
          ],
          [
            -4.308514,
            55.819324
          ],
          [
            -4.308061,
            55.819491
          ]
        ]
      }
    },
    {
      "type": "Feature",
      "properties": {
        "name": "4402(X)",
        "type": "Axle Counters",
        "notes": "",
        "colour": "#a1c2fa",
        "equipment_number": [
          {
            "number": "7896482",
            "name": "4401/4402"
          },
          {
            "number": "7896481",
            "name": "4402/4403"
          }
        ],
        "section": "Central"
      },
      "geometry": {
        "type": "LineString",
        "coordinates": [
          [
            -4.270253,
            55.787264
          ],
          [
            -4.270631,
            55.78745
          ],
          [
            -4.270994,
            55.787615
          ],
          [
            -4.271393,
            55.78778
          ],
          [
            -4.271927,
            55.787977
          ],
          [
            -4.272552,
            55.788188
          ],
          [
            -4.273298,
            55.788443
          ],
          [
            -4.273778,
            55.788619
          ],
          [
            -4.274137,
            55.788765
          ],
          [
            -4.274665,
            55.788999
          ],
          [
            -4.275076,
            55.7892
          ],
          [
            -4.275537,
            55.789438
          ],
          [
            -4.275902,
            55.78964
          ],
          [
            -4.27705,
            55.790368
          ],
          [
            -4.277608,
            55.790724
          ],
          [
            -4.279292,
            55.791802
          ],
          [
            -4.279748,
            55.792104
          ],
          [
            -4.281406,
            55.793223
          ],
          [
            -4.282433,
            55.793938
          ],
          [
            -4.283498,
            55.79468
          ],
          [
            -4.285105,
            55.795821
          ],
          [
            -4.286633,
            55.796915
          ],
          [
            -4.288892,
            55.798541
          ],
          [
            -4.289536,
            55.79901
          ],
          [
            -4.290018,
            55.799399
          ],
          [
            -4.290359,
            55.799697
          ],
          [
            -4.290676,
            55.79999
          ],
          [
            -4.290922,
            55.80024
          ],
          [
            -4.291123,
            55.800466
          ],
          [
            -4.291536,
            55.800956
          ],
          [
            -4.291885,
            55.801446
          ],
          [
            -4.292118,
            55.801815
          ],
          [
            -4.292301,
            55.802148
          ],
          [
            -4.292526,
            55.802625
          ],
          [
            -4.292714,
            55.803113
          ],
          [
            -4.292843,
            55.803522
          ],
          [
            -4.292942,
            55.804004
          ],
          [
            -4.293012,
            55.804276
          ],
          [
            -4.293122,
            55.804595
          ],
          [
            -4.293288,
            55.804964
          ],
          [
            -4.29346,
            55.805265
          ],
          [
            -4.293693,
            55.80559
          ],
          [
            -4.293956,
            55.805896
          ],
          [
            -4.294122,
            55.806062
          ],
          [
            -4.294449,
            55.806368
          ],
          [
            -4.294739,
            55.806602
          ],
          [
            -4.295048,
            55.806829
          ],
          [
            -4.295434,
            55.807079
          ],
          [
            -4.295843,
            55.807313
          ]
        ]
      }
    },
    {
      "type": "Feature",
      "properties": {
        "name": "4403(X)",
        "type": "Axle Counters",
        "notes": "",
        "colour": "#ffff8d",
        "equipment_number": [
          {
            "number": "7896481",
            "name": "4402/4403"
          },
          {
            "number": "7896480",
            "name": "4403/4404"
          }
        ],
        "section": "Central"
      },
      "geometry": {
        "type": "LineString",
        "coordinates": [
          [
            -4.266232,
            55.784388
          ],
          [
            -4.266731,
            55.784781
          ],
          [
            -4.267541,
            55.785455
          ],
          [
            -4.268032,
            55.785839
          ],
          [
            -4.268565,
            55.786232
          ],
          [
            -4.269054,
            55.786575
          ],
          [
            -4.269539,
            55.786879
          ],
          [
            -4.269955,
            55.787112
          ],
          [
            -4.270253,
            55.787264
          ]
        ]
      }
    },
    {
      "type": "Feature",
      "properties": {
        "name": "4404(X)",
        "type": "Axle Counters",
        "notes": "",
        "colour": "#a1c2fa",
        "equipment_number": [
          {
            "number": "7896480",
            "name": "4403/4404"
          },
          {
            "number": "7896479",
            "name": "4404/(693"
          },
          {
            "number": "7896466",
            "name": "4404/4405"
          }
        ],
        "section": "Central"
      },
      "geometry": {
        "type": "LineString",
        "coordinates": [
          [
            -4.263845,
            55.7825
          ],
          [
            -4.264,
            55.782622
          ],
          [
            -4.264108,
            55.782705
          ],
          [
            -4.264335,
            55.78286
          ],
          [
            -4.264108,
            55.782706
          ],
          [
            -4.264407,
            55.782946
          ],
          [
            -4.264901,
            55.783337
          ],
          [
            -4.265817,
            55.784059
          ],
          [
            -4.266232,
            55.784388
          ]
        ]
      }
    },
    {
      "type": "Feature",
      "properties": {
        "name": "4405(X)",
        "type": "Axle Counters",
        "notes": "",
        "colour": "#ffff8d",
        "equipment_number": [
          {
            "number": "7896466",
            "name": "4404/4405"
          },
          {
            "number": "7896465",
            "name": "4405/4406"
          }
        ],
        "section": "Central"
      },
      "geometry": {
        "type": "LineString",
        "coordinates": [
          [
            -4.262173,
            55.779213
          ],
          [
            -4.262142,
            55.779364
          ],
          [
            -4.262112,
            55.779626
          ],
          [
            -4.262095,
            55.779817
          ],
          [
            -4.262107,
            55.780071
          ],
          [
            -4.26214,
            55.780237
          ],
          [
            -4.262178,
            55.780378
          ],
          [
            -4.262256,
            55.780565
          ],
          [
            -4.262345,
            55.780752
          ],
          [
            -4.262459,
            55.780953
          ],
          [
            -4.262641,
            55.781237
          ],
          [
            -4.262739,
            55.781375
          ],
          [
            -4.262901,
            55.78158
          ],
          [
            -4.263062,
            55.781763
          ],
          [
            -4.26321,
            55.781921
          ],
          [
            -4.263386,
            55.782093
          ],
          [
            -4.263576,
            55.782271
          ],
          [
            -4.263765,
            55.782437
          ],
          [
            -4.263845,
            55.7825
          ]
        ]
      }
    },
    {
      "type": "Feature",
      "properties": {
        "name": "4378(X)",
        "type": "Axle Counters",
        "notes": "",
        "colour": "#87ceac",
        "equipment_number": [
          {
            "number": "7896484",
            "name": "4377/4378"
          },
          {
            "number": "7896492",
            "name": "4378/4381"
          },
          {
            "number": "7896464",
            "name": "4406/4378"
          }
        ],
        "section": "Central"
      },
      "geometry": {
        "type": "LineString",
        "coordinates": [
          [
            -4.262369,
            55.778489
          ],
          [
            -4.262527,
            55.778056
          ],
          [
            -4.262425,
            55.778442
          ],
          [
            -4.262306,
            55.778882
          ],
          [
            -4.26223,
            55.779213
          ],
          [
            -4.262306,
            55.778881
          ],
          [
            -4.262425,
            55.77844
          ],
          [
            -4.262527,
            55.778054
          ],
          [
            -4.262663,
            55.777556
          ],
          [
            -4.262706,
            55.777366
          ],
          [
            -4.26273,
            55.777182
          ],
          [
            -4.262731,
            55.776975
          ],
          [
            -4.26272,
            55.776802
          ],
          [
            -4.26268,
            55.77661
          ],
          [
            -4.262632,
            55.776438
          ],
          [
            -4.262557,
            55.776218
          ],
          [
            -4.26245,
            55.775994
          ],
          [
            -4.262321,
            55.775772
          ],
          [
            -4.262158,
            55.775541
          ],
          [
            -4.261985,
            55.775333
          ],
          [
            -4.261799,
            55.775142
          ],
          [
            -4.261645,
            55.774997
          ],
          [
            -4.261407,
            55.774802
          ],
          [
            -4.261179,
            55.774623
          ],
          [
            -4.260874,
            55.774394
          ]
        ]
      }
    },
    {
      "type": "Feature",
      "properties": {
        "name": "4601(X)",
        "type": "Axle Counters",
        "notes": "",
        "colour": "#ffff8d",
        "section": "Central"
      },
      "geometry": {
        "type": "LineString",
        "coordinates": [
          [
            -4.2432181,
            55.7616551
          ],
          [
            -4.2441399,
            55.7622651
          ],
          [
            -4.2447247,
            55.762838
          ],
          [
            -4.2451169,
            55.7634148
          ],
          [
            -4.245482,
            55.76423
          ],
          [
            -4.245653,
            55.764643
          ],
          [
            -4.245905,
            55.765177
          ],
          [
            -4.246077,
            55.76547
          ],
          [
            -4.246329,
            55.765802
          ],
          [
            -4.246613,
            55.766083
          ],
          [
            -4.246892,
            55.766318
          ],
          [
            -4.247311,
            55.766599
          ],
          [
            -4.247831,
            55.766873
          ],
          [
            -4.248566,
            55.767214
          ],
          [
            -4.249124,
            55.767468
          ],
          [
            -4.249816,
            55.767848
          ],
          [
            -4.251935,
            55.769049
          ],
          [
            -4.253249,
            55.769779
          ],
          [
            -4.253834,
            55.770126
          ],
          [
            -4.254687,
            55.770603
          ],
          [
            -4.257423,
            55.772145
          ],
          [
            -4.258796,
            55.772936
          ],
          [
            -4.259322,
            55.773268
          ],
          [
            -4.259869,
            55.773651
          ],
          [
            -4.260874,
            55.774394
          ]
        ]
      }
    },
    {
      "type": "Feature",
      "properties": {
        "name": "4620(X)",
        "type": "Axle Counters",
        "notes": "Hybrid",
        "colour": "#a1c2fa",
        "section": "Central"
      },
      "geometry": {
        "type": "LineString",
        "coordinates": [
          [
            -4.2114295,
            55.7640269
          ],
          [
            -4.211206,
            55.764086
          ],
          [
            -4.210593,
            55.764228
          ],
          [
            -4.209834,
            55.764385
          ],
          [
            -4.209142,
            55.764518
          ],
          [
            -4.20853,
            55.764616
          ],
          [
            -4.207486,
            55.764761
          ],
          [
            -4.2059736,
            55.7649287
          ]
        ]
      }
    },
    {
      "type": "Feature",
      "properties": {
        "name": "4622(X)",
        "type": "Axle Counters",
        "notes": "Hybrid - K-type",
        "colour": "#c5e1a5",
        "section": "Central"
      },
      "geometry": {
        "type": "LineString",
        "coordinates": [
          [
            -4.2059736,
            55.7649287
          ],
          [
            -4.204669,
            55.765062
          ],
          [
            -4.204907,
            55.765038
          ],
          [
            -4.2059612,
            55.7648912
          ],
          [
            -4.204907,
            55.765038
          ],
          [
            -4.204668,
            55.765061
          ],
          [
            -4.20296,
            55.765245
          ],
          [
            -4.201444,
            55.765405
          ],
          [
            -4.20079,
            55.765452
          ],
          [
            -4.199843,
            55.765491
          ],
          [
            -4.199322,
            55.765498
          ],
          [
            -4.1987,
            55.765482
          ]
        ]
      }
    },
    {
      "type": "Feature",
      "properties": {
        "name": "4624(X)",
        "type": "Axle Counters",
        "notes": "Hybrid - K-type",
        "colour": "#ffff8d",
        "section": "Central"
      },
      "geometry": {
        "type": "LineString",
        "coordinates": [
          [
            -4.1987,
            55.765482
          ],
          [
            -4.198351,
            55.765476
          ],
          [
            -4.194805,
            55.765357
          ],
          [
            -4.193367,
            55.765303
          ],
          [
            -4.192695,
            55.765282
          ],
          [
            -4.190131,
            55.765208
          ],
          [
            -4.189469,
            55.765193
          ],
          [
            -4.188978,
            55.765201
          ],
          [
            -4.188455,
            55.765219
          ],
          [
            -4.187626,
            55.765276
          ],
          [
            -4.186872,
            55.765346
          ],
          [
            -4.1857433,
            55.7654802
          ]
        ]
      }
    },
    {
      "type": "Feature",
      "properties": {
        "name": "4626(X)",
        "type": "Axle Counters",
        "notes": "Hybrid - K-type",
        "colour": "#a1c2fa",
        "section": "Central"
      },
      "geometry": {
        "type": "LineString",
        "coordinates": [
          [
            -4.1857433,
            55.7654802
          ],
          [
            -4.1848944,
            55.7655688
          ]
        ]
      }
    },
    {
      "type": "Feature",
      "properties": {
        "name": "4630(X)",
        "type": "Axle Counters",
        "notes": "Hybrid - K-type",
        "colour": "#a1c2fa",
        "section": "Central"
      },
      "geometry": {
        "type": "LineString",
        "coordinates": [
          [
            -4.181727,
            55.765886
          ],
          [
            -4.1835484,
            55.7657019
          ]
        ]
      }
    },
    {
      "type": "Feature",
      "properties": {
        "name": "4632(X)",
        "type": "Axle Counters",
        "notes": "Hybrid - K-type",
        "colour": "#ffff8d",
        "section": "Central"
      },
      "geometry": {
        "type": "LineString",
        "coordinates": [
          [
            -4.1800618,
            55.7660732
          ],
          [
            -4.181727,
            55.765886
          ]
        ]
      }
    },
    {
      "type": "Feature",
      "properties": {
        "name": "4621(X)",
        "type": "Axle Counters",
        "notes": "Hybrid",
        "colour": "#eda29b",
        "section": "Central"
      },
      "geometry": {
        "type": "LineString",
        "coordinates": [
          [
            -4.2059612,
            55.7648912
          ],
          [
            -4.2074408,
            55.7647294
          ],
          [
            -4.208239,
            55.764628
          ],
          [
            -4.208799,
            55.764545
          ],
          [
            -4.209491,
            55.764421
          ],
          [
            -4.210186,
            55.764273
          ],
          [
            -4.210653,
            55.764177
          ],
          [
            -4.2113822,
            55.7639943
          ]
        ]
      }
    },
    {
      "type": "Feature",
      "properties": {
        "name": "4371(X)",
        "type": "Axle Counters",
        "notes": "",
        "colour": "#eda29b",
        "equipment_number": [
          {
            "number": "19659321",
            "name": "4351/4371"
          },
          {
            "number": "7896490",
            "name": "4371/4372"
          }
        ],
        "section": "Central"
      },
      "geometry": {
        "type": "LineString",
        "coordinates": [
          [
            -4.31371,
            55.815648
          ],
          [
            -4.313729,
            55.815809
          ],
          [
            -4.313726,
            55.815992
          ],
          [
            -4.313705,
            55.816188
          ],
          [
            -4.313654,
            55.816394
          ],
          [
            -4.313592,
            55.816584
          ],
          [
            -4.313501,
            55.816783
          ],
          [
            -4.313377,
            55.816988
          ],
          [
            -4.313224,
            55.81719
          ],
          [
            -4.313031,
            55.817395
          ],
          [
            -4.312793,
            55.817607
          ],
          [
            -4.312656,
            55.817718
          ]
        ]
      }
    },
    {
      "type": "Feature",
      "properties": {
        "name": "4372(X)",
        "type": "Axle Counters",
        "notes": "",
        "colour": "#c5e1a5",
        "equipment_number": [
          {
            "number": "7896490",
            "name": "4371/4372"
          },
          {
            "number": "7896489",
            "name": "4372/4373"
          }
        ],
        "section": "Central"
      },
      "geometry": {
        "type": "LineString",
        "coordinates": [
          [
            -4.312351,
            55.811803
          ],
          [
            -4.312469,
            55.811986
          ],
          [
            -4.312587,
            55.812217
          ],
          [
            -4.3127,
            55.812461
          ],
          [
            -4.312815,
            55.812781
          ],
          [
            -4.313623,
            55.815295
          ],
          [
            -4.313671,
            55.81548
          ],
          [
            -4.31371,
            55.815648
          ]
        ]
      }
    },
    {
      "type": "Feature",
      "properties": {
        "name": "4373(X)",
        "type": "Axle Counters",
        "notes": "",
        "colour": "#eda29b",
        "equipment_number": [
          {
            "number": "7896489",
            "name": "4372/4373"
          },
          {
            "number": "7896488",
            "name": "4373/4374"
          }
        ],
        "section": "Central"
      },
      "geometry": {
        "type": "LineString",
        "coordinates": [
          [
            -4.294694,
            55.806503
          ],
          [
            -4.294927,
            55.806692
          ],
          [
            -4.295292,
            55.806942
          ],
          [
            -4.295614,
            55.807144
          ],
          [
            -4.295911,
            55.807308
          ],
          [
            -4.296295,
            55.807504
          ],
          [
            -4.296738,
            55.807705
          ],
          [
            -4.29718,
            55.807869
          ],
          [
            -4.297655,
            55.808036
          ],
          [
            -4.298124,
            55.80818
          ],
          [
            -4.298671,
            55.808326
          ],
          [
            -4.299221,
            55.808443
          ],
          [
            -4.299771,
            55.808543
          ],
          [
            -4.300259,
            55.808612
          ],
          [
            -4.300774,
            55.808665
          ],
          [
            -4.301085,
            55.808692
          ],
          [
            -4.304116,
            55.808874
          ],
          [
            -4.305578,
            55.808962
          ],
          [
            -4.306123,
            55.809001
          ],
          [
            -4.306664,
            55.809057
          ],
          [
            -4.307271,
            55.809144
          ],
          [
            -4.307721,
            55.809232
          ],
          [
            -4.308164,
            55.809328
          ],
          [
            -4.308716,
            55.809482
          ],
          [
            -4.309196,
            55.809634
          ],
          [
            -4.309596,
            55.809785
          ],
          [
            -4.30998,
            55.809948
          ],
          [
            -4.310374,
            55.810143
          ],
          [
            -4.310642,
            55.810287
          ],
          [
            -4.310873,
            55.810422
          ],
          [
            -4.311082,
            55.810567
          ],
          [
            -4.311307,
            55.810728
          ],
          [
            -4.311514,
            55.810891
          ],
          [
            -4.311678,
            55.811039
          ],
          [
            -4.311895,
            55.811238
          ],
          [
            -4.3121445,
            55.8115024
          ],
          [
            -4.312351,
            55.811803
          ]
        ]
      }
    },
    {
      "type": "Feature",
      "properties": {
        "name": "4374(X)",
        "type": "Axle Counters",
        "notes": "",
        "colour": "#c5e1a5",
        "equipment_number": [
          {
            "number": "7896488",
            "name": "4373/4374"
          },
          {
            "number": "7896487",
            "name": "4374/7375"
          }
        ],
        "section": "Central"
      },
      "geometry": {
        "type": "LineString",
        "coordinates": [
          [
            -4.265987,
            55.784141
          ],
          [
            -4.266521,
            55.784557
          ],
          [
            -4.267433,
            55.7853
          ],
          [
            -4.267618,
            55.785456
          ],
          [
            -4.267983,
            55.785745
          ],
          [
            -4.268882,
            55.786407
          ],
          [
            -4.269303,
            55.786682
          ],
          [
            -4.269603,
            55.786867
          ],
          [
            -4.270005,
            55.787097
          ],
          [
            -4.270381,
            55.787284
          ],
          [
            -4.270866,
            55.787519
          ],
          [
            -4.27122,
            55.787671
          ],
          [
            -4.271687,
            55.787854
          ],
          [
            -4.272205,
            55.788032
          ],
          [
            -4.273036,
            55.788314
          ],
          [
            -4.273474,
            55.788472
          ],
          [
            -4.274064,
            55.788695
          ],
          [
            -4.274514,
            55.788893
          ],
          [
            -4.274933,
            55.789084
          ],
          [
            -4.275458,
            55.789356
          ],
          [
            -4.275922,
            55.789612
          ],
          [
            -4.27644,
            55.789933
          ],
          [
            -4.276926,
            55.790244
          ],
          [
            -4.279935,
            55.792177
          ],
          [
            -4.281303,
            55.793108
          ],
          [
            -4.282623,
            55.79402
          ],
          [
            -4.284401,
            55.795271
          ],
          [
            -4.286056,
            55.796452
          ],
          [
            -4.288569,
            55.798257
          ],
          [
            -4.289615,
            55.799014
          ],
          [
            -4.290023,
            55.799339
          ],
          [
            -4.29043,
            55.799695
          ],
          [
            -4.290747,
            55.800001
          ],
          [
            -4.291074,
            55.80034
          ],
          [
            -4.291254,
            55.800541
          ],
          [
            -4.291557,
            55.800904
          ],
          [
            -4.291839,
            55.801292
          ],
          [
            -4.29215,
            55.801772
          ],
          [
            -4.292402,
            55.802238
          ],
          [
            -4.292539,
            55.802514
          ],
          [
            -4.292678,
            55.802856
          ],
          [
            -4.292786,
            55.803138
          ],
          [
            -4.292914,
            55.803628
          ],
          [
            -4.293022,
            55.804112
          ],
          [
            -4.293102,
            55.804399
          ],
          [
            -4.293228,
            55.804732
          ],
          [
            -4.293349,
            55.804979
          ],
          [
            -4.293483,
            55.8052
          ],
          [
            -4.293705,
            55.805523
          ],
          [
            -4.293912,
            55.805779
          ],
          [
            -4.294105,
            55.805983
          ],
          [
            -4.294432,
            55.806292
          ],
          [
            -4.294694,
            55.806503
          ]
        ]
      }
    },
    {
      "type": "Feature",
      "properties": {
        "name": "4375(X)",
        "type": "Axle Counters",
        "notes": "",
        "colour": "#eda29b",
        "equipment_number": [
          {
            "number": "7896486",
            "name": "4375/7376"
          }
        ],
        "section": "Central"
      },
      "geometry": {
        "type": "LineString",
        "coordinates": [
          [
            -4.26464,
            55.783077
          ],
          [
            -4.265987,
            55.784141
          ]
        ]
      }
    },
    {
      "type": "Feature",
      "properties": {
        "name": "4376(X)",
        "type": "Axle Counters",
        "notes": "",
        "colour": "#c5e1a5",
        "equipment_number": [
          {
            "number": "7896478",
            "name": "4376/(693"
          },
          {
            "number": "7896485",
            "name": "4376/4377"
          }
        ],
        "section": "Central"
      },
      "geometry": {
        "type": "LineString",
        "coordinates": [
          [
            -4.264,
            55.782564
          ],
          [
            -4.26464,
            55.783077
          ],
          [
            -4.264566,
            55.783015
          ],
          [
            -4.264335,
            55.78286
          ]
        ]
      }
    },
    {
      "type": "Feature",
      "properties": {
        "name": "4377(X)",
        "type": "Axle Counters",
        "notes": "",
        "colour": "#eda29b",
        "equipment_number": [
          {
            "number": "7896485",
            "name": "4376/4377"
          },
          {
            "number": "7896484",
            "name": "4377/4378"
          }
        ],
        "section": "Central"
      },
      "geometry": {
        "type": "LineString",
        "coordinates": [
          [
            -4.264,
            55.782564
          ],
          [
            -4.263694,
            55.782318
          ],
          [
            -4.263407,
            55.782054
          ],
          [
            -4.263174,
            55.781814
          ],
          [
            -4.262935,
            55.781549
          ],
          [
            -4.262683,
            55.781217
          ],
          [
            -4.262482,
            55.780891
          ],
          [
            -4.262401,
            55.780748
          ],
          [
            -4.262302,
            55.780542
          ],
          [
            -4.262237,
            55.780374
          ],
          [
            -4.262181,
            55.780194
          ],
          [
            -4.262157,
            55.78001
          ],
          [
            -4.262154,
            55.779811
          ],
          [
            -4.262176,
            55.779551
          ],
          [
            -4.26223,
            55.779213
          ]
        ]
      }
    },
    {
      "type": "Feature",
      "properties": {
        "name": "4413(X)",
        "type": "Axle Counters",
        "notes": "",
        "colour": "#eda29b",
        "equipment_number": [
          {
            "number": "7890087",
            "name": "4412/4413"
          },
          {
            "number": "7890062",
            "name": "4413/4414"
          }
        ],
        "section": "Central"
      },
      "geometry": {
        "type": "LineString",
        "coordinates": [
          [
            -4.269839,
            55.83865
          ],
          [
            -4.269732,
            55.837706
          ],
          [
            -4.269705,
            55.837509
          ],
          [
            -4.26963,
            55.837276
          ],
          [
            -4.269528,
            55.837048
          ],
          [
            -4.26941,
            55.836852
          ]
        ]
      }
    },
    {
      "type": "Feature",
      "properties": {
        "name": "4414(X)",
        "type": "Axle Counters",
        "notes": "",
        "colour": "#c5e1a5",
        "equipment_number": [
          {
            "number": "7890062",
            "name": "4413/4414"
          },
          {
            "number": "7890063",
            "name": "4414/4415"
          }
        ],
        "section": "Central"
      },
      "geometry": {
        "type": "LineString",
        "coordinates": [
          [
            -4.2638644,
            55.8346947
          ],
          [
            -4.264805,
            55.834852
          ],
          [
            -4.265693,
            55.835003
          ],
          [
            -4.266256,
            55.835097
          ],
          [
            -4.266815,
            55.835225
          ],
          [
            -4.267272,
            55.835372
          ],
          [
            -4.267713,
            55.835557
          ],
          [
            -4.268002,
            55.835697
          ],
          [
            -4.268217,
            55.835816
          ],
          [
            -4.268515,
            55.836025
          ],
          [
            -4.268716,
            55.836179
          ],
          [
            -4.268952,
            55.836388
          ],
          [
            -4.269161,
            55.836595
          ],
          [
            -4.269295,
            55.836741
          ],
          [
            -4.26941,
            55.836852
          ]
        ]
      }
    },
    {
      "type": "Feature",
      "properties": {
        "name": "4415(X)",
        "type": "Axle Counters",
        "notes": "",
        "colour": "#eda29b",
        "equipment_number": [
          {
            "number": "7890063",
            "name": "4414/4415"
          },
          {
            "number": "7890064",
            "name": "4415/4416"
          }
        ],
        "section": "Central"
      },
      "geometry": {
        "type": "LineString",
        "coordinates": [
          [
            -4.256259,
            55.830368
          ],
          [
            -4.256117,
            55.830489
          ],
          [
            -4.256008,
            55.830607
          ],
          [
            -4.255893,
            55.830748
          ],
          [
            -4.255782,
            55.830928
          ],
          [
            -4.255705,
            55.831082
          ],
          [
            -4.255656,
            55.831231
          ],
          [
            -4.255626,
            55.83136
          ],
          [
            -4.255613,
            55.831553
          ],
          [
            -4.255621,
            55.831768
          ],
          [
            -4.255677,
            55.832108
          ],
          [
            -4.255749,
            55.832308
          ],
          [
            -4.255838,
            55.83245
          ],
          [
            -4.255969,
            55.832624
          ],
          [
            -4.256168,
            55.83283
          ],
          [
            -4.256435,
            55.833052
          ],
          [
            -4.256588,
            55.833143
          ],
          [
            -4.25674,
            55.83324
          ],
          [
            -4.25696,
            55.833362
          ],
          [
            -4.257204,
            55.833479
          ],
          [
            -4.257415,
            55.833572
          ],
          [
            -4.257834,
            55.833723
          ],
          [
            -4.258147,
            55.833806
          ],
          [
            -4.25846,
            55.833871
          ],
          [
            -4.260501,
            55.834214
          ],
          [
            -4.261394,
            55.834346
          ],
          [
            -4.262177,
            55.83445
          ],
          [
            -4.262734,
            55.834518
          ],
          [
            -4.263521,
            55.834641
          ],
          [
            -4.2638644,
            55.8346947
          ]
        ]
      }
    },
    {
      "type": "Feature",
      "properties": {
        "name": "4416(X)",
        "type": "Axle Counters",
        "notes": "",
        "colour": "#c5e1a5",
        "equipment_number": [
          {
            "number": "7890064",
            "name": "4415/4416"
          },
          {
            "number": "7890065",
            "name": "4416/4417"
          }
        ],
        "section": "Central"
      },
      "geometry": {
        "type": "LineString",
        "coordinates": [
          [
            -4.261222,
            55.825958
          ],
          [
            -4.261244,
            55.826157
          ],
          [
            -4.261254,
            55.826263
          ],
          [
            -4.26125,
            55.82655
          ],
          [
            -4.261223,
            55.826758
          ],
          [
            -4.261181,
            55.826937
          ],
          [
            -4.261128,
            55.827092
          ],
          [
            -4.261039,
            55.827288
          ],
          [
            -4.26092,
            55.827484
          ],
          [
            -4.260732,
            55.827743
          ],
          [
            -4.26068,
            55.827814
          ],
          [
            -4.260504,
            55.828031
          ],
          [
            -4.260339,
            55.828214
          ],
          [
            -4.260106,
            55.828421
          ],
          [
            -4.259824,
            55.828621
          ],
          [
            -4.259573,
            55.828773
          ],
          [
            -4.259298,
            55.828914
          ],
          [
            -4.258833,
            55.829122
          ],
          [
            -4.257247,
            55.82979
          ],
          [
            -4.256847,
            55.829971
          ],
          [
            -4.256598,
            55.830119
          ],
          [
            -4.256418,
            55.830236
          ],
          [
            -4.256259,
            55.830368
          ]
        ]
      }
    },
    {
      "type": "Feature",
      "properties": {
        "name": "4417(X)",
        "type": "Axle Counters",
        "notes": "",
        "colour": "#eda29b",
        "equipment_number": [
          {
            "number": "7890065",
            "name": "4416/4417"
          },
          {
            "number": "7890066",
            "name": "4417/4418"
          }
        ],
        "section": "Central"
      },
      "geometry": {
        "type": "LineString",
        "coordinates": [
          [
            -4.259972,
            55.82401
          ],
          [
            -4.260727,
            55.824871
          ],
          [
            -4.260877,
            55.825065
          ],
          [
            -4.260974,
            55.825226
          ],
          [
            -4.26107,
            55.825415
          ],
          [
            -4.261154,
            55.82563
          ],
          [
            -4.261202,
            55.825805
          ],
          [
            -4.261222,
            55.825958
          ]
        ]
      }
    },
    {
      "type": "Feature",
      "properties": {
        "name": "4418(X)",
        "type": "Axle Counters",
        "notes": "",
        "colour": "#c5e1a5",
        "equipment_number": [
          {
            "number": "7890066",
            "name": "4417/4418"
          },
          {
            "number": "7890069",
            "name": "4418/4421"
          },
          {
            "number": "7889979",
            "name": "4418/4553"
          },
          {
            "number": "7895894",
            "name": "4418/4553"
          }
        ],
        "section": "Central"
      },
      "geometry": {
        "type": "LineString",
        "coordinates": [
          [
            -4.259221,
            55.822576
          ],
          [
            -4.259217,
            55.82272
          ],
          [
            -4.259228,
            55.822847
          ],
          [
            -4.259254,
            55.822967
          ],
          [
            -4.259311,
            55.823146
          ],
          [
            -4.259338,
            55.823209
          ],
          [
            -4.259631,
            55.823602
          ],
          [
            -4.259972,
            55.82401
          ],
          [
            -4.259631,
            55.823602
          ],
          [
            -4.259338,
            55.823209
          ],
          [
            -4.259186,
            55.82295
          ],
          [
            -4.259119,
            55.822816
          ],
          [
            -4.259019,
            55.822591
          ],
          [
            -4.258974,
            55.822459
          ],
          [
            -4.258898,
            55.82224
          ]
        ]
      }
    },
    {
      "type": "Feature",
      "properties": {
        "name": "4421(X)",
        "type": "Axle Counters",
        "notes": "",
        "colour": "#eda29b",
        "equipment_number": [
          {
            "number": "7890069",
            "name": "4418/4421"
          },
          {
            "number": "7890070",
            "name": "4421/4422"
          }
        ],
        "section": "Central"
      },
      "geometry": {
        "type": "LineString",
        "coordinates": [
          [
            -4.258636,
            55.821116
          ],
          [
            -4.258732,
            55.821564
          ],
          [
            -4.25882,
            55.821944
          ],
          [
            -4.258898,
            55.82224
          ]
        ]
      }
    },
    {
      "type": "Feature",
      "properties": {
        "name": "4422(X)",
        "type": "Axle Counters",
        "notes": "",
        "colour": "#c5e1a5",
        "equipment_number": [
          {
            "number": "7890070",
            "name": "4421/4422"
          },
          {
            "number": "7890071",
            "name": "4422/122R"
          },
          {
            "number": "7890072",
            "name": "4422/4423"
          }
        ],
        "section": "Central"
      },
      "geometry": {
        "type": "LineString",
        "coordinates": [
          [
            -4.258447,
            55.820168
          ],
          [
            -4.258457,
            55.820296
          ],
          [
            -4.258487,
            55.820469
          ],
          [
            -4.258528,
            55.820664
          ],
          [
            -4.258602,
            55.820998
          ],
          [
            -4.258547,
            55.82084
          ],
          [
            -4.258602,
            55.820998
          ],
          [
            -4.258636,
            55.821116
          ]
        ]
      }
    },
    {
      "type": "Feature",
      "properties": {
        "name": "4423(X)",
        "type": "Axle Counters",
        "notes": "",
        "colour": "#eda29b",
        "equipment_number": [
          {
            "number": "7890072",
            "name": "4422/4423"
          },
          {
            "number": "7890073",
            "name": "4423/4424"
          }
        ],
        "section": "Central"
      },
      "geometry": {
        "type": "LineString",
        "coordinates": [
          [
            -4.25937,
            55.818509
          ],
          [
            -4.259197,
            55.818659
          ],
          [
            -4.259025,
            55.818822
          ],
          [
            -4.258843,
            55.81903
          ],
          [
            -4.258712,
            55.819215
          ],
          [
            -4.258584,
            55.819435
          ],
          [
            -4.258495,
            55.81965
          ],
          [
            -4.258452,
            55.819837
          ],
          [
            -4.258444,
            55.820015
          ],
          [
            -4.258447,
            55.820168
          ]
        ]
      }
    },
    {
      "type": "Feature",
      "properties": {
        "name": "4424(X)",
        "type": "Axle Counters",
        "notes": "",
        "colour": "#c5e1a5",
        "equipment_number": [
          {
            "number": "7890073",
            "name": "4423/4424"
          },
          {
            "number": "7890074",
            "name": "4424/4524"
          }
        ],
        "section": "Central"
      },
      "geometry": {
        "type": "LineString",
        "coordinates": [
          [
            -4.261456,
            55.817386
          ],
          [
            -4.261216,
            55.817471
          ],
          [
            -4.260945,
            55.817588
          ],
          [
            -4.260578,
            55.817778
          ],
          [
            -4.259938,
            55.818126
          ],
          [
            -4.259736,
            55.818251
          ],
          [
            -4.259546,
            55.818384
          ],
          [
            -4.25937,
            55.818509
          ]
        ]
      }
    },
    {
      "type": "Feature",
      "properties": {
        "name": "4524(X)",
        "type": "Axle Counters",
        "notes": "",
        "colour": "#eda29b",
        "equipment_number": [
          {
            "number": "7890074",
            "name": "4424/4524"
          },
          {
            "number": "7890075",
            "name": "4524"
          },
          {
            "number": "7890076",
            "name": "4524/4523"
          }
        ],
        "section": "Central"
      },
      "geometry": {
        "type": "LineString",
        "coordinates": [
          [
            -4.26152,
            55.817309
          ],
          [
            -4.262318,
            55.817161
          ],
          [
            -4.262078,
            55.817205
          ],
          [
            -4.261749,
            55.817296
          ],
          [
            -4.261456,
            55.817386
          ]
        ]
      }
    },
    {
      "type": "Feature",
      "properties": {
        "name": "4523(X)",
        "type": "Axle Counters",
        "notes": "",
        "colour": "#c5e1a5",
        "equipment_number": [
          {
            "number": "7890077",
            "name": "4523"
          },
          {
            "number": "7890078",
            "name": "4523/4425"
          },
          {
            "number": "7890076",
            "name": "4524/4523"
          }
        ],
        "section": "Central"
      },
      "geometry": {
        "type": "LineString",
        "coordinates": [
          [
            -4.262917,
            55.817034
          ],
          [
            -4.262604,
            55.817108
          ],
          [
            -4.262318,
            55.817161
          ],
          [
            -4.262604,
            55.817108
          ],
          [
            -4.263029,
            55.817046
          ],
          [
            -4.263241,
            55.817024
          ],
          [
            -4.26343,
            55.81701
          ],
          [
            -4.263674,
            55.816998
          ]
        ]
      }
    },
    {
      "type": "Feature",
      "properties": {
        "name": "4425(X)",
        "type": "Axle Counters",
        "notes": "",
        "colour": "#eda29b",
        "equipment_number": [
          {
            "number": "7890079",
            "name": "4425/4426"
          },
          {
            "number": "7890078",
            "name": "4523/4425"
          }
        ],
        "section": "Central"
      },
      "geometry": {
        "type": "LineString",
        "coordinates": [
          [
            -4.26659,
            55.817457
          ],
          [
            -4.266279,
            55.817348
          ],
          [
            -4.265957,
            55.81725
          ],
          [
            -4.265689,
            55.817184
          ],
          [
            -4.265319,
            55.81711
          ],
          [
            -4.264793,
            55.817041
          ],
          [
            -4.264471,
            55.81701
          ],
          [
            -4.264114,
            55.816994
          ],
          [
            -4.26386,
            55.816992
          ],
          [
            -4.263674,
            55.816998
          ]
        ]
      }
    },
    {
      "type": "Feature",
      "properties": {
        "name": "4426(X)",
        "type": "Axle Counters",
        "notes": "",
        "colour": "#c5e1a5",
        "equipment_number": [
          {
            "number": "7890079",
            "name": "4425/4426"
          },
          {
            "number": "7890080",
            "name": "4426/4427"
          }
        ],
        "section": "Central"
      },
      "geometry": {
        "type": "LineString",
        "coordinates": [
          [
            -4.269209,
            55.818461
          ],
          [
            -4.267548,
            55.817828
          ],
          [
            -4.26659,
            55.817457
          ]
        ]
      }
    },
    {
      "type": "Feature",
      "properties": {
        "name": "4427(X)",
        "type": "Axle Counters",
        "notes": "",
        "colour": "#eda29b",
        "equipment_number": [
          {
            "number": "7890080",
            "name": "4426/4427"
          },
          {
            "number": "7890081",
            "name": "4427/4431"
          }
        ],
        "section": "Central"
      },
      "geometry": {
        "type": "LineString",
        "coordinates": [
          [
            -4.280926,
            55.821935
          ],
          [
            -4.280629,
            55.821846
          ],
          [
            -4.280209,
            55.821742
          ],
          [
            -4.279738,
            55.821648
          ],
          [
            -4.279193,
            55.821549
          ],
          [
            -4.278212,
            55.821386
          ],
          [
            -4.277673,
            55.821297
          ],
          [
            -4.276964,
            55.82116
          ],
          [
            -4.276154,
            55.82097
          ],
          [
            -4.275634,
            55.820829
          ],
          [
            -4.275167,
            55.820688
          ],
          [
            -4.274612,
            55.820511
          ],
          [
            -4.273995,
            55.82028
          ],
          [
            -4.2712,
            55.819212
          ],
          [
            -4.269209,
            55.818461
          ]
        ]
      }
    },
    {
      "type": "Feature",
      "properties": {
        "name": "4431(X)",
        "type": "Axle Counters",
        "notes": "",
        "colour": "#c5e1a5",
        "equipment_number": [
          {
            "number": "7890081",
            "name": "4427/4431"
          },
          {
            "number": "7890082",
            "name": "4431/4432"
          }
        ],
        "section": "Central"
      },
      "geometry": {
        "type": "LineString",
        "coordinates": [
          [
            -4.29032,
            55.826801
          ],
          [
            -4.289765,
            55.826473
          ],
          [
            -4.288298,
            55.825599
          ],
          [
            -4.286394,
            55.82446
          ],
          [
            -4.285546,
            55.824006
          ],
          [
            -4.285176,
            55.823822
          ],
          [
            -4.283583,
            55.823083
          ],
          [
            -4.282515,
            55.822586
          ],
          [
            -4.281834,
            55.822271
          ],
          [
            -4.281386,
            55.822088
          ],
          [
            -4.280926,
            55.821935
          ]
        ]
      }
    },
    {
      "type": "Feature",
      "properties": {
        "name": "4432(X)",
        "type": "Axle Counters",
        "notes": "",
        "colour": "#eda29b",
        "equipment_number": [
          {
            "number": "7890082",
            "name": "4431/4432"
          },
          {
            "number": "7890083",
            "name": "4432/4433"
          }
        ],
        "section": "Central"
      },
      "geometry": {
        "type": "LineString",
        "coordinates": [
          [
            -4.293882,
            55.834324
          ],
          [
            -4.293914,
            55.834086
          ],
          [
            -4.293933,
            55.833898
          ],
          [
            -4.293919,
            55.83365
          ],
          [
            -4.293892,
            55.833497
          ],
          [
            -4.293839,
            55.833276
          ],
          [
            -4.293761,
            55.833026
          ],
          [
            -4.293428,
            55.83212
          ],
          [
            -4.293053,
            55.831098
          ],
          [
            -4.292865,
            55.830602
          ],
          [
            -4.292683,
            55.830219
          ],
          [
            -4.292186,
            55.829209
          ],
          [
            -4.291717,
            55.828256
          ],
          [
            -4.29161,
            55.82805
          ],
          [
            -4.291535,
            55.827918
          ],
          [
            -4.29143,
            55.827759
          ],
          [
            -4.291285,
            55.827578
          ],
          [
            -4.291148,
            55.827428
          ],
          [
            -4.290946,
            55.827246
          ],
          [
            -4.290629,
            55.827012
          ],
          [
            -4.29032,
            55.826801
          ]
        ]
      }
    },
    {
      "type": "Feature",
      "properties": {
        "name": "4433(X)",
        "type": "Axle Counters",
        "notes": "",
        "colour": "#c5e1a5",
        "equipment_number": [
          {
            "number": "7890083",
            "name": "4432/4433"
          },
          {
            "number": "7890084",
            "name": "4433/4434"
          }
        ],
        "section": "Central"
      },
      "geometry": {
        "type": "LineString",
        "coordinates": [
          [
            -4.290468,
            55.837196
          ],
          [
            -4.290702,
            55.837118
          ],
          [
            -4.291056,
            55.836982
          ],
          [
            -4.291333,
            55.836862
          ],
          [
            -4.29163,
            55.836722
          ],
          [
            -4.29192,
            55.836576
          ],
          [
            -4.292236,
            55.836393
          ],
          [
            -4.292532,
            55.836188
          ],
          [
            -4.29281,
            55.83597
          ],
          [
            -4.292985,
            55.835807
          ],
          [
            -4.293216,
            55.835577
          ],
          [
            -4.293438,
            55.835294
          ],
          [
            -4.293612,
            55.835044
          ],
          [
            -4.293752,
            55.834761
          ],
          [
            -4.293851,
            55.834455
          ],
          [
            -4.293882,
            55.834324
          ]
        ]
      }
    },
    {
      "type": "Feature",
      "properties": {
        "name": "4434(X)",
        "type": "Axle Counters",
        "notes": "",
        "colour": "#eda29b",
        "equipment_number": [
          {
            "number": "7890084",
            "name": "4433/4434"
          },
          {
            "number": "7890085",
            "name": "4434"
          }
        ],
        "section": "Central"
      },
      "geometry": {
        "type": "LineString",
        "coordinates": [
          [
            -4.281274,
            55.837518
          ],
          [
            -4.283736,
            55.837591
          ],
          [
            -4.28485,
            55.837624
          ],
          [
            -4.286496,
            55.837655
          ],
          [
            -4.286963,
            55.837662
          ],
          [
            -4.287392,
            55.83766
          ],
          [
            -4.287854,
            55.837642
          ],
          [
            -4.28821,
            55.837616
          ],
          [
            -4.288556,
            55.837582
          ],
          [
            -4.28901,
            55.83752
          ],
          [
            -4.289699,
            55.837395
          ],
          [
            -4.290198,
            55.837279
          ],
          [
            -4.290468,
            55.837196
          ]
        ]
      }
    },
    {
      "type": "Feature",
      "properties": {
        "name": "4435(X)",
        "type": "Axle Counters",
        "notes": "",
        "colour": "#c5e1a5",
        "equipment_number": [
          {
            "number": "7890091",
            "name": "4307/4435"
          },
          {
            "number": "7890090",
            "name": "4435"
          }
        ],
        "section": "Central"
      },
      "geometry": {
        "type": "LineString",
        "coordinates": [
          [
            -4.281274,
            55.837518
          ],
          [
            -4.278687,
            55.837444
          ],
          [
            -4.278044,
            55.837442
          ],
          [
            -4.277276,
            55.837464
          ],
          [
            -4.27663,
            55.837505
          ],
          [
            -4.275927,
            55.837576
          ],
          [
            -4.275361,
            55.837651
          ],
          [
            -4.274412,
            55.837797
          ],
          [
            -4.273017,
            55.838023
          ],
          [
            -4.272752,
            55.838082
          ],
          [
            -4.272403,
            55.838182
          ],
          [
            -4.272065,
            55.838305
          ],
          [
            -4.271782,
            55.838433
          ],
          [
            -4.271543,
            55.838558
          ],
          [
            -4.27133,
            55.838688
          ],
          [
            -4.271107,
            55.838846
          ],
          [
            -4.270777,
            55.839093
          ]
        ]
      }
    },
    {
      "type": "Feature",
      "properties": {
        "name": "4472(X)",
        "type": "Axle Counters",
        "notes": "",
        "colour": "#a1c2fa",
        "equipment_number": [
          {
            "number": "7895384",
            "name": "4306/4472"
          },
          {
            "number": "7895383",
            "name": "4472/4471"
          }
        ],
        "section": "Central"
      },
      "geometry": {
        "type": "LineString",
        "coordinates": [
          [
            -4.270936,
            55.8390204
          ],
          [
            -4.27129,
            55.838758
          ],
          [
            -4.271525,
            55.838612
          ],
          [
            -4.271664,
            55.83853
          ],
          [
            -4.271858,
            55.838434
          ],
          [
            -4.272034,
            55.838356
          ],
          [
            -4.272243,
            55.838274
          ],
          [
            -4.272461,
            55.838202
          ],
          [
            -4.272701,
            55.838131
          ],
          [
            -4.272982,
            55.838061
          ],
          [
            -4.274433,
            55.837854
          ]
        ]
      }
    },
    {
      "type": "Feature",
      "properties": {
        "name": "4471(X)",
        "type": "Axle Counters",
        "notes": "",
        "colour": "#ffff8d",
        "equipment_number": [
          {
            "number": "7895382",
            "name": "4471"
          },
          {
            "number": "7895383",
            "name": "4472/4471"
          }
        ],
        "section": "Central"
      },
      "geometry": {
        "type": "LineString",
        "coordinates": [
          [
            -4.280956,
            55.837546
          ],
          [
            -4.279224,
            55.837489
          ],
          [
            -4.278687,
            55.837477
          ],
          [
            -4.278397,
            55.837476
          ],
          [
            -4.278059,
            55.837489
          ],
          [
            -4.277496,
            55.837542
          ],
          [
            -4.274433,
            55.837854
          ]
        ]
      }
    },
    {
      "type": "Feature",
      "properties": {
        "name": "4468(X)",
        "type": "Axle Counters",
        "notes": "",
        "colour": "#a1c2fa",
        "equipment_number": [
          {
            "number": "7895378",
            "name": "4466/4468"
          },
          {
            "number": "7895379",
            "name": "4468"
          }
        ],
        "section": "Central"
      },
      "geometry": {
        "type": "LineString",
        "coordinates": [
          [
            -4.293292,
            55.83557
          ],
          [
            -4.293007,
            55.835858
          ],
          [
            -4.292763,
            55.836064
          ],
          [
            -4.292401,
            55.836332
          ],
          [
            -4.292117,
            55.836507
          ],
          [
            -4.291803,
            55.836679
          ],
          [
            -4.291191,
            55.836973
          ],
          [
            -4.290639,
            55.837196
          ],
          [
            -4.290116,
            55.837391
          ],
          [
            -4.289759,
            55.837497
          ],
          [
            -4.289263,
            55.837608
          ],
          [
            -4.288783,
            55.837684
          ],
          [
            -4.288257,
            55.837738
          ],
          [
            -4.28778,
            55.837756
          ],
          [
            -4.287426,
            55.83775
          ],
          [
            -4.286578,
            55.837702
          ],
          [
            -4.28605,
            55.837682
          ],
          [
            -4.283496,
            55.837617
          ],
          [
            -4.280956,
            55.837546
          ]
        ]
      }
    },
    {
      "type": "Feature",
      "properties": {
        "name": "4466(X)",
        "type": "Axle Counters",
        "notes": "",
        "colour": "#ffff8d",
        "equipment_number": [
          {
            "number": "7895377",
            "name": "4465/4466"
          },
          {
            "number": "7895378",
            "name": "4466/4468"
          }
        ],
        "section": "Central"
      },
      "geometry": {
        "type": "LineString",
        "coordinates": [
          [
            -4.2919892,
            55.8284969
          ],
          [
            -4.292316,
            55.829007
          ],
          [
            -4.292444,
            55.829267
          ],
          [
            -4.292581,
            55.829622
          ],
          [
            -4.292686,
            55.829905
          ],
          [
            -4.292927,
            55.830585
          ],
          [
            -4.293402,
            55.831883
          ],
          [
            -4.293769,
            55.83288
          ],
          [
            -4.293898,
            55.833266
          ],
          [
            -4.293952,
            55.833495
          ],
          [
            -4.293987,
            55.833763
          ],
          [
            -4.293987,
            55.834009
          ],
          [
            -4.29396,
            55.834272
          ],
          [
            -4.293887,
            55.834548
          ],
          [
            -4.293831,
            55.83473
          ],
          [
            -4.293705,
            55.834991
          ],
          [
            -4.293598,
            55.835172
          ],
          [
            -4.29347,
            55.835351
          ],
          [
            -4.293292,
            55.83557
          ]
        ]
      }
    },
    {
      "type": "Feature",
      "properties": {
        "name": "4465(X)",
        "type": "Axle Counters",
        "notes": "",
        "colour": "#a1c2fa",
        "equipment_number": [
          {
            "number": "7895376",
            "name": "4464/4465"
          },
          {
            "number": "7895377",
            "name": "4465/4466"
          }
        ],
        "section": "Central"
      },
      "geometry": {
        "type": "LineString",
        "coordinates": [
          [
            -4.280811,
            55.82186
          ],
          [
            -4.281202,
            55.821986
          ],
          [
            -4.281556,
            55.822116
          ],
          [
            -4.281815,
            55.822221
          ],
          [
            -4.282349,
            55.822461
          ],
          [
            -4.282785,
            55.822666
          ],
          [
            -4.285359,
            55.823842
          ],
          [
            -4.286075,
            55.824193
          ],
          [
            -4.286541,
            55.824411
          ],
          [
            -4.286828,
            55.824554
          ],
          [
            -4.287169,
            55.824736
          ],
          [
            -4.287577,
            55.824991
          ],
          [
            -4.287866,
            55.825188
          ],
          [
            -4.288245,
            55.825464
          ],
          [
            -4.288384,
            55.825574
          ],
          [
            -4.28862,
            55.825729
          ],
          [
            -4.288934,
            55.825928
          ],
          [
            -4.289524,
            55.826285
          ],
          [
            -4.290441,
            55.826841
          ],
          [
            -4.290715,
            55.827014
          ],
          [
            -4.29098,
            55.827201
          ],
          [
            -4.291106,
            55.827323
          ],
          [
            -4.291249,
            55.827463
          ],
          [
            -4.291351,
            55.827566
          ],
          [
            -4.29163,
            55.827946
          ],
          [
            -4.291855,
            55.828292
          ],
          [
            -4.2919892,
            55.8284969
          ]
        ]
      }
    },
    {
      "type": "Feature",
      "properties": {
        "name": "4464(X)",
        "type": "Axle Counters",
        "notes": "",
        "colour": "#ffff8d",
        "equipment_number": [
          {
            "number": "7895375",
            "name": "4463/4464"
          },
          {
            "number": "7895376",
            "name": "4464/4465"
          }
        ],
        "section": "Central"
      },
      "geometry": {
        "type": "LineString",
        "coordinates": [
          [
            -4.272576,
            55.819701
          ],
          [
            -4.273672,
            55.820117
          ],
          [
            -4.27412,
            55.820278
          ],
          [
            -4.274447,
            55.820384
          ],
          [
            -4.274822,
            55.820492
          ],
          [
            -4.27581,
            55.820749
          ],
          [
            -4.27789,
            55.821274
          ],
          [
            -4.278438,
            55.821386
          ],
          [
            -4.279616,
            55.821591
          ],
          [
            -4.280058,
            55.821675
          ],
          [
            -4.280444,
            55.821763
          ],
          [
            -4.280621,
            55.821809
          ],
          [
            -4.280811,
            55.82186
          ]
        ]
      }
    },
    {
      "type": "Feature",
      "properties": {
        "name": "4463(X)",
        "type": "Axle Counters",
        "notes": "",
        "colour": "#a1c2fa",
        "equipment_number": [
          {
            "number": "7895375",
            "name": "4463/4464"
          },
          {
            "number": "7895374",
            "name": "4522/4463"
          }
        ],
        "section": "Central"
      },
      "geometry": {
        "type": "LineString",
        "coordinates": [
          [
            -4.263671,
            55.816942
          ],
          [
            -4.26401,
            55.816936
          ],
          [
            -4.264241,
            55.816941
          ],
          [
            -4.264527,
            55.816955
          ],
          [
            -4.26488,
            55.816985
          ],
          [
            -4.265243,
            55.817037
          ],
          [
            -4.26561,
            55.817113
          ],
          [
            -4.266025,
            55.817222
          ],
          [
            -4.266508,
            55.817383
          ],
          [
            -4.267008,
            55.817578
          ],
          [
            -4.26874,
            55.818241
          ],
          [
            -4.271876,
            55.81943
          ],
          [
            -4.272576,
            55.819701
          ]
        ]
      }
    },
    {
      "type": "Feature",
      "properties": {
        "name": "4522(X)",
        "type": "Axle Counters",
        "notes": "",
        "colour": "#ffff8d",
        "equipment_number": [
          {
            "number": "7895316",
            "name": "4491/4522"
          },
          {
            "number": "7895315",
            "name": "4522/(128N)"
          },
          {
            "number": "7895374",
            "name": "4522/4463"
          }
        ],
        "section": "Central"
      },
      "geometry": {
        "type": "LineString",
        "coordinates": [
          [
            -4.263671,
            55.816942
          ],
          [
            -4.263276,
            55.816968
          ],
          [
            -4.263164,
            55.816978
          ],
          [
            -4.263502,
            55.816895
          ],
          [
            -4.263164,
            55.816978
          ],
          [
            -4.262949,
            55.817003
          ],
          [
            -4.263164,
            55.816978
          ],
          [
            -4.262917,
            55.817034
          ]
        ]
      }
    },
    {
      "type": "Feature",
      "properties": {
        "name": "4491(X)",
        "type": "Axle Counters",
        "notes": "",
        "colour": "#a1c2fa",
        "equipment_number": [
          {
            "number": "7895313",
            "name": "4488/4491"
          },
          {
            "number": "7896019",
            "name": "4488/4491"
          },
          {
            "number": "7895317",
            "name": "4491/4493"
          },
          {
            "number": "7895459",
            "name": "4491/4493"
          },
          {
            "number": "7895316",
            "name": "4491/4522"
          },
          {
            "number": "7895312",
            "name": "4525/4491"
          }
        ],
        "section": "Central"
      },
      "geometry": {
        "type": "LineString",
        "coordinates": [
          [
            -4.26339,
            55.816877
          ],
          [
            -4.263141,
            55.816939
          ],
          [
            -4.262646,
            55.817049
          ],
          [
            -4.262949,
            55.817003
          ],
          [
            -4.262645,
            55.81705
          ],
          [
            -4.261976,
            55.81717
          ],
          [
            -4.261834,
            55.817197
          ],
          [
            -4.261343,
            55.817319
          ],
          [
            -4.261834,
            55.817197
          ],
          [
            -4.261302,
            55.817299
          ],
          [
            -4.261218,
            55.817315
          ]
        ]
      }
    },
    {
      "type": "Feature",
      "properties": {
        "name": "4525(X)",
        "type": "Axle Counters",
        "notes": "",
        "colour": "#c5e1a5",
        "equipment_number": [
          {
            "number": "7895310",
            "name": "4462/4525"
          },
          {
            "number": "7895314",
            "name": "4525/(125N)"
          },
          {
            "number": "7895312",
            "name": "4525/4491"
          },
          {
            "number": "7895311",
            "name": "4526/4525"
          },
          {
            "number": "7896341",
            "name": "4526/4525"
          }
        ],
        "section": "Central"
      },
      "geometry": {
        "type": "LineString",
        "coordinates": [
          [
            -4.26152,
            55.817309
          ],
          [
            -4.261125,
            55.817388
          ],
          [
            -4.261343,
            55.817319
          ],
          [
            -4.261123,
            55.817389
          ],
          [
            -4.260738,
            55.817528
          ],
          [
            -4.261122,
            55.817388
          ],
          [
            -4.26085,
            55.817446
          ],
          [
            -4.260568,
            55.817523
          ],
          [
            -4.260426,
            55.817566
          ]
        ]
      }
    },
    {
      "type": "Feature",
      "properties": {
        "name": "4462(X)",
        "type": "Axle Counters",
        "notes": "",
        "colour": "#ffff8d",
        "equipment_number": [
          {
            "number": "7895309",
            "name": "4461/4462"
          },
          {
            "number": "7895310",
            "name": "4462/4525"
          }
        ],
        "section": "Central"
      },
      "geometry": {
        "type": "LineString",
        "coordinates": [
          [
            -4.25927,
            55.81848
          ],
          [
            -4.259557,
            55.818254
          ],
          [
            -4.259749,
            55.818111
          ],
          [
            -4.260037,
            55.817908
          ],
          [
            -4.260352,
            55.817721
          ],
          [
            -4.260561,
            55.817612
          ],
          [
            -4.260738,
            55.817528
          ]
        ]
      }
    },
    {
      "type": "Feature",
      "properties": {
        "name": "4461(X)",
        "type": "Axle Counters",
        "notes": "",
        "colour": "#a1c2fa",
        "equipment_number": [
          {
            "number": "7895308",
            "name": "4458/4461"
          },
          {
            "number": "7895309",
            "name": "4461/4462"
          }
        ],
        "section": "Central"
      },
      "geometry": {
        "type": "LineString",
        "coordinates": [
          [
            -4.258638,
            55.819186
          ],
          [
            -4.258773,
            55.818978
          ],
          [
            -4.258894,
            55.818834
          ],
          [
            -4.25913,
            55.818609
          ],
          [
            -4.25927,
            55.81848
          ]
        ]
      }
    },
    {
      "type": "Feature",
      "properties": {
        "name": "4458(X)",
        "type": "Axle Counters",
        "notes": "",
        "colour": "#ffff8d",
        "equipment_number": [
          {
            "number": "7895306",
            "name": "4457/4458"
          },
          {
            "number": "7895307",
            "name": "4458/(122R)"
          },
          {
            "number": "7895308",
            "name": "4458/4461"
          }
        ],
        "section": "Central"
      },
      "geometry": {
        "type": "LineString",
        "coordinates": [
          [
            -4.258602,
            55.821202
          ],
          [
            -4.258461,
            55.820612
          ],
          [
            -4.258547,
            55.82084
          ],
          [
            -4.258463,
            55.820612
          ],
          [
            -4.258406,
            55.820315
          ],
          [
            -4.258388,
            55.820061
          ],
          [
            -4.258404,
            55.819795
          ],
          [
            -4.258457,
            55.819584
          ],
          [
            -4.258508,
            55.819425
          ],
          [
            -4.258638,
            55.819186
          ]
        ]
      }
    },
    {
      "type": "Feature",
      "properties": {
        "name": "4457(X)",
        "type": "Axle Counters",
        "notes": "",
        "colour": "#a1c2fa",
        "equipment_number": [
          {
            "number": "7895305",
            "name": "4456/4457"
          },
          {
            "number": "7895306",
            "name": "4457/4458"
          }
        ],
        "section": "Central"
      },
      "geometry": {
        "type": "LineString",
        "coordinates": [
          [
            -4.258951,
            55.822552
          ],
          [
            -4.258863,
            55.82231
          ],
          [
            -4.258794,
            55.822062
          ],
          [
            -4.258637,
            55.821363
          ],
          [
            -4.258602,
            55.821202
          ]
        ]
      }
    },
    {
      "type": "Feature",
      "properties": {
        "name": "4456(X)",
        "type": "Axle Counters",
        "notes": "",
        "colour": "#ffff8d",
        "equipment_number": [
          {
            "number": "7895303",
            "name": "4455/4456"
          },
          {
            "number": "7889987",
            "name": "4456"
          },
          {
            "number": "7895304",
            "name": "4456"
          },
          {
            "number": "7895305",
            "name": "4456/4457"
          }
        ],
        "section": "Central"
      },
      "geometry": {
        "type": "LineString",
        "coordinates": [
          [
            -4.258951,
            55.822552
          ],
          [
            -4.259035,
            55.822759
          ],
          [
            -4.259171,
            55.823025
          ],
          [
            -4.258871,
            55.822549
          ],
          [
            -4.259169,
            55.823028
          ],
          [
            -4.259348,
            55.823314
          ],
          [
            -4.259558,
            55.823595
          ],
          [
            -4.260038,
            55.824161
          ]
        ]
      }
    },
    {
      "type": "Feature",
      "properties": {
        "name": "4455(X)",
        "type": "Axle Counters",
        "notes": "",
        "colour": "#a1c2fa",
        "equipment_number": [
          {
            "number": "7895302",
            "name": "4454/4455"
          },
          {
            "number": "7895303",
            "name": "4455/4456"
          }
        ],
        "section": "Central"
      },
      "geometry": {
        "type": "LineString",
        "coordinates": [
          [
            -4.261124,
            55.825965
          ],
          [
            -4.261117,
            55.825799
          ],
          [
            -4.261077,
            55.825617
          ],
          [
            -4.261032,
            55.825471
          ],
          [
            -4.260922,
            55.825251
          ],
          [
            -4.260809,
            55.825074
          ],
          [
            -4.260624,
            55.824833
          ],
          [
            -4.260038,
            55.824161
          ]
        ]
      }
    },
    {
      "type": "Feature",
      "properties": {
        "name": "4454(X)",
        "type": "Axle Counters",
        "notes": "",
        "colour": "#ffff8d",
        "equipment_number": [
          {
            "number": "7895301",
            "name": "4453/4454"
          },
          {
            "number": "7895302",
            "name": "4454/4455"
          }
        ],
        "section": "Central"
      },
      "geometry": {
        "type": "LineString",
        "coordinates": [
          [
            -4.258352,
            55.829289
          ],
          [
            -4.258871,
            55.829066
          ],
          [
            -4.259201,
            55.828918
          ],
          [
            -4.259531,
            55.82875
          ],
          [
            -4.259831,
            55.82857
          ],
          [
            -4.260094,
            55.828383
          ],
          [
            -4.260248,
            55.82823
          ],
          [
            -4.260487,
            55.827978
          ],
          [
            -4.260756,
            55.827584
          ],
          [
            -4.260817,
            55.827448
          ],
          [
            -4.260916,
            55.827102
          ],
          [
            -4.260984,
            55.826798
          ],
          [
            -4.26111,
            55.826192
          ],
          [
            -4.261124,
            55.825965
          ]
        ]
      }
    },
    {
      "type": "Feature",
      "properties": {
        "name": "4453(X)",
        "type": "Axle Counters",
        "notes": "",
        "colour": "#a1c2fa",
        "equipment_number": [
          {
            "number": "7895300",
            "name": "4452/4453"
          },
          {
            "number": "7895301",
            "name": "4453/4454"
          }
        ],
        "section": "Central"
      },
      "geometry": {
        "type": "LineString",
        "coordinates": [
          [
            -4.257712,
            55.833747
          ],
          [
            -4.25743,
            55.83366
          ],
          [
            -4.257158,
            55.833556
          ],
          [
            -4.256879,
            55.833432
          ],
          [
            -4.256624,
            55.833292
          ],
          [
            -4.256421,
            55.833164
          ],
          [
            -4.256207,
            55.833003
          ],
          [
            -4.256007,
            55.832805
          ],
          [
            -4.255869,
            55.832644
          ],
          [
            -4.255778,
            55.832494
          ],
          [
            -4.255689,
            55.832329
          ],
          [
            -4.255626,
            55.832156
          ],
          [
            -4.25557,
            55.831918
          ],
          [
            -4.255556,
            55.831676
          ],
          [
            -4.255559,
            55.831454
          ],
          [
            -4.255572,
            55.83134
          ],
          [
            -4.255601,
            55.831214
          ],
          [
            -4.255652,
            55.83108
          ],
          [
            -4.255716,
            55.830933
          ],
          [
            -4.255803,
            55.83079
          ],
          [
            -4.255912,
            55.830648
          ],
          [
            -4.256,
            55.830546
          ],
          [
            -4.256154,
            55.830394
          ],
          [
            -4.256287,
            55.830284
          ],
          [
            -4.256466,
            55.830154
          ],
          [
            -4.256608,
            55.830064
          ],
          [
            -4.256857,
            55.829924
          ],
          [
            -4.257142,
            55.829792
          ],
          [
            -4.257371,
            55.829696
          ],
          [
            -4.258352,
            55.829289
          ]
        ]
      }
    },
    {
      "type": "Feature",
      "properties": {
        "name": "4452(X)",
        "type": "Axle Counters",
        "notes": "",
        "colour": "#ffff8d",
        "equipment_number": [
          {
            "number": "7895300",
            "name": "4452/4453"
          }
        ],
        "section": "Central"
      },
      "geometry": {
        "type": "LineString",
        "coordinates": [
          [
            -4.269711,
            55.837963
          ],
          [
            -4.26966,
            55.83758
          ],
          [
            -4.269593,
            55.837335
          ],
          [
            -4.26954,
            55.837201
          ],
          [
            -4.269277,
            55.836775
          ],
          [
            -4.2691,
            55.836594
          ],
          [
            -4.268743,
            55.836261
          ],
          [
            -4.268376,
            55.83604
          ],
          [
            -4.268003,
            55.835826
          ],
          [
            -4.267501,
            55.835607
          ],
          [
            -4.26685,
            55.835374
          ],
          [
            -4.266034,
            55.835149
          ],
          [
            -4.265535,
            55.835035
          ],
          [
            -4.264857,
            55.834893
          ],
          [
            -4.264063,
            55.834758
          ],
          [
            -4.262947,
            55.83458
          ],
          [
            -4.261716,
            55.834426
          ],
          [
            -4.260544,
            55.834255
          ],
          [
            -4.259138,
            55.83402
          ],
          [
            -4.258197,
            55.833857
          ],
          [
            -4.257958,
            55.833809
          ],
          [
            -4.257712,
            55.833747
          ]
        ]
      }
    },
    {
      "type": "Feature",
      "properties": {
        "name": "4561(X)",
        "type": "Axle Counters",
        "notes": "",
        "colour": "#a1c2fa",
        "equipment_number": [
          {
            "number": "7889977",
            "name": "4561"
          },
          {
            "number": "7896336",
            "name": "4561"
          },
          {
            "number": "7889978",
            "name": "4562/4561"
          },
          {
            "number": "7896335",
            "name": "4562/4561"
          }
        ],
        "section": "Central"
      },
      "geometry": {
        "type": "LineString",
        "coordinates": [
          [
            -4.2530121,
            55.8199199
          ],
          [
            -4.254079,
            55.819991
          ],
          [
            -4.254742,
            55.820043
          ],
          [
            -4.255254,
            55.820116
          ],
          [
            -4.255562,
            55.820179
          ],
          [
            -4.255984,
            55.820286
          ],
          [
            -4.256209,
            55.820355
          ],
          [
            -4.256617,
            55.820497
          ],
          [
            -4.256941,
            55.820642
          ],
          [
            -4.257234,
            55.820796
          ],
          [
            -4.257545,
            55.820987
          ],
          [
            -4.25784,
            55.821204
          ],
          [
            -4.258009,
            55.821358
          ],
          [
            -4.258253,
            55.821602
          ],
          [
            -4.258475,
            55.82191
          ],
          [
            -4.258871,
            55.822549
          ]
        ]
      }
    },
    {
      "type": "Feature",
      "properties": {
        "name": "4551(X)",
        "type": "Axle Counters",
        "notes": "",
        "colour": "#eda29b",
        "equipment_number": [
          {
            "number": "7889983",
            "name": "4527/4551"
          },
          {
            "number": "7896020",
            "name": "4527/4551"
          },
          {
            "number": "7896338",
            "name": "4527/4551"
          },
          {
            "number": "7889982",
            "name": "4551/4552"
          },
          {
            "number": "7896032",
            "name": "4551/4552"
          }
        ],
        "section": "Central"
      },
      "geometry": {
        "type": "LineString",
        "coordinates": [
          [
            -4.252191,
            55.819834
          ],
          [
            -4.252532,
            55.819854
          ],
          [
            -4.252784,
            55.819855
          ],
          [
            -4.253114,
            55.819854
          ],
          [
            -4.253873,
            55.819836
          ],
          [
            -4.254493,
            55.819822
          ],
          [
            -4.255748,
            55.819792
          ],
          [
            -4.256251,
            55.81979
          ]
        ]
      }
    },
    {
      "type": "Feature",
      "properties": {
        "name": "4552(X)",
        "type": "Axle Counters",
        "notes": "",
        "colour": "#c5e1a5",
        "equipment_number": [
          {
            "number": "7895380",
            "name": "4451/4552"
          },
          {
            "number": "7889982",
            "name": "4551/4552"
          },
          {
            "number": "7896032",
            "name": "4551/4552"
          },
          {
            "number": "7889981",
            "name": "4552"
          },
          {
            "number": "7896033",
            "name": "4552"
          }
        ],
        "section": "Central"
      },
      "geometry": {
        "type": "LineString",
        "coordinates": [
          [
            -4.258688,
            55.820516
          ],
          [
            -4.258522,
            55.820402
          ],
          [
            -4.258184,
            55.820213
          ],
          [
            -4.257924,
            55.820097
          ],
          [
            -4.257594,
            55.81999
          ],
          [
            -4.257371,
            55.819927
          ],
          [
            -4.257047,
            55.819859
          ],
          [
            -4.256623,
            55.81981
          ],
          [
            -4.2564,
            55.819793
          ],
          [
            -4.256251,
            55.81979
          ]
        ]
      }
    },
    {
      "type": "Feature",
      "properties": {
        "name": "4553(X)",
        "type": "Axle Counters",
        "notes": "",
        "colour": "#eda29b",
        "equipment_number": [
          {
            "number": "7889979",
            "name": "4418/4553"
          },
          {
            "number": "7895894",
            "name": "4418/4553"
          },
          {
            "number": "7889980",
            "name": "4553"
          },
          {
            "number": "7895895",
            "name": "4553"
          }
        ],
        "section": "Central"
      },
      "geometry": {
        "type": "LineString",
        "coordinates": [
          [
            -4.259221,
            55.822576
          ],
          [
            -4.259248,
            55.82229
          ],
          [
            -4.259292,
            55.821882
          ],
          [
            -4.259308,
            55.821726
          ],
          [
            -4.259305,
            55.821543
          ],
          [
            -4.259283,
            55.821386
          ],
          [
            -4.259238,
            55.821225
          ],
          [
            -4.259192,
            55.821119
          ],
          [
            -4.259112,
            55.820984
          ],
          [
            -4.259021,
            55.820854
          ],
          [
            -4.258911,
            55.820723
          ],
          [
            -4.258768,
            55.820584
          ],
          [
            -4.258688,
            55.820516
          ]
        ]
      }
    },
    {
      "type": "Feature",
      "properties": {
        "name": "4527(X)",
        "type": "Axle Counters",
        "notes": "",
        "colour": "#c5e1a5",
        "equipment_number": [
          {
            "number": "7889984",
            "name": "4527/114N"
          },
          {
            "number": "7896339",
            "name": "4527/114N"
          },
          {
            "number": "7896340",
            "name": "4527/4526"
          },
          {
            "number": "7889983",
            "name": "4527/4551"
          },
          {
            "number": "7896020",
            "name": "4527/4551"
          },
          {
            "number": "7896338",
            "name": "4527/4551"
          },
          {
            "number": "7896337",
            "name": "4528/4527"
          }
        ],
        "section": "Central"
      },
      "geometry": {
        "type": "LineString",
        "coordinates": [
          [
            -4.252191,
            55.819834
          ],
          [
            -4.251579,
            55.819799
          ],
          [
            -4.251303,
            55.819798
          ],
          [
            -4.251579,
            55.819799
          ],
          [
            -4.251291,
            55.81978
          ],
          [
            -4.251579,
            55.819799
          ],
          [
            -4.252376,
            55.819778
          ],
          [
            -4.252802,
            55.819748
          ],
          [
            -4.252938,
            55.819737
          ]
        ]
      }
    },
    {
      "type": "Feature",
      "properties": {
        "name": "4526(X)",
        "type": "Axle Counters",
        "notes": "",
        "colour": "#ffff8d",
        "equipment_number": [
          {
            "number": "7895311",
            "name": "4526/4525"
          },
          {
            "number": "7896341",
            "name": "4526/4525"
          },
          {
            "number": "7896340",
            "name": "4527/4526"
          }
        ],
        "section": "Central"
      },
      "geometry": {
        "type": "LineString",
        "coordinates": [
          [
            -4.260426,
            55.817566
          ],
          [
            -4.259992,
            55.817708
          ],
          [
            -4.25933,
            55.81796
          ],
          [
            -4.258082,
            55.818433
          ],
          [
            -4.25665,
            55.818982
          ],
          [
            -4.256294,
            55.819098
          ],
          [
            -4.255929,
            55.819211
          ],
          [
            -4.255443,
            55.819339
          ],
          [
            -4.255006,
            55.819443
          ],
          [
            -4.25447,
            55.819542
          ],
          [
            -4.253888,
            55.819637
          ],
          [
            -4.253391,
            55.819699
          ],
          [
            -4.252938,
            55.819737
          ]
        ]
      }
    },
    {
      "type": "Feature",
      "properties": {
        "name": "4488(X)",
        "type": "Axle Counters",
        "notes": "",
        "colour": "#eda29b",
        "equipment_number": [
          {
            "number": "7896035",
            "name": "4487/4488"
          },
          {
            "number": "7895313",
            "name": "4488/4491"
          },
          {
            "number": "7896019",
            "name": "4488/4491"
          }
        ],
        "section": "Central"
      },
      "geometry": {
        "type": "LineString",
        "coordinates": [
          [
            -4.258253,
            55.818328
          ],
          [
            -4.259086,
            55.818013
          ],
          [
            -4.259906,
            55.817699
          ],
          [
            -4.260109,
            55.817626
          ],
          [
            -4.260458,
            55.817511
          ],
          [
            -4.260681,
            55.817451
          ],
          [
            -4.261048,
            55.817353
          ],
          [
            -4.261218,
            55.817315
          ]
        ]
      }
    },
    {
      "type": "Feature",
      "properties": {
        "name": "4487(X)",
        "type": "Axle Counters",
        "notes": "",
        "colour": "#c5e1a5",
        "equipment_number": [
          {
            "number": "7896034",
            "name": "4486/4487"
          },
          {
            "number": "7896035",
            "name": "4487/4488"
          }
        ],
        "section": "Central"
      },
      "geometry": {
        "type": "LineString",
        "coordinates": [
          [
            -4.258253,
            55.818328
          ],
          [
            -4.257175,
            55.818742
          ],
          [
            -4.256676,
            55.81893
          ],
          [
            -4.256539,
            55.81898
          ],
          [
            -4.256059,
            55.819132
          ],
          [
            -4.255536,
            55.819283
          ],
          [
            -4.255018,
            55.819403
          ],
          [
            -4.254541,
            55.819497
          ],
          [
            -4.254048,
            55.819581
          ],
          [
            -4.253506,
            55.819655
          ],
          [
            -4.253114,
            55.819693
          ],
          [
            -4.25265,
            55.819729
          ],
          [
            -4.252288,
            55.819747
          ],
          [
            -4.252104,
            55.819758
          ],
          [
            -4.251782,
            55.819763
          ]
        ]
      }
    },
    {
      "type": "Feature",
      "properties": {
        "name": "4486(X)",
        "type": "Axle Counters",
        "notes": "",
        "colour": "#eda29b",
        "equipment_number": [
          {
            "number": "7896030",
            "name": "4485/4486"
          },
          {
            "number": "7889985",
            "name": "4486/114N"
          },
          {
            "number": "7896031",
            "name": "4486/114N"
          },
          {
            "number": "7896034",
            "name": "4486/4487"
          }
        ],
        "section": "Central"
      },
      "geometry": {
        "type": "LineString",
        "coordinates": [
          [
            -4.251782,
            55.819763
          ],
          [
            -4.251245,
            55.819764
          ],
          [
            -4.250997,
            55.81976
          ],
          [
            -4.251291,
            55.81978
          ],
          [
            -4.250994,
            55.819759
          ],
          [
            -4.250737,
            55.819746
          ]
        ]
      }
    },
    {
      "type": "Feature",
      "properties": {
        "name": "4528(X)",
        "type": "Axle Counters",
        "notes": "",
        "colour": "#a1c2fa",
        "equipment_number": [
          {
            "number": "7896337",
            "name": "4528/4527"
          },
          {
            "number": "7889986",
            "name": "4528/4562"
          },
          {
            "number": "7896334",
            "name": "4528/4562"
          },
          {
            "number": "7896333",
            "name": "4531/4528"
          }
        ],
        "section": "Central"
      },
      "geometry": {
        "type": "LineString",
        "coordinates": [
          [
            -4.2518256,
            55.8198486
          ],
          [
            -4.2509,
            55.819791
          ],
          [
            -4.251303,
            55.819798
          ],
          [
            -4.2509,
            55.819791
          ],
          [
            -4.25074,
            55.819782
          ]
        ]
      }
    },
    {
      "type": "Feature",
      "properties": {
        "name": "4531(X)",
        "type": "Axle Counters",
        "notes": "",
        "colour": "#ffff8d",
        "equipment_number": [
          {
            "number": "7896323",
            "name": "4531/133R"
          },
          {
            "number": "7896333",
            "name": "4531/4528"
          },
          {
            "number": "7896322",
            "name": "4532/4531"
          }
        ],
        "section": "Central"
      },
      "geometry": {
        "type": "LineString",
        "coordinates": [
          [
            -4.25074,
            55.819782
          ],
          [
            -4.249274,
            55.819683
          ],
          [
            -4.249499,
            55.819697
          ],
          [
            -4.249738,
            55.819703
          ]
        ]
      }
    },
    {
      "type": "Feature",
      "properties": {
        "name": "4485(X)",
        "type": "Axle Counters",
        "notes": "",
        "colour": "#c5e1a5",
        "equipment_number": [
          {
            "number": "7896028",
            "name": "4484/4485"
          },
          {
            "number": "7896029",
            "name": "4485/113R"
          },
          {
            "number": "7896030",
            "name": "4485/4486"
          }
        ],
        "section": "Central"
      },
      "geometry": {
        "type": "LineString",
        "coordinates": [
          [
            -4.250737,
            55.819746
          ],
          [
            -4.250044,
            55.819702
          ],
          [
            -4.249738,
            55.819703
          ],
          [
            -4.250045,
            55.819702
          ],
          [
            -4.2487,
            55.819613
          ],
          [
            -4.24813,
            55.819576
          ]
        ]
      }
    },
    {
      "type": "Feature",
      "properties": {
        "name": "4484(X)",
        "type": "Axle Counters",
        "notes": "",
        "colour": "#eda29b",
        "equipment_number": [
          {
            "number": "7896027",
            "name": "4483/4484"
          },
          {
            "number": "7896028",
            "name": "4484/4485"
          }
        ],
        "section": "Central"
      },
      "geometry": {
        "type": "LineString",
        "coordinates": [
          [
            -4.241896,
            55.819164
          ],
          [
            -4.242899,
            55.819227
          ],
          [
            -4.244068,
            55.819306
          ],
          [
            -4.245106,
            55.819372
          ],
          [
            -4.246268,
            55.819454
          ],
          [
            -4.247603,
            55.819544
          ],
          [
            -4.24813,
            55.819576
          ]
        ]
      }
    },
    {
      "type": "Feature",
      "properties": {
        "name": "4483(X)",
        "type": "Axle Counters",
        "notes": "",
        "colour": "#c5e1a5",
        "equipment_number": [
          {
            "number": "7896026",
            "name": "4482/4483"
          },
          {
            "number": "7896027",
            "name": "4483/4484"
          }
        ],
        "section": "Central"
      },
      "geometry": {
        "type": "LineString",
        "coordinates": [
          [
            -4.224124,
            55.818028
          ],
          [
            -4.225013,
            55.818086
          ],
          [
            -4.225506,
            55.818112
          ],
          [
            -4.225843,
            55.818126
          ],
          [
            -4.226064,
            55.81813
          ],
          [
            -4.226698,
            55.818138
          ],
          [
            -4.22734,
            55.818144
          ],
          [
            -4.227746,
            55.818155
          ],
          [
            -4.228257,
            55.818183
          ],
          [
            -4.228537,
            55.818204
          ],
          [
            -4.228922,
            55.81824
          ],
          [
            -4.229733,
            55.818339
          ],
          [
            -4.230199,
            55.818399
          ],
          [
            -4.230687,
            55.818446
          ],
          [
            -4.231044,
            55.818472
          ],
          [
            -4.234347,
            55.818687
          ],
          [
            -4.237742,
            55.818904
          ],
          [
            -4.240376,
            55.819072
          ],
          [
            -4.241896,
            55.819164
          ]
        ]
      }
    },
    {
      "type": "Feature",
      "properties": {
        "name": "4482(X)",
        "type": "Axle Counters",
        "notes": "",
        "colour": "#eda29b",
        "equipment_number": [
          {
            "number": "7896025",
            "name": "4481/4482"
          },
          {
            "number": "7896026",
            "name": "4482/4483"
          }
        ],
        "section": "Central"
      },
      "geometry": {
        "type": "LineString",
        "coordinates": [
          [
            -4.224124,
            55.818028
          ],
          [
            -4.223208,
            55.817966
          ],
          [
            -4.222323,
            55.817893
          ],
          [
            -4.221551,
            55.817803
          ],
          [
            -4.220993,
            55.817729
          ],
          [
            -4.214491,
            55.816692
          ],
          [
            -4.213008,
            55.816448
          ],
          [
            -4.212615,
            55.816388
          ],
          [
            -4.212115,
            55.816322
          ],
          [
            -4.211808,
            55.816291
          ],
          [
            -4.211291,
            55.816247
          ],
          [
            -4.210767,
            55.816226
          ],
          [
            -4.210429,
            55.816219
          ],
          [
            -4.209886,
            55.816222
          ],
          [
            -4.209347,
            55.816244
          ],
          [
            -4.209013,
            55.816264
          ],
          [
            -4.208609,
            55.816302
          ],
          [
            -4.208018,
            55.81637
          ],
          [
            -4.207076,
            55.816512
          ],
          [
            -4.206221,
            55.816652
          ],
          [
            -4.205825,
            55.816709
          ],
          [
            -4.205515,
            55.816747
          ],
          [
            -4.205077,
            55.816793
          ],
          [
            -4.204532,
            55.816835
          ],
          [
            -4.204075,
            55.816856
          ],
          [
            -4.20361,
            55.816868
          ],
          [
            -4.20312,
            55.816869
          ],
          [
            -4.201442,
            55.816855
          ],
          [
            -4.201096,
            55.816841
          ],
          [
            -4.2006032,
            55.8168105
          ]
        ]
      }
    },
    {
      "type": "Feature",
      "properties": {
        "name": "4481(X)",
        "type": "Axle Counters",
        "notes": "",
        "colour": "#c5e1a5",
        "equipment_number": [
          {
            "number": "7896022",
            "name": "4480/4481"
          },
          {
            "number": "7896025",
            "name": "4481/4482"
          }
        ],
        "section": "Central"
      },
      "geometry": {
        "type": "LineString",
        "coordinates": [
          [
            -4.2006032,
            55.8168105
          ],
          [
            -4.199984,
            55.816752
          ],
          [
            -4.199531,
            55.816695
          ],
          [
            -4.198975,
            55.816607
          ],
          [
            -4.198476,
            55.816511
          ],
          [
            -4.19661,
            55.816122
          ],
          [
            -4.195271,
            55.815843
          ],
          [
            -4.194424,
            55.815676
          ],
          [
            -4.193689,
            55.815551
          ],
          [
            -4.193121,
            55.81547
          ],
          [
            -4.192635,
            55.815407
          ],
          [
            -4.191975,
            55.815332
          ],
          [
            -4.191323,
            55.815271
          ],
          [
            -4.190501,
            55.815216
          ],
          [
            -4.189703,
            55.81518
          ],
          [
            -4.188961,
            55.815163
          ],
          [
            -4.188224,
            55.815157
          ],
          [
            -4.187049,
            55.815172
          ],
          [
            -4.184986,
            55.815196
          ],
          [
            -4.183752,
            55.815202
          ],
          [
            -4.182559,
            55.815217
          ],
          [
            -4.181856,
            55.81522
          ],
          [
            -4.181363,
            55.81522
          ],
          [
            -4.180585,
            55.815198
          ],
          [
            -4.180115,
            55.815171
          ],
          [
            -4.179859,
            55.815153
          ],
          [
            -4.179515,
            55.81512
          ],
          [
            -4.179177,
            55.815079
          ],
          [
            -4.17878,
            55.815034
          ]
        ]
      }
    },
    {
      "type": "Feature",
      "properties": {
        "name": "4480(X)",
        "type": "Axle Counters",
        "notes": "",
        "colour": "#eda29b",
        "equipment_number": [
          {
            "number": "7896021",
            "name": "4480"
          },
          {
            "number": "7896022",
            "name": "4480/4481"
          }
        ],
        "section": "Central"
      },
      "geometry": {
        "type": "LineString",
        "coordinates": [
          [
            -4.155423,
            55.814573
          ],
          [
            -4.155945,
            55.81438
          ],
          [
            -4.156444,
            55.814202
          ],
          [
            -4.157264,
            55.813922
          ],
          [
            -4.158038,
            55.813673
          ],
          [
            -4.158569,
            55.813518
          ],
          [
            -4.159425,
            55.81335
          ],
          [
            -4.159955,
            55.813275
          ],
          [
            -4.160506,
            55.813236
          ],
          [
            -4.16163,
            55.813194
          ],
          [
            -4.162386,
            55.813198
          ],
          [
            -4.162952,
            55.813221
          ],
          [
            -4.163818,
            55.81329
          ],
          [
            -4.164371,
            55.813355
          ],
          [
            -4.164883,
            55.813433
          ],
          [
            -4.165484,
            55.813548
          ],
          [
            -4.166495,
            55.813776
          ],
          [
            -4.167678,
            55.814066
          ],
          [
            -4.168174,
            55.814175
          ],
          [
            -4.168724,
            55.814279
          ],
          [
            -4.169395,
            55.81438
          ],
          [
            -4.169958,
            55.814452
          ],
          [
            -4.170492,
            55.814497
          ],
          [
            -4.17105,
            55.814528
          ],
          [
            -4.17157,
            55.814546
          ],
          [
            -4.17219,
            55.81455
          ],
          [
            -4.172476,
            55.81455
          ],
          [
            -4.173895,
            55.814544
          ],
          [
            -4.174373,
            55.814556
          ],
          [
            -4.17484,
            55.814571
          ],
          [
            -4.175338,
            55.814601
          ],
          [
            -4.176148,
            55.814678
          ],
          [
            -4.176814,
            55.81476
          ],
          [
            -4.177787,
            55.814892
          ],
          [
            -4.178541,
            55.815001
          ],
          [
            -4.17878,
            55.815034
          ]
        ]
      }
    },
    {
      "type": "Feature",
      "properties": {
        "name": "4533(X)",
        "type": "Axle Counters",
        "notes": "",
        "colour": "#ffff8d",
        "equipment_number": [
          {
            "number": "7896321",
            "name": "4533/4532"
          },
          {
            "number": "7896320",
            "name": "4534/4533"
          }
        ],
        "section": "Central"
      },
      "geometry": {
        "type": "LineString",
        "coordinates": [
          [
            -4.2480939,
            55.8196402
          ],
          [
            -4.247603,
            55.819635
          ],
          [
            -4.247184,
            55.819624
          ],
          [
            -4.246771,
            55.819611
          ],
          [
            -4.246444,
            55.819594
          ],
          [
            -4.246125,
            55.819574
          ],
          [
            -4.24481,
            55.819469
          ],
          [
            -4.244392,
            55.819428
          ],
          [
            -4.242302,
            55.819234
          ],
          [
            -4.241898,
            55.819202
          ]
        ]
      }
    },
    {
      "type": "Feature",
      "properties": {
        "name": "4534(X)",
        "type": "Axle Counters",
        "notes": "",
        "colour": "#a1c2fa",
        "equipment_number": [
          {
            "number": "7896320",
            "name": "4534/4533"
          },
          {
            "number": "7896319",
            "name": "4535/4534"
          }
        ],
        "section": "Central"
      },
      "geometry": {
        "type": "LineString",
        "coordinates": [
          [
            -4.2383413,
            55.8189741
          ],
          [
            -4.241898,
            55.819202
          ]
        ]
      }
    },
    {
      "type": "Feature",
      "properties": {
        "name": "4535(X)",
        "type": "Axle Counters",
        "notes": "",
        "colour": "#ffff8d",
        "equipment_number": [
          {
            "number": "7896319",
            "name": "4535/4534"
          },
          {
            "number": "7896318",
            "name": "4536/4535"
          }
        ],
        "section": "Central"
      },
      "geometry": {
        "type": "LineString",
        "coordinates": [
          [
            -4.2383413,
            55.8189741
          ],
          [
            -4.235281,
            55.81878
          ],
          [
            -4.231193,
            55.818516
          ],
          [
            -4.225982,
            55.818176
          ],
          [
            -4.223332,
            55.818007
          ],
          [
            -4.222489,
            55.817942
          ],
          [
            -4.221784,
            55.817867
          ],
          [
            -4.221124,
            55.817781
          ],
          [
            -4.220633,
            55.817707
          ],
          [
            -4.217779,
            55.817251
          ]
        ]
      }
    },
    {
      "type": "Feature",
      "properties": {
        "name": "4536(X)",
        "type": "Axle Counters",
        "notes": "",
        "colour": "#a1c2fa",
        "equipment_number": [
          {
            "number": "7896318",
            "name": "4536/4535"
          },
          {
            "number": "7896317",
            "name": "4537/4536"
          }
        ],
        "section": "Central"
      },
      "geometry": {
        "type": "LineString",
        "coordinates": [
          [
            -4.217779,
            55.817251
          ],
          [
            -4.213767,
            55.816606
          ],
          [
            -4.212777,
            55.816445
          ],
          [
            -4.212141,
            55.816358
          ],
          [
            -4.211624,
            55.816306
          ],
          [
            -4.211052,
            55.816269
          ],
          [
            -4.210481,
            55.816251
          ],
          [
            -4.210001,
            55.816254
          ],
          [
            -4.209435,
            55.816269
          ],
          [
            -4.20892,
            55.816304
          ],
          [
            -4.208378,
            55.816359
          ],
          [
            -4.207606,
            55.81646
          ],
          [
            -4.205559,
            55.816801
          ],
          [
            -4.205026,
            55.816873
          ],
          [
            -4.204508,
            55.816934
          ]
        ]
      }
    },
    {
      "type": "Feature",
      "properties": {
        "name": "4537(X)",
        "type": "Axle Counters",
        "notes": "",
        "colour": "#ffff8d",
        "equipment_number": [
          {
            "number": "7896317",
            "name": "4537/4536"
          },
          {
            "number": "7896316",
            "name": "4538/4537"
          }
        ],
        "section": "Central"
      },
      "geometry": {
        "type": "LineString",
        "coordinates": [
          [
            -4.204508,
            55.816934
          ],
          [
            -4.20391,
            55.81698
          ],
          [
            -4.203392,
            55.817003
          ],
          [
            -4.202649,
            55.817009
          ],
          [
            -4.201973,
            55.816986
          ],
          [
            -4.201396,
            55.816949
          ],
          [
            -4.200533,
            55.816867
          ],
          [
            -4.199744,
            55.816769
          ],
          [
            -4.199168,
            55.816679
          ],
          [
            -4.198645,
            55.816578
          ],
          [
            -4.197601,
            55.816367
          ],
          [
            -4.1957369,
            55.8159722
          ]
        ]
      }
    },
    {
      "type": "Feature",
      "properties": {
        "name": "4538(X)",
        "type": "Axle Counters",
        "notes": "",
        "colour": "#a1c2fa",
        "equipment_number": [
          {
            "number": "7896316",
            "name": "4538/4537"
          },
          {
            "number": "7896315",
            "name": "4541/4538"
          }
        ],
        "section": "Central"
      },
      "geometry": {
        "type": "LineString",
        "coordinates": [
          [
            -4.1957369,
            55.8159722
          ],
          [
            -4.19536,
            55.815892
          ],
          [
            -4.194646,
            55.815752
          ],
          [
            -4.194099,
            55.815655
          ],
          [
            -4.193391,
            55.815544
          ],
          [
            -4.192527,
            55.815429
          ],
          [
            -4.191945,
            55.815361
          ],
          [
            -4.191307,
            55.815302
          ],
          [
            -4.19062,
            55.815256
          ],
          [
            -4.190242,
            55.815233
          ],
          [
            -4.189537,
            55.815204
          ],
          [
            -4.188836,
            55.815194
          ],
          [
            -4.188351,
            55.815191
          ],
          [
            -4.185154,
            55.815224
          ],
          [
            -4.182262,
            55.815256
          ],
          [
            -4.181527,
            55.815257
          ],
          [
            -4.180978,
            55.815245
          ],
          [
            -4.180235,
            55.815212
          ],
          [
            -4.179677,
            55.815171
          ],
          [
            -4.179122,
            55.815111
          ],
          [
            -4.178472,
            55.81503
          ],
          [
            -4.176729,
            55.81478
          ]
        ]
      }
    },
    {
      "type": "Feature",
      "properties": {
        "name": "4541(X)",
        "type": "Axle Counters",
        "notes": "",
        "colour": "#ffff8d",
        "equipment_number": [
          {
            "number": "7896314",
            "name": "4541"
          },
          {
            "number": "7896315",
            "name": "4541/4538"
          }
        ],
        "section": "Central"
      },
      "geometry": {
        "type": "LineString",
        "coordinates": [
          [
            -4.176729,
            55.81478
          ],
          [
            -4.175772,
            55.814677
          ],
          [
            -4.17512,
            55.814625
          ],
          [
            -4.174407,
            55.814586
          ],
          [
            -4.173527,
            55.814574
          ],
          [
            -4.172022,
            55.814587
          ],
          [
            -4.171306,
            55.814575
          ],
          [
            -4.170684,
            55.814543
          ],
          [
            -4.169842,
            55.814472
          ],
          [
            -4.16927,
            55.814399
          ],
          [
            -4.16878,
            55.81432
          ],
          [
            -4.168206,
            55.814221
          ],
          [
            -4.167621,
            55.814088
          ],
          [
            -4.166872,
            55.81391
          ],
          [
            -4.165537,
            55.813594
          ],
          [
            -4.165024,
            55.813494
          ],
          [
            -4.164448,
            55.813402
          ],
          [
            -4.163914,
            55.813336
          ],
          [
            -4.163372,
            55.813283
          ],
          [
            -4.162943,
            55.813253
          ],
          [
            -4.16238,
            55.813234
          ],
          [
            -4.16165,
            55.813225
          ],
          [
            -4.160545,
            55.813273
          ],
          [
            -4.159976,
            55.813315
          ],
          [
            -4.159419,
            55.813389
          ],
          [
            -4.158584,
            55.813549
          ],
          [
            -4.157715,
            55.813812
          ],
          [
            -4.156315,
            55.814275
          ],
          [
            -4.155468,
            55.814582
          ],
          [
            -4.155191,
            55.814696
          ],
          [
            -4.154921,
            55.814816
          ],
          [
            -4.153789,
            55.815452
          ],
          [
            -4.1523904,
            55.8162829
          ],
          [
            -4.1517359,
            55.8165994
          ]
        ]
      }
    },
    {
      "type": "Feature",
      "properties": {
        "name": "4521(X)",
        "type": "Axle Counters",
        "notes": "",
        "colour": "#eda29b",
        "equipment_number": [
          {
            "number": "7895503",
            "name": "4521/4518"
          }
        ],
        "section": "Central"
      },
      "geometry": {
        "type": "LineString",
        "coordinates": [
          [
            -4.263502,
            55.816895
          ],
          [
            -4.263742,
            55.816817
          ],
          [
            -4.264122,
            55.816672
          ],
          [
            -4.264908,
            55.816324
          ],
          [
            -4.265461,
            55.816086
          ],
          [
            -4.266021,
            55.815828
          ],
          [
            -4.266182,
            55.815745
          ]
        ]
      }
    },
    {
      "type": "Feature",
      "properties": {
        "name": "4518(X)",
        "type": "Axle Counters",
        "notes": "",
        "colour": "#c5e1a5",
        "equipment_number": [
          {
            "number": "7895504",
            "name": "4518/4517"
          },
          {
            "number": "7895503",
            "name": "4521/4518"
          }
        ],
        "section": "Central"
      },
      "geometry": {
        "type": "LineString",
        "coordinates": [
          [
            -4.266182,
            55.815745
          ],
          [
            -4.267419,
            55.81504
          ],
          [
            -4.2694011,
            55.8138865
          ]
        ]
      }
    },
    {
      "type": "Feature",
      "properties": {
        "name": "4517(X)",
        "type": "Axle Counters",
        "notes": "",
        "colour": "#eda29b",
        "equipment_number": [
          {
            "number": "7895504",
            "name": "4518/4517"
          },
          {
            "number": "7895505",
            "name": "4517/4516"
          }
        ],
        "section": "Central"
      },
      "geometry": {
        "type": "LineString",
        "coordinates": [
          [
            -4.2694011,
            55.8138865
          ],
          [
            -4.270281,
            55.813356
          ],
          [
            -4.270753,
            55.81304
          ],
          [
            -4.271279,
            55.812659
          ],
          [
            -4.271576,
            55.812428
          ],
          [
            -4.27203,
            55.812047
          ],
          [
            -4.272445,
            55.811661
          ],
          [
            -4.273328,
            55.810812
          ],
          [
            -4.273754,
            55.810366
          ],
          [
            -4.273974,
            55.810108
          ],
          [
            -4.274175,
            55.809854
          ],
          [
            -4.27431,
            55.809668
          ],
          [
            -4.274478,
            55.80942
          ],
          [
            -4.274519,
            55.809349
          ]
        ]
      }
    },
    {
      "type": "Feature",
      "properties": {
        "name": "4516(X)",
        "type": "Axle Counters",
        "notes": "",
        "colour": "#c5e1a5",
        "equipment_number": [
          {
            "number": "7895438",
            "name": "4516/135R"
          },
          {
            "number": "7895439",
            "name": "4516/4516"
          },
          {
            "number": "7895505",
            "name": "4517/4516"
          }
        ],
        "section": "Central"
      },
      "geometry": {
        "type": "LineString",
        "coordinates": [
          [
            -4.274684,
            55.809026
          ],
          [
            -4.274616,
            55.809182
          ],
          [
            -4.274519,
            55.809349
          ],
          [
            -4.274616,
            55.809182
          ],
          [
            -4.274909,
            55.808734
          ]
        ]
      }
    },
    {
      "type": "Feature",
      "properties": {
        "name": "4515(X)",
        "type": "Axle Counters",
        "notes": "",
        "colour": "#eda29b",
        "equipment_number": [
          {
            "number": "7895440",
            "name": "4515/4514"
          }
        ],
        "section": "Central"
      },
      "geometry": {
        "type": "LineString",
        "coordinates": [
          [
            -4.274909,
            55.808734
          ],
          [
            -4.276202,
            55.8066
          ]
        ]
      }
    },
    {
      "type": "Feature",
      "properties": {
        "name": "4514(X)",
        "type": "Axle Counters",
        "notes": "",
        "colour": "#c5e1a5",
        "equipment_number": [
          {
            "number": "7895441",
            "name": "4514/4513"
          },
          {
            "number": "7895440",
            "name": "4515/4514"
          }
        ],
        "section": "Central"
      },
      "geometry": {
        "type": "LineString",
        "coordinates": [
          [
            -4.276202,
            55.8066
          ],
          [
            -4.277875,
            55.803791
          ],
          [
            -4.279216,
            55.801517
          ],
          [
            -4.27942,
            55.801215
          ],
          [
            -4.2796,
            55.800975
          ],
          [
            -4.279766,
            55.800767
          ],
          [
            -4.280016,
            55.800491
          ],
          [
            -4.280316,
            55.80019
          ],
          [
            -4.280673,
            55.799869
          ],
          [
            -4.281043,
            55.799576
          ],
          [
            -4.281853,
            55.79899
          ],
          [
            -4.282846,
            55.798272
          ],
          [
            -4.28412,
            55.797355
          ],
          [
            -4.284911,
            55.796788
          ],
          [
            -4.285766,
            55.796188
          ],
          [
            -4.286271,
            55.795866
          ],
          [
            -4.286622,
            55.795649
          ],
          [
            -4.287199,
            55.79532
          ],
          [
            -4.287877,
            55.794955
          ],
          [
            -4.288569,
            55.794616
          ],
          [
            -4.289146,
            55.794346
          ],
          [
            -4.290066,
            55.793951
          ],
          [
            -4.290849,
            55.793646
          ],
          [
            -4.291592,
            55.793376
          ],
          [
            -4.29229,
            55.793146
          ],
          [
            -4.293255,
            55.792855
          ],
          [
            -4.294095,
            55.792625
          ],
          [
            -4.294862,
            55.792432
          ],
          [
            -4.295868,
            55.792209
          ],
          [
            -4.296967,
            55.791995
          ],
          [
            -4.297633,
            55.791885
          ],
          [
            -4.298587,
            55.791748
          ],
          [
            -4.299827,
            55.7916
          ],
          [
            -4.300554,
            55.791528
          ],
          [
            -4.301602,
            55.791452
          ]
        ]
      }
    },
    {
      "type": "Feature",
      "properties": {
        "name": "4513(X)",
        "type": "Axle Counters",
        "notes": "",
        "colour": "#eda29b",
        "equipment_number": [
          {
            "number": "7895442",
            "name": "4513/4512"
          },
          {
            "number": "7895441",
            "name": "4514/4513"
          }
        ],
        "section": "Central"
      },
      "geometry": {
        "type": "LineString",
        "coordinates": [
          [
            -4.301602,
            55.791452
          ],
          [
            -4.302524,
            55.791406
          ],
          [
            -4.303506,
            55.79137
          ],
          [
            -4.304016,
            55.791348
          ],
          [
            -4.304566,
            55.791313
          ],
          [
            -4.305333,
            55.791232
          ],
          [
            -4.305963,
            55.791135
          ],
          [
            -4.306513,
            55.791032
          ],
          [
            -4.306929,
            55.790939
          ],
          [
            -4.308085,
            55.790655
          ],
          [
            -4.308616,
            55.790535
          ],
          [
            -4.309168,
            55.790428
          ],
          [
            -4.309946,
            55.790321
          ],
          [
            -4.310357,
            55.790275
          ],
          [
            -4.310976,
            55.790232
          ],
          [
            -4.31158,
            55.790208
          ],
          [
            -4.31203,
            55.790209
          ],
          [
            -4.312486,
            55.790217
          ],
          [
            -4.312913,
            55.790238
          ],
          [
            -4.313484,
            55.790278
          ],
          [
            -4.313894,
            55.790325
          ],
          [
            -4.315839,
            55.790545
          ],
          [
            -4.317926,
            55.790773
          ],
          [
            -4.319597,
            55.790956
          ],
          [
            -4.320345,
            55.791026
          ],
          [
            -4.320941,
            55.791063
          ],
          [
            -4.321425,
            55.79108
          ],
          [
            -4.321897,
            55.791083
          ],
          [
            -4.322463,
            55.79108
          ],
          [
            -4.326711,
            55.790994
          ],
          [
            -4.330563,
            55.790922
          ],
          [
            -4.332298,
            55.790894
          ],
          [
            -4.333036,
            55.790872
          ],
          [
            -4.333704,
            55.790822
          ],
          [
            -4.334377,
            55.790744
          ],
          [
            -4.335058,
            55.790636
          ],
          [
            -4.335455,
            55.790566
          ],
          [
            -4.335854,
            55.790478
          ],
          [
            -4.336422,
            55.790335
          ],
          [
            -4.337041,
            55.790162
          ],
          [
            -4.33828,
            55.789809
          ],
          [
            -4.34079,
            55.789116
          ],
          [
            -4.341729,
            55.78889
          ],
          [
            -4.342716,
            55.788714
          ],
          [
            -4.343207,
            55.788648
          ],
          [
            -4.344156,
            55.788558
          ],
          [
            -4.345106,
            55.788497
          ],
          [
            -4.3483,
            55.788396
          ],
          [
            -4.350318,
            55.788332
          ],
          [
            -4.354251,
            55.788236
          ],
          [
            -4.355168,
            55.788239
          ],
          [
            -4.35556,
            55.788257
          ],
          [
            -4.356319,
            55.788313
          ],
          [
            -4.357062,
            55.788398
          ],
          [
            -4.36035,
            55.788821
          ],
          [
            -4.363671,
            55.789255
          ],
          [
            -4.364658,
            55.789361
          ],
          [
            -4.365452,
            55.789433
          ],
          [
            -4.36608,
            55.789463
          ],
          [
            -4.366638,
            55.789471
          ]
        ]
      }
    },
    {
      "type": "Feature",
      "properties": {
        "name": "4512(X)",
        "type": "Axle Counters",
        "notes": "",
        "colour": "#c5e1a5",
        "equipment_number": [
          {
            "number": "7895443",
            "name": "4512/4511"
          },
          {
            "number": "7895442",
            "name": "4513/4512"
          }
        ],
        "section": "Central"
      },
      "geometry": {
        "type": "LineString",
        "coordinates": [
          [
            -4.366638,
            55.789471
          ],
          [
            -4.367602,
            55.789474
          ],
          [
            -4.368626,
            55.789504
          ],
          [
            -4.369203,
            55.789539
          ],
          [
            -4.37034,
            55.78961
          ],
          [
            -4.370979,
            55.789624
          ],
          [
            -4.371687,
            55.789614
          ],
          [
            -4.372652,
            55.789553
          ],
          [
            -4.373452,
            55.789482
          ],
          [
            -4.374659,
            55.789355
          ],
          [
            -4.375606,
            55.7892
          ],
          [
            -4.376338,
            55.78905
          ],
          [
            -4.377196,
            55.788829
          ],
          [
            -4.377899,
            55.788618
          ],
          [
            -4.378398,
            55.788437
          ],
          [
            -4.379369,
            55.788052
          ],
          [
            -4.381882,
            55.78693
          ],
          [
            -4.38377,
            55.786086
          ],
          [
            -4.384784,
            55.785644
          ],
          [
            -4.385326,
            55.785425
          ],
          [
            -4.385736,
            55.785283
          ],
          [
            -4.386168,
            55.785148
          ],
          [
            -4.386638,
            55.785016
          ],
          [
            -4.387201,
            55.78489
          ],
          [
            -4.387845,
            55.78477
          ],
          [
            -4.388494,
            55.784669
          ],
          [
            -4.389081,
            55.784614
          ],
          [
            -4.389644,
            55.78457
          ],
          [
            -4.39039,
            55.78455
          ],
          [
            -4.391066,
            55.784555
          ],
          [
            -4.39161,
            55.784586
          ],
          [
            -4.392782,
            55.784712
          ],
          [
            -4.393574,
            55.784841
          ],
          [
            -4.39433,
            55.785018
          ],
          [
            -4.3951,
            55.785233
          ],
          [
            -4.395628,
            55.785408
          ],
          [
            -4.396511,
            55.785761
          ],
          [
            -4.396935,
            55.78593
          ],
          [
            -4.397452,
            55.786123
          ],
          [
            -4.397938,
            55.786277
          ],
          [
            -4.398587,
            55.786455
          ],
          [
            -4.399268,
            55.786616
          ],
          [
            -4.40007,
            55.786745
          ],
          [
            -4.400805,
            55.786835
          ],
          [
            -4.401561,
            55.786892
          ],
          [
            -4.402189,
            55.786918
          ],
          [
            -4.402908,
            55.78691
          ],
          [
            -4.403635,
            55.786879
          ],
          [
            -4.404294,
            55.786829
          ],
          [
            -4.405054,
            55.786731
          ],
          [
            -4.405646,
            55.78663
          ],
          [
            -4.406161,
            55.78652
          ],
          [
            -4.406607,
            55.786408
          ],
          [
            -4.407175,
            55.786248
          ],
          [
            -4.407819,
            55.786018
          ],
          [
            -4.410582,
            55.784968
          ],
          [
            -4.412666,
            55.784175
          ],
          [
            -4.41303,
            55.78405
          ],
          [
            -4.413596,
            55.783879
          ],
          [
            -4.414047,
            55.783754
          ],
          [
            -4.414532,
            55.783651
          ],
          [
            -4.415085,
            55.78355
          ],
          [
            -4.415662,
            55.783464
          ],
          [
            -4.416515,
            55.783365
          ],
          [
            -4.417778,
            55.783274
          ],
          [
            -4.418856,
            55.783236
          ],
          [
            -4.41968,
            55.783215
          ],
          [
            -4.42167,
            55.783172
          ],
          [
            -4.422603,
            55.783154
          ],
          [
            -4.423794,
            55.783131
          ],
          [
            -4.424433,
            55.783113
          ],
          [
            -4.425312,
            55.783066
          ]
        ]
      }
    },
    {
      "type": "Feature",
      "properties": {
        "name": "4511(X)",
        "type": "Axle Counters",
        "notes": "",
        "colour": "#eda29b",
        "equipment_number": [
          {
            "number": "7895444",
            "name": "4511/4507"
          },
          {
            "number": "7895443",
            "name": "4512/4511"
          }
        ],
        "section": "Central"
      },
      "geometry": {
        "type": "LineString",
        "coordinates": [
          [
            -4.425312,
            55.783066
          ],
          [
            -4.425597,
            55.78304
          ],
          [
            -4.426051,
            55.783004
          ],
          [
            -4.426627,
            55.78293
          ],
          [
            -4.427116,
            55.782835
          ],
          [
            -4.427727,
            55.782722
          ],
          [
            -4.4281157,
            55.7826267
          ]
        ]
      }
    },
    {
      "type": "Feature",
      "properties": {
        "name": "4507(X)",
        "type": "Axle Counters",
        "notes": "",
        "colour": "#c5e1a5",
        "equipment_number": [
          {
            "number": "7895457",
            "name": "4506/4507"
          },
          {
            "number": "7895458",
            "name": "4507/4508"
          },
          {
            "number": "7895444",
            "name": "4511/4507"
          }
        ],
        "section": "Central"
      },
      "geometry": {
        "type": "LineString",
        "coordinates": [
          [
            -4.4281157,
            55.7826267
          ],
          [
            -4.4283968,
            55.7825478
          ],
          [
            -4.428576,
            55.78249
          ],
          [
            -4.429082,
            55.782307
          ],
          [
            -4.428677,
            55.782436
          ],
          [
            -4.4283877,
            55.7825224
          ],
          [
            -4.4280984,
            55.7825997
          ]
        ]
      }
    },
    {
      "type": "Feature",
      "properties": {
        "name": "4508(X)",
        "type": "Axle Counters",
        "notes": "",
        "colour": "#eda29b",
        "equipment_number": [
          {
            "number": "7895458",
            "name": "4507/4508"
          }
        ],
        "section": "Central"
      },
      "geometry": {
        "type": "LineString",
        "coordinates": [
          [
            -4.429082,
            55.782307
          ],
          [
            -4.42945,
            55.782178
          ],
          [
            -4.429824,
            55.782028
          ],
          [
            -4.430187,
            55.781861
          ],
          [
            -4.430541,
            55.781703
          ],
          [
            -4.430825,
            55.781559
          ]
        ]
      }
    },
    {
      "type": "Feature",
      "properties": {
        "name": "4506(X)",
        "type": "Axle Counters",
        "notes": "",
        "colour": "#a1c2fa",
        "equipment_number": [
          {
            "number": "7895456",
            "name": "4505/4506"
          },
          {
            "number": "7895457",
            "name": "4506/4507"
          }
        ],
        "section": "Central"
      },
      "geometry": {
        "type": "LineString",
        "coordinates": [
          [
            -4.4280984,
            55.7825997
          ],
          [
            -4.427978,
            55.782628
          ],
          [
            -4.427532,
            55.782731
          ],
          [
            -4.426892,
            55.782847
          ],
          [
            -4.426342,
            55.782933
          ],
          [
            -4.42562,
            55.78301
          ],
          [
            -4.42528,
            55.78304
          ],
          [
            -4.42455,
            55.783078
          ],
          [
            -4.422072,
            55.783134
          ],
          [
            -4.419784,
            55.783183
          ],
          [
            -4.418549,
            55.783207
          ],
          [
            -4.417723,
            55.783243
          ],
          [
            -4.4168,
            55.783307
          ],
          [
            -4.4162258,
            55.783364
          ]
        ]
      }
    },
    {
      "type": "Feature",
      "properties": {
        "name": "4505(X)",
        "type": "Axle Counters",
        "notes": "",
        "colour": "#ffff8d",
        "equipment_number": [
          {
            "number": "7895455",
            "name": "4504/4505"
          },
          {
            "number": "7895456",
            "name": "4505/4506"
          }
        ],
        "section": "Central"
      },
      "geometry": {
        "type": "LineString",
        "coordinates": [
          [
            -4.412984,
            55.784034
          ],
          [
            -4.413362,
            55.783908
          ],
          [
            -4.413984,
            55.783737
          ],
          [
            -4.414322,
            55.783666
          ],
          [
            -4.4151023,
            55.7835177
          ],
          [
            -4.4158694,
            55.7834091
          ],
          [
            -4.4162258,
            55.783364
          ]
        ]
      }
    },
    {
      "type": "Feature",
      "properties": {
        "name": "4504(X)",
        "type": "Axle Counters",
        "notes": "",
        "colour": "#a1c2fa",
        "equipment_number": [
          {
            "number": "7895454",
            "name": "4503/4504"
          },
          {
            "number": "7895455",
            "name": "4504/4505"
          }
        ],
        "section": "Central"
      },
      "geometry": {
        "type": "LineString",
        "coordinates": [
          [
            -4.412984,
            55.784034
          ],
          [
            -4.410642,
            55.784899
          ],
          [
            -4.407727,
            55.786013
          ],
          [
            -4.407196,
            55.786193
          ],
          [
            -4.406906,
            55.786287
          ],
          [
            -4.40631,
            55.786444
          ],
          [
            -4.405779,
            55.786558
          ],
          [
            -4.405157,
            55.786667
          ],
          [
            -4.404578,
            55.786758
          ],
          [
            -4.40395,
            55.786815
          ],
          [
            -4.403076,
            55.786872
          ],
          [
            -4.402148,
            55.786881
          ],
          [
            -4.401547,
            55.786863
          ],
          [
            -4.400823,
            55.786803
          ],
          [
            -4.4001573,
            55.7867256
          ]
        ]
      }
    },
    {
      "type": "Feature",
      "properties": {
        "name": "4503(X)",
        "type": "Axle Counters",
        "notes": "",
        "colour": "#ffff8d",
        "equipment_number": [
          {
            "number": "7895453",
            "name": "4502/4503"
          },
          {
            "number": "7895454",
            "name": "4503/4504"
          }
        ],
        "section": "Central"
      },
      "geometry": {
        "type": "LineString",
        "coordinates": [
          [
            -4.4001573,
            55.7867256
          ],
          [
            -4.399278,
            55.786589
          ],
          [
            -4.398289,
            55.78635
          ],
          [
            -4.39771,
            55.786175
          ],
          [
            -4.397045,
            55.785936
          ],
          [
            -4.396229,
            55.785608
          ],
          [
            -4.395462,
            55.785306
          ],
          [
            -4.394411,
            55.785001
          ],
          [
            -4.393445,
            55.784772
          ],
          [
            -4.392437,
            55.784624
          ],
          [
            -4.391466,
            55.784534
          ],
          [
            -4.390361,
            55.784509
          ],
          [
            -4.389454,
            55.784543
          ],
          [
            -4.38851,
            55.784627
          ],
          [
            -4.387485,
            55.784781
          ],
          [
            -4.386632,
            55.784968
          ],
          [
            -4.385731,
            55.785234
          ],
          [
            -4.3854567,
            55.7853386
          ]
        ]
      }
    },
    {
      "type": "Feature",
      "properties": {
        "name": "4502(X)",
        "type": "Axle Counters",
        "notes": "",
        "colour": "#a1c2fa",
        "equipment_number": [
          {
            "number": "7895452",
            "name": "4501/4502"
          },
          {
            "number": "7895453",
            "name": "4502/4503"
          }
        ],
        "section": "Central"
      },
      "geometry": {
        "type": "LineString",
        "coordinates": [
          [
            -4.3854567,
            55.7853386
          ],
          [
            -4.3848007,
            55.7855966
          ],
          [
            -4.3843082,
            55.7858154
          ],
          [
            -4.381679,
            55.786983
          ],
          [
            -4.380222,
            55.787614
          ],
          [
            -4.379123,
            55.788097
          ],
          [
            -4.378184,
            55.788465
          ],
          [
            -4.377213,
            55.788788
          ],
          [
            -4.376403,
            55.788996
          ],
          [
            -4.375335,
            55.789207
          ],
          [
            -4.374675,
            55.789306
          ],
          [
            -4.373635,
            55.789412
          ],
          [
            -4.372846,
            55.789472
          ],
          [
            -4.371907,
            55.789487
          ],
          [
            -4.368002,
            55.789433
          ],
          [
            -4.366012,
            55.789412
          ],
          [
            -4.365363,
            55.789385
          ],
          [
            -4.364504,
            55.789306
          ],
          [
            -4.36363,
            55.789207
          ],
          [
            -4.358169,
            55.788507
          ],
          [
            -4.356216,
            55.788269
          ],
          [
            -4.355503,
            55.788215
          ],
          [
            -4.354827,
            55.788193
          ],
          [
            -4.354232,
            55.788197
          ],
          [
            -4.345858,
            55.788429
          ],
          [
            -4.345075,
            55.788462
          ],
          [
            -4.344028,
            55.788525
          ],
          [
            -4.343068,
            55.788634
          ],
          [
            -4.342237,
            55.788752
          ],
          [
            -4.341561,
            55.788881
          ],
          [
            -4.337425,
            55.790014
          ],
          [
            -4.336159,
            55.790369
          ],
          [
            -4.335774,
            55.790465
          ],
          [
            -4.335268,
            55.790572
          ],
          [
            -4.33471,
            55.790664
          ],
          [
            -4.334339,
            55.790721
          ],
          [
            -4.333702,
            55.790792
          ],
          [
            -4.333133,
            55.790829
          ],
          [
            -4.332816,
            55.790845
          ],
          [
            -4.332357,
            55.790859
          ],
          [
            -4.326963,
            55.790958
          ],
          [
            -4.324214,
            55.791012
          ],
          [
            -4.322266,
            55.791048
          ],
          [
            -4.321463,
            55.791047
          ],
          [
            -4.320992,
            55.791033
          ],
          [
            -4.320582,
            55.791012
          ],
          [
            -4.319952,
            55.790959
          ],
          [
            -4.319211,
            55.790882
          ],
          [
            -4.318259,
            55.79078
          ]
        ]
      }
    },
    {
      "type": "Feature",
      "properties": {
        "name": "4501(X)",
        "type": "Axle Counters",
        "notes": "",
        "colour": "#ffff8d",
        "equipment_number": [
          {
            "number": "7895451",
            "name": "4498/4501"
          },
          {
            "number": "7895452",
            "name": "4501/4502"
          }
        ],
        "section": "Central"
      },
      "geometry": {
        "type": "LineString",
        "coordinates": [
          [
            -4.318259,
            55.79078
          ],
          [
            -4.315126,
            55.790433
          ],
          [
            -4.313603,
            55.790258
          ],
          [
            -4.313085,
            55.790216
          ],
          [
            -4.31254,
            55.790189
          ],
          [
            -4.311875,
            55.790177
          ],
          [
            -4.311363,
            55.790186
          ],
          [
            -4.310773,
            55.790214
          ],
          [
            -4.310134,
            55.790269
          ],
          [
            -4.309735,
            55.790314
          ],
          [
            -4.309432,
            55.790354
          ]
        ]
      }
    },
    {
      "type": "Feature",
      "properties": {
        "name": "4498(X)",
        "type": "Axle Counters",
        "notes": "",
        "colour": "#a1c2fa",
        "equipment_number": [
          {
            "number": "7895450",
            "name": "4497/4498"
          },
          {
            "number": "7895451",
            "name": "4498/4501"
          }
        ],
        "section": "Central"
      },
      "geometry": {
        "type": "LineString",
        "coordinates": [
          [
            -4.309432,
            55.790354
          ],
          [
            -4.309066,
            55.790415
          ],
          [
            -4.308599,
            55.790501
          ],
          [
            -4.308208,
            55.790595
          ],
          [
            -4.307253,
            55.79083
          ],
          [
            -4.306612,
            55.790978
          ],
          [
            -4.306183,
            55.79106
          ],
          [
            -4.305743,
            55.791136
          ],
          [
            -4.305102,
            55.791224
          ],
          [
            -4.30442,
            55.791291
          ],
          [
            -4.303919,
            55.791321
          ],
          [
            -4.302586,
            55.791372
          ],
          [
            -4.302092,
            55.791396
          ],
          [
            -4.301542,
            55.791426
          ],
          [
            -4.30078,
            55.791481
          ],
          [
            -4.299863,
            55.791567
          ],
          [
            -4.299067,
            55.791659
          ],
          [
            -4.298476,
            55.791731
          ],
          [
            -4.297608,
            55.791858
          ],
          [
            -4.297149,
            55.791932
          ],
          [
            -4.296266,
            55.792095
          ],
          [
            -4.295676,
            55.79222
          ],
          [
            -4.29488,
            55.792396
          ],
          [
            -4.294311,
            55.792535
          ],
          [
            -4.293533,
            55.792742
          ],
          [
            -4.292468,
            55.793052
          ],
          [
            -4.291586,
            55.793345
          ],
          [
            -4.290787,
            55.793631
          ],
          [
            -4.290167,
            55.793871
          ],
          [
            -4.289129,
            55.794313
          ],
          [
            -4.288356,
            55.794679
          ],
          [
            -4.287826,
            55.794944
          ],
          [
            -4.287461,
            55.79513
          ],
          [
            -4.286785,
            55.795511
          ],
          [
            -4.286321,
            55.795786
          ],
          [
            -4.2858,
            55.796116
          ],
          [
            -4.285151,
            55.796562
          ],
          [
            -4.283529,
            55.797732
          ],
          [
            -4.282032,
            55.798812
          ],
          [
            -4.280895,
            55.799636
          ],
          [
            -4.280463,
            55.799997
          ],
          [
            -4.280117,
            55.800324
          ],
          [
            -4.279806,
            55.800648
          ],
          [
            -4.279508,
            55.801011
          ],
          [
            -4.279237,
            55.801399
          ],
          [
            -4.278942,
            55.801881
          ],
          [
            -4.278355,
            55.802878
          ],
          [
            -4.277772,
            55.803865
          ],
          [
            -4.276971,
            55.805208
          ],
          [
            -4.276147,
            55.806597
          ]
        ]
      }
    },
    {
      "type": "Feature",
      "properties": {
        "name": "4497(X)",
        "type": "Axle Counters",
        "notes": "",
        "colour": "#ffff8d",
        "equipment_number": [
          {
            "number": "7895449",
            "name": "4496/4497"
          },
          {
            "number": "7895450",
            "name": "4497/4498"
          }
        ],
        "section": "Central"
      },
      "geometry": {
        "type": "LineString",
        "coordinates": [
          [
            -4.275318,
            55.807982
          ],
          [
            -4.276147,
            55.806597
          ]
        ]
      }
    },
    {
      "type": "Feature",
      "properties": {
        "name": "4496(X)",
        "type": "Axle Counters",
        "notes": "",
        "colour": "#a1c2fa",
        "equipment_number": [
          {
            "number": "7895447",
            "name": "4495/4496"
          },
          {
            "number": "7895448",
            "name": "4496/135R"
          },
          {
            "number": "7895449",
            "name": "4496/4497"
          }
        ],
        "section": "Central"
      },
      "geometry": {
        "type": "LineString",
        "coordinates": [
          [
            -4.274367,
            55.809326
          ],
          [
            -4.274799,
            55.808794
          ],
          [
            -4.274684,
            55.809026
          ],
          [
            -4.274799,
            55.808791
          ],
          [
            -4.275318,
            55.807982
          ]
        ]
      }
    },
    {
      "type": "Feature",
      "properties": {
        "name": "4495(X)",
        "type": "Axle Counters",
        "notes": "",
        "colour": "#ffff8d",
        "equipment_number": [
          {
            "number": "7895446",
            "name": "4494/4495"
          },
          {
            "number": "7895447",
            "name": "4495/4496"
          }
        ],
        "section": "Central"
      },
      "geometry": {
        "type": "LineString",
        "coordinates": [
          [
            -4.274367,
            55.809326
          ],
          [
            -4.273792,
            55.809976
          ],
          [
            -4.273582,
            55.810231
          ],
          [
            -4.27303,
            55.810929
          ],
          [
            -4.272791,
            55.811211
          ],
          [
            -4.272499,
            55.811526
          ],
          [
            -4.272166,
            55.811857
          ],
          [
            -4.271895,
            55.812104
          ],
          [
            -4.271525,
            55.812412
          ],
          [
            -4.271203,
            55.812662
          ],
          [
            -4.27069,
            55.813033
          ]
        ]
      }
    },
    {
      "type": "Feature",
      "properties": {
        "name": "4494(X)",
        "type": "Axle Counters",
        "notes": "",
        "colour": "#a1c2fa",
        "equipment_number": [
          {
            "number": "7895445",
            "name": "4493/4494"
          },
          {
            "number": "7895446",
            "name": "4494/4495"
          }
        ],
        "section": "Central"
      },
      "geometry": {
        "type": "LineString",
        "coordinates": [
          [
            -4.27069,
            55.813033
          ],
          [
            -4.270384,
            55.81324
          ],
          [
            -4.270074,
            55.813444
          ],
          [
            -4.269669,
            55.813687
          ],
          [
            -4.269004,
            55.814076
          ],
          [
            -4.268236,
            55.81452
          ]
        ]
      }
    },
    {
      "type": "Feature",
      "properties": {
        "name": "4493(X)",
        "type": "Axle Counters",
        "notes": "",
        "colour": "#ffff8d",
        "equipment_number": [
          {
            "number": "7895317",
            "name": "4491/4493"
          },
          {
            "number": "7895459",
            "name": "4491/4493"
          },
          {
            "number": "7895445",
            "name": "4493/4494"
          }
        ],
        "section": "Central"
      },
      "geometry": {
        "type": "LineString",
        "coordinates": [
          [
            -4.268236,
            55.81452
          ],
          [
            -4.266591,
            55.815477
          ],
          [
            -4.266164,
            55.815719
          ],
          [
            -4.265703,
            55.815944
          ],
          [
            -4.26514,
            55.816183
          ],
          [
            -4.264043,
            55.816661
          ],
          [
            -4.263774,
            55.816761
          ],
          [
            -4.263563,
            55.816828
          ],
          [
            -4.26339,
            55.816877
          ]
        ]
      }
    },
    {
      "type": "Feature",
      "properties": {
        "name": "4562(X)",
        "type": "Axle Counters",
        "notes": "",
        "colour": "#ffff8d",
        "equipment_number": [
          {
            "number": "7889986",
            "name": "4528/4562"
          },
          {
            "number": "7896334",
            "name": "4528/4562"
          },
          {
            "number": "7889978",
            "name": "4562/4561"
          },
          {
            "number": "7896335",
            "name": "4562/4561"
          }
        ],
        "section": "Central"
      },
      "geometry": {
        "type": "LineString",
        "coordinates": [
          [
            -4.2518256,
            55.8198486
          ],
          [
            -4.2530121,
            55.8199199
          ]
        ]
      }
    },
    {
      "type": "Feature",
      "properties": {
        "name": "4607(X)",
        "type": "Axle Counters",
        "notes": "",
        "colour": "#a1c2fa",
        "section": "Central"
      },
      "geometry": {
        "type": "LineString",
        "coordinates": [
          [
            -4.2432181,
            55.7616551
          ],
          [
            -4.2427674,
            55.7614133
          ],
          [
            -4.2421988,
            55.7611793
          ],
          [
            -4.2415926,
            55.760959
          ],
          [
            -4.2406968,
            55.7607175
          ],
          [
            -4.23964,
            55.7605304
          ],
          [
            -4.2383632,
            55.7604399
          ],
          [
            -4.2372743,
            55.7604489
          ],
          [
            -4.2362443,
            55.7605364
          ],
          [
            -4.2355577,
            55.7606662
          ],
          [
            -4.2344633,
            55.7609349
          ],
          [
            -4.2338035,
            55.7610978
          ],
          [
            -4.2350158,
            55.760799
          ],
          [
            -4.2345277,
            55.7608775
          ],
          [
            -4.233782,
            55.7610435
          ]
        ]
      }
    },
    {
      "type": "Feature",
      "properties": {
        "name": "4608(X)",
        "type": "Axle Counters",
        "notes": "K type",
        "colour": "#ffff8d",
        "section": "Central"
      },
      "geometry": {
        "type": "LineString",
        "coordinates": [
          [
            -4.2313792,
            55.7616411
          ],
          [
            -4.2319907,
            55.7615445
          ],
          [
            -4.2338035,
            55.7610978
          ]
        ]
      }
    },
    {
      "type": "Feature",
      "properties": {
        "name": "4609(X)",
        "type": "Axle Counters",
        "notes": "K type",
        "colour": "#eda29b",
        "section": "Central"
      },
      "geometry": {
        "type": "LineString",
        "coordinates": [
          [
            -4.2313685,
            55.7616049
          ],
          [
            -4.2319961,
            55.7614962
          ],
          [
            -4.233782,
            55.7610435
          ]
        ]
      }
    },
    {
      "type": "Feature",
      "properties": {
        "name": "4610(X)",
        "type": "Axle Counters",
        "notes": "K type",
        "colour": "#a1c2fa",
        "section": "Central"
      },
      "geometry": {
        "type": "LineString",
        "coordinates": [
          [
            -4.2278031,
            55.7619211
          ],
          [
            -4.228074,
            55.7619196
          ],
          [
            -4.2287768,
            55.7619015
          ],
          [
            -4.2296351,
            55.7618442
          ],
          [
            -4.230547,
            55.7617506
          ],
          [
            -4.2313792,
            55.7616411
          ]
        ]
      }
    },
    {
      "type": "Feature",
      "properties": {
        "name": "4611(X)",
        "type": "Axle Counters",
        "notes": "K type",
        "colour": "#c5e1a5",
        "section": "Central"
      },
      "geometry": {
        "type": "LineString",
        "coordinates": [
          [
            -4.2277999,
            55.7618864
          ],
          [
            -4.2284651,
            55.7618743
          ],
          [
            -4.2293449,
            55.761823
          ],
          [
            -4.2300758,
            55.7617642
          ],
          [
            -4.2307799,
            55.7616811
          ],
          [
            -4.2313685,
            55.7616049
          ]
        ]
      }
    },
    {
      "type": "Feature",
      "properties": {
        "name": "4612(X)",
        "type": "Axle Counters",
        "notes": "K type",
        "colour": "#ffff8d",
        "section": "Central"
      },
      "geometry": {
        "type": "LineString",
        "coordinates": [
          [
            -4.2247851,
            55.7618369
          ],
          [
            -4.2256595,
            55.7618822
          ],
          [
            -4.2266305,
            55.7619184
          ],
          [
            -4.2274137,
            55.7619245
          ],
          [
            -4.2278031,
            55.7619211
          ]
        ]
      }
    },
    {
      "type": "Feature",
      "properties": {
        "name": "4613(X)",
        "type": "Axle Counters",
        "notes": "K type",
        "colour": "#eda29b",
        "section": "Central"
      },
      "geometry": {
        "type": "LineString",
        "coordinates": [
          [
            -4.2247958,
            55.7617917
          ],
          [
            -4.2258097,
            55.761846
          ],
          [
            -4.2265285,
            55.7618792
          ],
          [
            -4.2272259,
            55.7618943
          ],
          [
            -4.2277999,
            55.7618864
          ]
        ]
      }
    },
    {
      "type": "Feature",
      "properties": {
        "name": "4614(X)",
        "type": "Axle Counters",
        "notes": "Hybrid",
        "colour": "#ffff8d",
        "section": "Central"
      },
      "geometry": {
        "type": "LineString",
        "coordinates": [
          [
            -4.2175755,
            55.762343
          ],
          [
            -4.2186269,
            55.7621559
          ],
          [
            -4.2197642,
            55.762008
          ],
          [
            -4.2206761,
            55.7619265
          ],
          [
            -4.2219099,
            55.7618571
          ],
          [
            -4.2228058,
            55.761839
          ],
          [
            -4.2247851,
            55.7618369
          ]
        ]
      }
    },
    {
      "type": "Feature",
      "properties": {
        "name": "4615(X)",
        "type": "Axle Counters",
        "notes": "Hybrid",
        "colour": "#c5e1a5",
        "section": "Central"
      },
      "geometry": {
        "type": "LineString",
        "coordinates": [
          [
            -4.2175414,
            55.7623003
          ],
          [
            -4.2186143,
            55.7621072
          ],
          [
            -4.2197837,
            55.7619653
          ],
          [
            -4.2206206,
            55.7618929
          ],
          [
            -4.2220529,
            55.7618144
          ],
          [
            -4.2230292,
            55.7617963
          ],
          [
            -4.2247958,
            55.7617917
          ]
        ]
      }
    },
    {
      "type": "Feature",
      "properties": {
        "name": "4616(X)",
        "type": "Axle Counters",
        "notes": "Hybrid",
        "colour": "#a1c2fa",
        "section": "Central"
      },
      "geometry": {
        "type": "LineString",
        "coordinates": [
          [
            -4.2143762,
            55.7631495
          ],
          [
            -4.2151755,
            55.7628989
          ],
          [
            -4.2161733,
            55.7626364
          ],
          [
            -4.2167312,
            55.7624975
          ],
          [
            -4.2172784,
            55.7623828
          ],
          [
            -4.2175755,
            55.762343
          ]
        ]
      }
    },
    {
      "type": "Feature",
      "properties": {
        "name": "4617(X)",
        "type": "Axle Counters",
        "notes": "Hybrid",
        "colour": "#eda29b",
        "section": "Central"
      },
      "geometry": {
        "type": "LineString",
        "coordinates": [
          [
            -4.214328,
            55.7631072
          ],
          [
            -4.2151487,
            55.7628597
          ],
          [
            -4.2166883,
            55.7624583
          ],
          [
            -4.2175414,
            55.7623003
          ]
        ]
      }
    },
    {
      "type": "Feature",
      "properties": {
        "name": "4618(X)",
        "type": "Axle Counters",
        "notes": "Hybrid",
        "colour": "#ffff8d",
        "section": "Central"
      },
      "geometry": {
        "type": "LineString",
        "coordinates": [
          [
            -4.2143762,
            55.7631495
          ],
          [
            -4.2128434,
            55.7636395
          ],
          [
            -4.2121783,
            55.7638387
          ],
          [
            -4.2114295,
            55.7640269
          ]
        ]
      }
    },
    {
      "type": "Feature",
      "properties": {
        "name": "4619(X)",
        "type": "Axle Counters",
        "notes": "Hybrid",
        "colour": "#c5e1a5",
        "section": "Central"
      },
      "geometry": {
        "type": "LineString",
        "coordinates": [
          [
            -4.214328,
            55.7631072
          ],
          [
            -4.2131868,
            55.7634615
          ],
          [
            -4.2121675,
            55.7637814
          ],
          [
            -4.2113822,
            55.7639943
          ]
        ]
      }
    },
    {
      "type": "Feature",
      "properties": {
        "name": "4628(X)",
        "type": "Axle Counters",
        "notes": "Hybrid - K-type",
        "colour": "#ffff8d",
        "section": "Central"
      },
      "geometry": {
        "type": "LineString",
        "coordinates": [
          [
            -4.1835484,
            55.7657019
          ],
          [
            -4.1848944,
            55.7655688
          ]
        ]
      }
    },
    {
      "type": "Feature",
      "properties": {
        "name": "4401(X)",
        "type": "Axle Counters",
        "notes": "",
        "colour": "#ffff8d",
        "equipment_number": [
          {
            "number": "7896483",
            "name": "4348/4401"
          },
          {
            "number": "7896482",
            "name": "4401/4402"
          }
        ],
        "section": "Central"
      },
      "geometry": {
        "type": "LineString",
        "coordinates": [
          [
            -4.3120383,
            55.8114727
          ],
          [
            -4.3118262,
            55.8112315
          ],
          [
            -4.3115205,
            55.8109421
          ],
          [
            -4.3111879,
            55.8106859
          ],
          [
            -4.3107802,
            55.8104176
          ],
          [
            -4.3104476,
            55.8102247
          ],
          [
            -4.3099487,
            55.8099775
          ],
          [
            -4.3094176,
            55.8097484
          ],
          [
            -4.3088651,
            55.8095615
          ],
          [
            -4.3082267,
            55.8093806
          ],
          [
            -4.3076098,
            55.809242
          ],
          [
            -4.3070895,
            55.8091455
          ],
          [
            -4.3064833,
            55.8090611
          ],
          [
            -4.3057108,
            55.8090008
          ],
          [
            -4.304257,
            55.8089134
          ],
          [
            -4.3011296,
            55.8087265
          ],
          [
            -4.3006414,
            55.8086813
          ],
          [
            -4.3001372,
            55.808618
          ],
          [
            -4.2995042,
            55.8085245
          ],
          [
            -4.2988122,
            55.8083919
          ],
          [
            -4.2982489,
            55.8082532
          ],
          [
            -4.2976642,
            55.8080753
          ],
          [
            -4.2970097,
            55.8078432
          ],
          [
            -4.2965806,
            55.8076744
          ],
          [
            -4.2962587,
            55.8075327
          ],
          [
            -4.295843,
            55.807313
          ]
        ]
      }
    },
    {
      "type": "Feature",
      "properties": {
        "name": "4532(X)",
        "type": "Axle Counters",
        "notes": "",
        "colour": "#a1c2fa",
        "equipment_number": [
          {
            "number": "7896322",
            "name": "4532/4531"
          },
          {
            "number": "7896321",
            "name": "4533/4532"
          }
        ],
        "section": "Central"
      },
      "geometry": {
        "type": "LineString",
        "coordinates": [
          [
            -4.249274,
            55.819683
          ],
          [
            -4.2488689,
            55.8196618
          ],
          [
            -4.2486167,
            55.8196513
          ],
          [
            -4.2480939,
            55.8196402
          ]
        ]
      }
    },
    {
      "type": "Feature",
      "properties": {
        "name": "4406(X)",
        "type": "Axle Counters",
        "notes": "",
        "colour": "#a1c2fa",
        "equipment_number": [
          {
            "number": "7896465",
            "name": "4405/4406"
          },
          {
            "number": "7896464",
            "name": "4406/4378"
          }
        ],
        "section": "Central"
      },
      "geometry": {
        "type": "LineString",
        "coordinates": [
          [
            -4.262173,
            55.779213
          ],
          [
            -4.2622289,
            55.7789475
          ],
          [
            -4.2622987,
            55.7787062
          ],
          [
            -4.262369,
            55.778489
          ]
        ]
      }
    },
    {
      "type": "Feature",
      "properties": {
        "name": "GB5101 Q",
        "type": "Treadle",
        "notes": "",
        "equipment_number": "7890092",
        "section": "Central"
      },
      "geometry": {
        "type": "Point",
        "coordinates": [
          -4.2697284,
          55.8394912
        ]
      }
    },
    {
      "type": "Feature",
      "properties": {
        "name": "GC5072 Q",
        "type": "Treadle",
        "notes": "",
        "equipment_number": "7895299",
        "section": "Central"
      },
      "geometry": {
        "type": "Point",
        "coordinates": [
          -4.2796667,
          55.8375034
        ]
      }
    },
    {
      "type": "Feature",
      "properties": {
        "name": "GB5144 Q",
        "type": "Treadle",
        "notes": "",
        "equipment_number": "7896463",
        "section": "Central"
      },
      "geometry": {
        "type": "Point",
        "coordinates": [
          -4.2782369,
          55.791126
        ]
      }
    },
    {
      "type": "Feature",
      "properties": {
        "name": "2182 (X)",
        "type": "Tracks",
        "notes": "",
        "section": "Cowlairs",
        "colour": "#A1C2FA",
        "equipment_number": [
          {
            "number": "18262971",
            "label": "Axle Counter"
          },
          {
            "number": "18262969",
            "label": "Axle Counter"
          }
        ]
      },
      "geometry": {
        "type": "LineString",
        "coordinates": [
          [
            -4.2468776,
            55.8693804
          ],
          [
            -4.2478378,
            55.8679567
          ]
        ]
      }
    },
    {
      "type": "Feature",
      "properties": {
        "name": "2181 (X)",
        "type": "Tracks",
        "notes": "",
        "section": "Cowlairs",
        "colour": "#EDA29B",
        "equipment_number": [
          {
            "number": "18262972",
            "label": "Axle Counter"
          },
          {
            "number": "18262970",
            "label": "Axle Counter"
          }
        ]
      },
      "geometry": {
        "type": "LineString",
        "coordinates": [
          [
            -4.2477922,
            55.8679477
          ],
          [
            -4.2468293,
            55.8693699
          ]
        ]
      }
    },
    {
      "type": "Feature",
      "properties": {
        "name": "2180 (X)",
        "type": "Tracks",
        "notes": "",
        "section": "Cowlairs",
        "colour": "#FFFF8D",
        "equipment_number": [
          {
            "number": "18262973",
            "label": "Axle Counter"
          },
          {
            "number": "18262971",
            "label": "Axle Counter"
          }
        ]
      },
      "geometry": {
        "type": "LineString",
        "coordinates": [
          [
            -4.2468776,
            55.8693804
          ],
          [
            -4.2449657,
            55.8722412
          ]
        ]
      }
    },
    {
      "type": "Feature",
      "properties": {
        "name": "2179 (X)",
        "type": "Tracks",
        "notes": "",
        "section": "Cowlairs",
        "colour": "#C5E1A5",
        "equipment_number": [
          {
            "number": "18262974",
            "label": "Axle Counter"
          },
          {
            "number": "18262972",
            "label": "Axle Counter"
          }
        ]
      },
      "geometry": {
        "type": "LineString",
        "coordinates": [
          [
            -4.2449161,
            55.8722275
          ],
          [
            -4.2468293,
            55.8693699
          ]
        ]
      }
    },
    {
      "type": "Feature",
      "properties": {
        "name": "2183 (X)",
        "type": "Tracks",
        "notes": "",
        "section": "Cowlairs",
        "colour": "#C5E1A5",
        "equipment_number": [
          {
            "number": "18262970",
            "label": "Axle Counter"
          },
          {
            "number": "18262968",
            "label": "Axle Counter"
          }
        ]
      },
      "geometry": {
        "type": "LineString",
        "coordinates": [
          [
            -4.2485493,
            55.8669225
          ],
          [
            -4.2477922,
            55.8679477
          ]
        ]
      }
    },
    {
      "type": "Feature",
      "properties": {
        "name": "2184 (X)",
        "type": "Tracks",
        "notes": "",
        "section": "Cowlairs",
        "colour": "#FFFF8D",
        "equipment_number": [
          {
            "number": "18262969",
            "label": "Axle Counter"
          },
          {
            "number": "18262967",
            "label": "Axle Counter"
          }
        ]
      },
      "geometry": {
        "type": "LineString",
        "coordinates": [
          [
            -4.2485923,
            55.8669355
          ],
          [
            -4.2478378,
            55.8679567
          ]
        ]
      }
    },
    {
      "type": "Feature",
      "properties": {
        "name": "2186 (X)",
        "type": "Tracks",
        "notes": "",
        "section": "Cowlairs",
        "colour": "#A1C2FA",
        "equipment_number": [
          {
            "number": "18262967",
            "label": "Axle Counter"
          },
          {
            "number": "18262965",
            "label": "Axle Counter"
          }
        ]
      },
      "geometry": {
        "type": "LineString",
        "coordinates": [
          [
            -4.2489812,
            55.8663662
          ],
          [
            -4.2485923,
            55.8669355
          ]
        ]
      }
    },
    {
      "type": "Feature",
      "properties": {
        "name": "2185 (X)",
        "type": "Tracks",
        "notes": "",
        "section": "Cowlairs",
        "colour": "#EDA29B",
        "equipment_number": [
          {
            "number": "18262968",
            "label": "Axle Counter"
          },
          {
            "number": "18262966",
            "label": "Axle Counter"
          }
        ]
      },
      "geometry": {
        "type": "LineString",
        "coordinates": [
          [
            -4.248937,
            55.8663508
          ],
          [
            -4.2485493,
            55.8669225
          ]
        ]
      }
    },
    {
      "type": "Feature",
      "properties": {
        "name": "2189 (X)",
        "type": "Tracks",
        "notes": "",
        "section": "Cowlairs",
        "colour": "#C5E1A5",
        "equipment_number": [
          {
            "number": "18262964",
            "label": "Axle Counter"
          },
          {
            "number": "18262960",
            "label": "Axle Counter"
          },
          {
            "number": "18262966",
            "label": "Axle Counter"
          },
          {
            "number": "18262959",
            "label": "Axle Counter"
          }
        ]
      },
      "geometry": {
        "type": "LineString",
        "coordinates": [
          [
            -4.2492051,
            55.8659978
          ],
          [
            -4.248937,
            55.8663508
          ],
          [
            -4.2497202,
            55.8651858
          ],
          [
            -4.2496061,
            55.8653717
          ],
          [
            -4.2497202,
            55.8651858
          ],
          [
            -4.2502043,
            55.8644438
          ]
        ]
      }
    },
    {
      "type": "Feature",
      "properties": {
        "name": "2190 (X)",
        "type": "Tracks",
        "notes": "",
        "section": "Cowlairs",
        "colour": "#FFFF8D",
        "equipment_number": [
          {
            "number": "18262963",
            "label": "Axle Counter"
          },
          {
            "number": "18262965",
            "label": "Axle Counter"
          },
          {
            "number": "18262962",
            "label": "Axle Counter"
          }
        ]
      },
      "geometry": {
        "type": "LineString",
        "coordinates": [
          [
            -4.2489825,
            55.8663654
          ],
          [
            -4.2494546,
            55.8656772
          ],
          [
            -4.2492051,
            55.8659978
          ]
        ]
      }
    },
    {
      "type": "Feature",
      "properties": {
        "name": "2192 (X)",
        "type": "Tracks",
        "notes": "",
        "section": "Cowlairs",
        "colour": "#A1C2FA",
        "equipment_number": [
          {
            "number": "18262961",
            "label": "Axle Counter"
          },
          {
            "number": "18262962",
            "label": "Axle Counter"
          },
          {
            "number": "18262958",
            "label": "Axle Counter"
          }
        ]
      },
      "geometry": {
        "type": "LineString",
        "coordinates": [
          [
            -4.2502659,
            55.8644566
          ],
          [
            -4.2494546,
            55.8656772
          ],
          [
            -4.2496061,
            55.8653792
          ]
        ]
      }
    },
    {
      "type": "Feature",
      "properties": {
        "name": "2209 (X)",
        "type": "Tracks",
        "notes": "",
        "section": "Cowlairs",
        "colour": "#A1C2FA",
        "equipment_number": [
          {
            "number": "18262948",
            "label": "Axle Counter"
          }
        ]
      },
      "geometry": {
        "type": "LineString",
        "coordinates": [
          [
            -4.251631,
            55.862716
          ],
          [
            -4.2514299,
            55.8632263
          ],
          [
            -4.2512797,
            55.8634249
          ],
          [
            -4.2511295,
            55.8635815
          ]
        ]
      }
    },
    {
      "type": "Feature",
      "properties": {
        "name": "2208 (X)",
        "type": "Tracks",
        "notes": "",
        "section": "Cowlairs",
        "colour": "#A1C2FA",
        "equipment_number": [
          {
            "number": "18262949",
            "label": "Axle Counter"
          }
        ]
      },
      "geometry": {
        "type": "LineString",
        "coordinates": [
          [
            -4.2516049,
            55.8621194
          ],
          [
            -4.2511677,
            55.8632197
          ],
          [
            -4.2510684,
            55.8634063
          ]
        ]
      }
    },
    {
      "type": "Feature",
      "properties": {
        "name": "2203 (X)",
        "type": "Tracks",
        "notes": "",
        "section": "Cowlairs",
        "colour": "#C5E1A5",
        "equipment_number": [
          {
            "number": "18262950",
            "label": "Axle Counter"
          }
        ]
      },
      "geometry": {
        "type": "LineString",
        "coordinates": [
          [
            -4.2507021,
            55.863857
          ],
          [
            -4.2508121,
            55.8637133
          ],
          [
            -4.2509529,
            55.8635078
          ],
          [
            -4.251087,
            55.863261
          ],
          [
            -4.2515242,
            55.8621125
          ]
        ]
      }
    },
    {
      "type": "Feature",
      "properties": {
        "name": "2206 (X)",
        "type": "Tracks",
        "notes": "",
        "section": "Cowlairs",
        "colour": "#A1C2FA",
        "equipment_number": [
          {
            "number": "18262951",
            "label": "Axle Counter"
          }
        ]
      },
      "geometry": {
        "type": "LineString",
        "coordinates": [
          [
            -4.250556,
            55.8639142
          ],
          [
            -4.2506579,
            55.863708
          ],
          [
            -4.2508027,
            55.8633859
          ],
          [
            -4.2508886,
            55.8631947
          ],
          [
            -4.2513097,
            55.8620854
          ]
        ]
      }
    },
    {
      "type": "Feature",
      "properties": {
        "name": "2213 (X)",
        "type": "Tracks",
        "notes": "",
        "section": "Cowlairs",
        "colour": "#C5E1A5",
        "equipment_number": [
          {
            "number": "18262952",
            "label": "Axle Counter"
          }
        ]
      },
      "geometry": {
        "type": "LineString",
        "coordinates": [
          [
            -4.2506311,
            55.8636328
          ],
          [
            -4.2508416,
            55.8631888
          ],
          [
            -4.2512533,
            55.8620824
          ]
        ]
      }
    },
    {
      "type": "Feature",
      "properties": {
        "name": "2198 (X)",
        "type": "Tracks",
        "notes": "",
        "section": "Cowlairs",
        "colour": "#A1C2FA",
        "equipment_number": [
          {
            "number": "18262953",
            "label": "Axle Counter"
          }
        ]
      },
      "geometry": {
        "type": "LineString",
        "coordinates": [
          [
            -4.2505506,
            55.8636297
          ],
          [
            -4.2505908,
            55.8634416
          ],
          [
            -4.2506445,
            55.8632399
          ],
          [
            -4.2506659,
            55.8631616
          ],
          [
            -4.2510897,
            55.8620583
          ]
        ]
      }
    },
    {
      "type": "Feature",
      "properties": {
        "name": "2195 (X)",
        "type": "Tracks",
        "notes": "",
        "section": "Cowlairs",
        "colour": "#C5E1A5",
        "equipment_number": [
          {
            "number": "18262954",
            "label": "Axle Counter"
          }
        ]
      },
      "geometry": {
        "type": "LineString",
        "coordinates": [
          [
            -4.250384,
            55.8639874
          ],
          [
            -4.2506013,
            55.8631686
          ],
          [
            -4.2510224,
            55.8620457
          ]
        ]
      }
    },
    {
      "type": "Feature",
      "properties": {
        "name": "2194 (X)",
        "type": "Tracks",
        "notes": "",
        "section": "Cowlairs",
        "colour": "#FFFF8D",
        "equipment_number": [
          {
            "number": "18262958",
            "label": "Axle Counter"
          },
          {
            "number": "18262950",
            "label": "Axle Counter"
          },
          {
            "number": "18262955",
            "label": "Axle Counter"
          },
          {
            "number": "18262949",
            "label": "Axle Counter"
          },
          {
            "number": "18262948",
            "label": "Axle Counter"
          }
        ]
      },
      "geometry": {
        "type": "LineString",
        "coordinates": [
          [
            -4.2502659,
            55.8644566
          ],
          [
            -4.2503628,
            55.8643441
          ],
          [
            -4.250556,
            55.8639142
          ],
          [
            -4.2503628,
            55.8643441
          ],
          [
            -4.2504677,
            55.864224
          ],
          [
            -4.2507021,
            55.863857
          ],
          [
            -4.2504677,
            55.864224
          ],
          [
            -4.2506722,
            55.8639929
          ],
          [
            -4.2508931,
            55.8636974
          ],
          [
            -4.2510684,
            55.8634063
          ],
          [
            -4.2508931,
            55.8636974
          ],
          [
            -4.2506722,
            55.8639929
          ],
          [
            -4.2511295,
            55.8635815
          ]
        ]
      }
    },
    {
      "type": "Feature",
      "properties": {
        "name": "2193 (X)",
        "type": "Tracks",
        "notes": "",
        "section": "Cowlairs",
        "colour": "#EDA29B",
        "equipment_number": [
          {
            "number": "18262957",
            "label": "Axle Counter"
          },
          {
            "number": "18262959",
            "label": "Axle Counter"
          },
          {
            "number": "18262954",
            "label": "Axle Counter"
          },
          {
            "number": "18262953",
            "label": "Axle Counter"
          },
          {
            "number": "18262952",
            "label": "Axle Counter"
          }
        ]
      },
      "geometry": {
        "type": "LineString",
        "coordinates": [
          [
            -4.2502043,
            55.8644438
          ],
          [
            -4.2502564,
            55.864353
          ],
          [
            -4.250384,
            55.8639874
          ],
          [
            -4.2502564,
            55.864353
          ],
          [
            -4.2504117,
            55.8640868
          ],
          [
            -4.2505506,
            55.8636297
          ],
          [
            -4.2504117,
            55.8640868
          ],
          [
            -4.2506311,
            55.8636328
          ]
        ]
      }
    },
    {
      "type": "Feature",
      "properties": {
        "name": "2178T",
        "type": "Tracks",
        "notes": "",
        "section": "Cowlairs",
        "colour": "#0288D1",
        "equipment_number": [
          {
            "number": "18262973",
            "label": "Axle Counter"
          },
          {
            "number": "487872",
            "label": "Track"
          }
        ]
      },
      "geometry": {
        "type": "LineString",
        "coordinates": [
          [
            -4.2438421,
            55.8739105
          ],
          [
            -4.2449657,
            55.8722412
          ]
        ]
      }
    },
    {
      "type": "Feature",
      "properties": {
        "name": "2177T",
        "type": "Tracks",
        "notes": "",
        "section": "Cowlairs",
        "colour": "#A52714",
        "equipment_number": [
          {
            "number": "18262974",
            "label": "Axle Counter"
          },
          {
            "number": "488351",
            "label": "Track"
          }
        ]
      },
      "geometry": {
        "type": "LineString",
        "coordinates": [
          [
            -4.2449161,
            55.8722275
          ],
          [
            -4.2437844,
            55.8739035
          ]
        ]
      }
    },
    {
      "type": "Feature",
      "properties": {
        "name": "2176T",
        "type": "Tracks",
        "notes": "",
        "section": "Cowlairs",
        "colour": "#FFD600",
        "equipment_number": [
          {
            "number": "487434",
            "label": "Track"
          }
        ]
      },
      "geometry": {
        "type": "LineString",
        "coordinates": [
          [
            -4.2426173,
            55.8757158
          ],
          [
            -4.2438421,
            55.8739105
          ]
        ]
      }
    },
    {
      "type": "Feature",
      "properties": {
        "name": "2175T",
        "type": "Tracks",
        "notes": "",
        "section": "Cowlairs",
        "colour": "#7CB342",
        "equipment_number": [
          {
            "number": "488019",
            "label": "Track"
          }
        ]
      },
      "geometry": {
        "type": "LineString",
        "coordinates": [
          [
            -4.2425612,
            55.8757047
          ],
          [
            -4.2437844,
            55.8739035
          ]
        ]
      }
    },
    {
      "type": "Feature",
      "properties": {
        "name": "2174T",
        "type": "Tracks",
        "notes": "",
        "section": "Cowlairs",
        "colour": "#0288D1",
        "equipment_number": [
          {
            "number": "487579",
            "label": "Track"
          }
        ]
      },
      "geometry": {
        "type": "LineString",
        "coordinates": [
          [
            -4.2413947,
            55.8775147
          ],
          [
            -4.2426173,
            55.8757158
          ]
        ]
      }
    },
    {
      "type": "Feature",
      "properties": {
        "name": "2173T",
        "type": "Tracks",
        "notes": "",
        "section": "Cowlairs",
        "colour": "#A52714",
        "equipment_number": [
          {
            "number": "487578",
            "label": "Track"
          }
        ]
      },
      "geometry": {
        "type": "LineString",
        "coordinates": [
          [
            -4.2425612,
            55.8757047
          ],
          [
            -4.2413357,
            55.877502
          ]
        ]
      }
    },
    {
      "type": "Feature",
      "properties": {
        "name": "2172T",
        "type": "Tracks",
        "notes": "",
        "section": "Cowlairs",
        "colour": "#FFD600",
        "equipment_number": [
          {
            "number": "487576",
            "label": "Track"
          }
        ]
      },
      "geometry": {
        "type": "LineString",
        "coordinates": [
          [
            -4.2407858,
            55.8783562
          ],
          [
            -4.2411216,
            55.8779072
          ],
          [
            -4.2413947,
            55.8775147
          ],
          [
            -4.2411216,
            55.8779072
          ],
          [
            -4.240008,
            55.8795478
          ]
        ]
      }
    },
    {
      "type": "Feature",
      "properties": {
        "name": "2171T",
        "type": "Tracks",
        "notes": "",
        "section": "Cowlairs",
        "colour": "#7CB342",
        "equipment_number": [
          {
            "number": "487577",
            "label": "Track"
          }
        ]
      },
      "geometry": {
        "type": "LineString",
        "coordinates": [
          [
            -4.2413357,
            55.877502
          ],
          [
            -4.2405149,
            55.8787109
          ],
          [
            -4.2407858,
            55.8783562
          ],
          [
            -4.2405176,
            55.8787124
          ],
          [
            -4.2400724,
            55.8793518
          ]
        ]
      }
    },
    {
      "type": "Feature",
      "properties": {
        "name": "2168T",
        "type": "Tracks",
        "notes": "",
        "section": "Cowlairs",
        "colour": "#0288D1",
        "equipment_number": [
          {
            "number": "487574",
            "label": "Track"
          }
        ]
      },
      "geometry": {
        "type": "LineString",
        "coordinates": [
          [
            -4.240008,
            55.8795478
          ],
          [
            -4.2396174,
            55.8801237
          ],
          [
            -4.239081,
            55.8809376
          ],
          [
            -4.2389791,
            55.8811362
          ],
          [
            -4.2388986,
            55.8812957
          ]
        ]
      }
    },
    {
      "type": "Feature",
      "properties": {
        "name": "2167T",
        "type": "Tracks",
        "notes": "",
        "section": "Cowlairs",
        "colour": "#A52714",
        "equipment_number": [
          {
            "number": "487575",
            "label": "Track"
          }
        ]
      },
      "geometry": {
        "type": "LineString",
        "coordinates": [
          [
            -4.2388557,
            55.8812912
          ],
          [
            -4.2389737,
            55.8810294
          ],
          [
            -4.2391186,
            55.8807827
          ],
          [
            -4.2400724,
            55.8793518
          ],
          [
            -4.2396765,
            55.8799522
          ],
          [
            -4.2391051,
            55.8807089
          ],
          [
            -4.2388624,
            55.8810829
          ],
          [
            -4.2387135,
            55.8813499
          ],
          [
            -4.2388624,
            55.8810829
          ],
          [
            -4.2391051,
            55.8807089
          ],
          [
            -4.2386277,
            55.8813348
          ]
        ]
      }
    },
    {
      "type": "Feature",
      "properties": {
        "name": "2164T",
        "type": "Tracks",
        "notes": "",
        "section": "Cowlairs",
        "colour": "#FFD600",
        "equipment_number": [
          {
            "number": "487572",
            "label": "Track"
          }
        ]
      },
      "geometry": {
        "type": "LineString",
        "coordinates": [
          [
            -4.2388986,
            55.8812957
          ],
          [
            -4.2387541,
            55.8816824
          ],
          [
            -4.2386736,
            55.8821036
          ],
          [
            -4.2386468,
            55.882549
          ],
          [
            -4.2386575,
            55.8828679
          ],
          [
            -4.2386897,
            55.8831267
          ]
        ]
      }
    },
    {
      "type": "Feature",
      "properties": {
        "name": "2163T",
        "type": "Tracks",
        "notes": "",
        "section": "Cowlairs",
        "colour": "#7CB342",
        "equipment_number": [
          {
            "number": "487564",
            "label": "Track"
          }
        ]
      },
      "geometry": {
        "type": "LineString",
        "coordinates": [
          [
            -4.2386414,
            55.8831297
          ],
          [
            -4.2385985,
            55.8828859
          ],
          [
            -4.2385878,
            55.8827175
          ],
          [
            -4.2385878,
            55.8825279
          ],
          [
            -4.2385985,
            55.8822541
          ],
          [
            -4.2386468,
            55.8819502
          ],
          [
            -4.2387165,
            55.8816343
          ],
          [
            -4.2388557,
            55.8812912
          ]
        ]
      }
    },
    {
      "type": "Feature",
      "properties": {
        "name": "2161T",
        "type": "Tracks",
        "notes": "",
        "section": "Cowlairs",
        "colour": "#7CB342",
        "equipment_number": [
          {
            "number": "487581",
            "label": "Track"
          }
        ]
      },
      "geometry": {
        "type": "LineString",
        "coordinates": [
          [
            -4.238558,
            55.8831848
          ],
          [
            -4.2384775,
            55.8829606
          ],
          [
            -4.2384185,
            55.8827154
          ],
          [
            -4.238389,
            55.8825093
          ],
          [
            -4.2383864,
            55.8822746
          ],
          [
            -4.2384078,
            55.8820324
          ],
          [
            -4.2384226,
            55.8819196
          ],
          [
            -4.2384722,
            55.8817887
          ],
          [
            -4.2387135,
            55.8813499
          ]
        ]
      }
    },
    {
      "type": "Feature",
      "properties": {
        "name": "2159T",
        "type": "Tracks",
        "notes": "",
        "section": "Cowlairs",
        "colour": "#A52714",
        "equipment_number": [
          {
            "number": "487569",
            "label": "Track"
          }
        ]
      },
      "geometry": {
        "type": "LineString",
        "coordinates": [
          [
            -4.2392238,
            55.885017
          ],
          [
            -4.2389824,
            55.8844318
          ],
          [
            -4.2388161,
            55.8839467
          ],
          [
            -4.2390213,
            55.8844612
          ],
          [
            -4.2388174,
            55.8839459
          ],
          [
            -4.2387262,
            55.8836142
          ],
          [
            -4.238558,
            55.8831848
          ],
          [
            -4.2387262,
            55.883615
          ],
          [
            -4.2386414,
            55.8831297
          ]
        ]
      }
    },
    {
      "type": "Feature",
      "properties": {
        "name": "2160T",
        "type": "Tracks",
        "notes": "",
        "section": "Cowlairs",
        "colour": "#0288D1",
        "equipment_number": [
          {
            "number": "487570",
            "label": "Track"
          }
        ]
      },
      "geometry": {
        "type": "LineString",
        "coordinates": [
          [
            -4.2392626,
            55.8849692
          ],
          [
            -4.2391888,
            55.8848128
          ],
          [
            -4.2390213,
            55.8844612
          ],
          [
            -4.2391902,
            55.8848143
          ],
          [
            -4.2390426,
            55.884445
          ],
          [
            -4.2388965,
            55.8840426
          ],
          [
            -4.2387865,
            55.8836273
          ],
          [
            -4.2386897,
            55.8831267
          ]
        ]
      }
    },
    {
      "type": "Feature",
      "properties": {
        "name": "2158T",
        "type": "Tracks",
        "notes": "",
        "section": "Cowlairs",
        "colour": "#FFD600",
        "equipment_number": [
          {
            "number": "1468594",
            "label": "Track"
          }
        ]
      },
      "geometry": {
        "type": "LineString",
        "coordinates": [
          [
            -4.2399372,
            55.8864096
          ],
          [
            -4.2395456,
            55.8855657
          ],
          [
            -4.2396944,
            55.8859658
          ],
          [
            -4.2395469,
            55.8855672
          ],
          [
            -4.2392626,
            55.8849692
          ]
        ]
      }
    },
    {
      "type": "Feature",
      "properties": {
        "name": "2155T",
        "type": "Tracks",
        "notes": "",
        "section": "Cowlairs",
        "colour": "#7CB342",
        "equipment_number": [
          {
            "number": "488335",
            "label": "Track"
          }
        ]
      },
      "geometry": {
        "type": "LineString",
        "coordinates": [
          [
            -4.2400013,
            55.8866742
          ],
          [
            -4.2399504,
            55.8865629
          ],
          [
            -4.2400255,
            55.8866735
          ],
          [
            -4.2399531,
            55.8865644
          ],
          [
            -4.2397869,
            55.8862119
          ],
          [
            -4.2396944,
            55.8859658
          ],
          [
            -4.2397869,
            55.8862119
          ],
          [
            -4.2392238,
            55.885017
          ],
          [
            -4.2397869,
            55.8862119
          ],
          [
            -4.2399504,
            55.8865644
          ],
          [
            -4.2397988,
            55.8863854
          ],
          [
            -4.2396929,
            55.8862715
          ],
          [
            -4.2395708,
            55.8861575
          ]
        ]
      }
    },
    {
      "type": "Feature",
      "properties": {
        "name": "2156T",
        "type": "Tracks",
        "notes": "",
        "section": "Cowlairs",
        "colour": "#0288D1",
        "equipment_number": [
          {
            "number": "487566",
            "label": "Track"
          }
        ]
      },
      "geometry": {
        "type": "LineString",
        "coordinates": [
          [
            -4.2399372,
            55.8864096
          ],
          [
            -4.2402001,
            55.8869788
          ],
          [
            -4.2400255,
            55.8866735
          ]
        ]
      }
    },
    {
      "type": "Feature",
      "properties": {
        "name": "2665T",
        "type": "Tracks",
        "notes": "",
        "section": "Cowlairs",
        "colour": "#7CB342",
        "equipment_number": [
          {
            "number": "488366",
            "label": "Track"
          }
        ]
      },
      "geometry": {
        "type": "LineString",
        "coordinates": [
          [
            -4.2381003,
            55.8819946
          ],
          [
            -4.2382398,
            55.8818427
          ],
          [
            -4.2386277,
            55.8813348
          ]
        ]
      }
    },
    {
      "type": "Feature",
      "properties": {
        "name": "2663T",
        "type": "Tracks",
        "notes": "",
        "section": "Cowlairs",
        "colour": "#A52714",
        "equipment_number": [
          {
            "number": "487433",
            "label": "Track"
          }
        ]
      },
      "geometry": {
        "type": "LineString",
        "coordinates": [
          [
            -4.2350225,
            55.8828788
          ],
          [
            -4.2353793,
            55.8828818
          ],
          [
            -4.2356368,
            55.8828757
          ],
          [
            -4.2359345,
            55.8828517
          ],
          [
            -4.2363073,
            55.8827975
          ],
          [
            -4.236548,
            55.8827456
          ],
          [
            -4.2367888,
            55.8826847
          ],
          [
            -4.2370027,
            55.8826207
          ],
          [
            -4.237238,
            55.8825327
          ],
          [
            -4.2374724,
            55.8824215
          ],
          [
            -4.2377067,
            55.8822923
          ],
          [
            -4.2379035,
            55.8821585
          ],
          [
            -4.2381003,
            55.8819946
          ]
        ]
      }
    },
    {
      "type": "Feature",
      "properties": {
        "name": "2604T",
        "type": "Tracks",
        "notes": "",
        "section": "Cowlairs",
        "colour": "#FFEA00",
        "equipment_number": [
          {
            "number": "488336",
            "label": "Track"
          }
        ]
      },
      "geometry": {
        "type": "LineString",
        "coordinates": [
          [
            -4.2391809,
            55.8858714
          ],
          [
            -4.2390092,
            55.8857015
          ],
          [
            -4.2387759,
            55.8855255
          ],
          [
            -4.2390092,
            55.8857015
          ],
          [
            -4.2394169,
            55.8860189
          ],
          [
            -4.2395708,
            55.8861575
          ]
        ]
      }
    },
    {
      "type": "Feature",
      "properties": {
        "name": "2606T",
        "type": "Tracks",
        "notes": "",
        "section": "Cowlairs",
        "colour": "#0288D1",
        "equipment_number": [
          {
            "number": "488357",
            "label": "Track"
          }
        ]
      },
      "geometry": {
        "type": "LineString",
        "coordinates": [
          [
            -4.2381214,
            55.8850689
          ],
          [
            -4.2387759,
            55.8855255
          ]
        ]
      }
    },
    {
      "type": "Feature",
      "properties": {
        "name": "2608T",
        "type": "Tracks",
        "notes": "",
        "section": "Cowlairs",
        "colour": "#FFEA00",
        "equipment_number": [
          {
            "number": "1468596",
            "label": "Track"
          }
        ]
      },
      "geometry": {
        "type": "LineString",
        "coordinates": [
          [
            -4.2363241,
            55.883996
          ],
          [
            -4.2370832,
            55.8844473
          ],
          [
            -4.237566,
            55.8847286
          ],
          [
            -4.2379737,
            55.8849738
          ],
          [
            -4.2381214,
            55.8850689
          ]
        ]
      }
    },
    {
      "type": "Feature",
      "properties": {
        "name": "2610T",
        "type": "Tracks",
        "notes": "",
        "section": "Cowlairs",
        "colour": "#0288D1",
        "equipment_number": [
          {
            "number": "488341",
            "label": "Track"
          }
        ]
      },
      "geometry": {
        "type": "LineString",
        "coordinates": [
          [
            -4.2344956,
            55.8829653
          ],
          [
            -4.2347236,
            55.8830751
          ],
          [
            -4.234914,
            55.8831729
          ],
          [
            -4.2352117,
            55.8833444
          ],
          [
            -4.2363241,
            55.883996
          ]
        ]
      }
    },
    {
      "type": "Feature",
      "properties": {
        "name": "2612T",
        "type": "Tracks",
        "notes": "",
        "section": "Cowlairs",
        "colour": "#FFEA00",
        "equipment_number": [
          {
            "number": "487429",
            "label": "Track"
          }
        ]
      },
      "geometry": {
        "type": "LineString",
        "coordinates": [
          [
            -4.2344956,
            55.8829653
          ],
          [
            -4.2342048,
            55.8828473
          ],
          [
            -4.2338414,
            55.8827059
          ]
        ]
      }
    },
    {
      "type": "Feature",
      "properties": {
        "name": "2614T",
        "type": "Tracks",
        "notes": "",
        "section": "Cowlairs",
        "colour": "#0288D1",
        "equipment_number": [
          {
            "number": "487428",
            "label": "Track"
          }
        ]
      },
      "geometry": {
        "type": "LineString",
        "coordinates": [
          [
            -4.2338677,
            55.8826758
          ],
          [
            -4.233291,
            55.8825058
          ],
          [
            -4.2330496,
            55.8824381
          ],
          [
            -4.233291,
            55.8825058
          ],
          [
            -4.2338414,
            55.8827059
          ]
        ]
      }
    },
    {
      "type": "Feature",
      "properties": {
        "name": "2661T",
        "type": "Tracks",
        "notes": "",
        "section": "Cowlairs",
        "colour": "#7CB342",
        "equipment_number": [
          {
            "number": "487431",
            "label": "Track"
          }
        ]
      },
      "geometry": {
        "type": "LineString",
        "coordinates": [
          [
            -4.2338677,
            55.8826758
          ],
          [
            -4.2341267,
            55.8827477
          ],
          [
            -4.2344351,
            55.8828139
          ],
          [
            -4.2347114,
            55.88285
          ],
          [
            -4.2350225,
            55.8828788
          ]
        ]
      }
    },
    {
      "type": "Feature",
      "properties": {
        "name": "2616T",
        "type": "Tracks",
        "notes": "",
        "section": "Cowlairs",
        "colour": "#FFEA00",
        "equipment_number": [
          {
            "number": "487418",
            "label": "Track"
          }
        ]
      },
      "geometry": {
        "type": "LineString",
        "coordinates": [
          [
            -4.2330496,
            55.8824381
          ],
          [
            -4.2328343,
            55.8823778
          ],
          [
            -4.2325608,
            55.8823116
          ],
          [
            -4.2323033,
            55.8822529
          ],
          [
            -4.2321665,
            55.8822228
          ],
          [
            -4.2318661,
            55.8821732
          ],
          [
            -4.2321718,
            55.8822243
          ],
          [
            -4.2317454,
            55.8821311
          ],
          [
            -4.2313645,
            55.8820528
          ],
          [
            -4.2306805,
            55.8819009
          ]
        ]
      }
    },
    {
      "type": "Feature",
      "properties": {
        "name": "2618T",
        "type": "Tracks",
        "notes": "",
        "section": "Cowlairs",
        "colour": "#0288D1",
        "equipment_number": [
          {
            "number": "487435",
            "label": "Track"
          }
        ]
      },
      "geometry": {
        "type": "LineString",
        "coordinates": [
          [
            -4.2306805,
            55.8819009
          ],
          [
            -4.2304338,
            55.8818414
          ],
          [
            -4.2301119,
            55.8817557
          ],
          [
            -4.2296184,
            55.8816037
          ],
          [
            -4.228575,
            55.8812743
          ]
        ]
      }
    },
    {
      "type": "Feature",
      "properties": {
        "name": "2617T",
        "type": "Tracks",
        "notes": "",
        "section": "Cowlairs",
        "colour": "#A52714",
        "equipment_number": [
          {
            "number": "487426",
            "label": "Track"
          }
        ]
      },
      "geometry": {
        "type": "LineString",
        "coordinates": [
          [
            -4.2284582,
            55.8812739
          ],
          [
            -4.2297604,
            55.8816809
          ],
          [
            -4.2302088,
            55.8818158
          ],
          [
            -4.2306635,
            55.8819309
          ]
        ]
      }
    },
    {
      "type": "Feature",
      "properties": {
        "name": "2615T",
        "type": "Tracks",
        "notes": "",
        "section": "Cowlairs",
        "colour": "#7CB342",
        "equipment_number": [
          {
            "number": "487430",
            "label": "Track"
          }
        ]
      },
      "geometry": {
        "type": "LineString",
        "coordinates": [
          [
            -4.2330467,
            55.8824943
          ],
          [
            -4.2328388,
            55.8824297
          ],
          [
            -4.2325491,
            55.8823514
          ],
          [
            -4.2320851,
            55.8822393
          ],
          [
            -4.2314802,
            55.8821092
          ],
          [
            -4.2318661,
            55.8821732
          ],
          [
            -4.2314789,
            55.8821092
          ],
          [
            -4.2306635,
            55.8819309
          ]
        ]
      }
    },
    {
      "type": "Feature",
      "properties": {
        "name": "2611T",
        "type": "Tracks",
        "notes": "",
        "section": "Cowlairs",
        "colour": "#A52714",
        "equipment_number": [
          {
            "number": "487432",
            "label": "Track"
          }
        ]
      },
      "geometry": {
        "type": "LineString",
        "coordinates": [
          [
            -4.2344384,
            55.8830058
          ],
          [
            -4.2341139,
            55.8828659
          ],
          [
            -4.233851,
            55.8827606
          ],
          [
            -4.2336391,
            55.8826884
          ],
          [
            -4.2332824,
            55.882562
          ],
          [
            -4.2330467,
            55.8824943
          ]
        ]
      }
    },
    {
      "type": "Feature",
      "properties": {
        "name": "2609T",
        "type": "Tracks",
        "notes": "",
        "section": "Cowlairs",
        "colour": "#7CB342",
        "equipment_number": [
          {
            "number": "10154116",
            "label": "Track"
          }
        ]
      },
      "geometry": {
        "type": "LineString",
        "coordinates": [
          [
            -4.2362784,
            55.8840198
          ],
          [
            -4.2355864,
            55.8836151
          ],
          [
            -4.235168,
            55.8833744
          ],
          [
            -4.2348702,
            55.8832165
          ],
          [
            -4.234594,
            55.8830796
          ],
          [
            -4.2344384,
            55.8830058
          ]
        ]
      }
    },
    {
      "type": "Feature",
      "properties": {
        "name": "2607T",
        "type": "Tracks",
        "notes": "",
        "section": "Cowlairs",
        "colour": "#A52714",
        "equipment_number": [
          {
            "number": "10154117",
            "label": "Track"
          }
        ]
      },
      "geometry": {
        "type": "LineString",
        "coordinates": [
          [
            -4.2380688,
            55.8850879
          ],
          [
            -4.2377315,
            55.8848728
          ],
          [
            -4.2373835,
            55.8846622
          ],
          [
            -4.2362784,
            55.8840198
          ]
        ]
      }
    },
    {
      "type": "Feature",
      "properties": {
        "name": "2605T",
        "type": "Tracks",
        "notes": "",
        "section": "Cowlairs",
        "colour": "#7CB342",
        "equipment_number": [
          {
            "number": "488339",
            "label": "Track"
          }
        ]
      },
      "geometry": {
        "type": "LineString",
        "coordinates": [
          [
            -4.2388069,
            55.8856077
          ],
          [
            -4.2385655,
            55.8854272
          ],
          [
            -4.2383777,
            55.8852948
          ],
          [
            -4.2380688,
            55.8850879
          ]
        ]
      }
    },
    {
      "type": "Feature",
      "properties": {
        "name": "2603T",
        "type": "Tracks",
        "notes": "",
        "section": "Cowlairs",
        "colour": "#A52714",
        "equipment_number": [
          {
            "number": "488334",
            "label": "Track"
          }
        ]
      },
      "geometry": {
        "type": "LineString",
        "coordinates": [
          [
            -4.2388069,
            55.8856077
          ],
          [
            -4.2393648,
            55.8860485
          ],
          [
            -4.2394908,
            55.8861553
          ],
          [
            -4.2393621,
            55.88605
          ],
          [
            -4.2391809,
            55.8858714
          ]
        ]
      }
    },
    {
      "type": "Feature",
      "properties": {
        "name": "2601T",
        "type": "Tracks",
        "notes": "",
        "section": "Cowlairs",
        "colour": "#7CB342",
        "equipment_number": [
          {
            "number": "487565",
            "label": "Track"
          }
        ]
      },
      "geometry": {
        "type": "LineString",
        "coordinates": [
          [
            -4.2398342,
            55.8865058
          ],
          [
            -4.239566,
            55.8862284
          ],
          [
            -4.2394908,
            55.8861553
          ],
          [
            -4.239566,
            55.8862284
          ],
          [
            -4.2397188,
            55.886396
          ],
          [
            -4.2398529,
            55.8866382
          ],
          [
            -4.2400917,
            55.8870413
          ]
        ]
      }
    },
    {
      "type": "Feature",
      "properties": {
        "name": "2155T",
        "type": "Tracks",
        "notes": "",
        "section": "Cowlairs",
        "colour": "#A52714",
        "equipment_number": [
          {
            "number": "488335",
            "label": "Track"
          }
        ]
      },
      "geometry": {
        "type": "LineString",
        "coordinates": [
          [
            -4.2398342,
            55.8865058
          ],
          [
            -4.2399978,
            55.8867239
          ],
          [
            -4.2401024,
            55.8868999
          ],
          [
            -4.2400013,
            55.8866742
          ],
          [
            -4.2401051,
            55.8869029
          ],
          [
            -4.2401426,
            55.8869887
          ]
        ]
      }
    },
    {
      "type": "Feature",
      "properties": {
        "name": "2151T",
        "type": "Tracks",
        "notes": "",
        "section": "Cowlairs",
        "colour": "#7CB342",
        "equipment_number": [
          {
            "number": "487590",
            "label": "Track"
          }
        ]
      },
      "geometry": {
        "type": "LineString",
        "coordinates": [
          [
            -4.2403834,
            55.8876203
          ],
          [
            -4.2403324,
            55.8874172
          ],
          [
            -4.2404451,
            55.8876955
          ],
          [
            -4.2405256,
            55.8879286
          ],
          [
            -4.2404451,
            55.8876955
          ],
          [
            -4.2403324,
            55.8874172
          ],
          [
            -4.2402037,
            55.8871224
          ],
          [
            -4.2401426,
            55.8869887
          ],
          [
            -4.2402037,
            55.8871224
          ],
          [
            -4.2402895,
            55.8872562
          ]
        ]
      }
    },
    {
      "type": "Feature",
      "properties": {
        "name": "2149T",
        "type": "Tracks",
        "notes": "",
        "section": "Cowlairs",
        "colour": "#0288D1",
        "equipment_number": [
          {
            "number": "487592",
            "label": "Track"
          }
        ]
      },
      "geometry": {
        "type": "LineString",
        "coordinates": [
          [
            -4.2400917,
            55.8870413
          ],
          [
            -4.2404263,
            55.8878241
          ],
          [
            -4.2404679,
            55.8879557
          ],
          [
            -4.2404263,
            55.8878241
          ],
          [
            -4.2403834,
            55.8876203
          ]
        ]
      }
    },
    {
      "type": "Feature",
      "properties": {
        "name": "2154T",
        "type": "Tracks",
        "notes": "",
        "section": "Cowlairs",
        "colour": "#FFEA00",
        "equipment_number": [
          {
            "number": "1110354",
            "label": "Track"
          }
        ]
      },
      "geometry": {
        "type": "LineString",
        "coordinates": [
          [
            -4.240325,
            55.8872587
          ],
          [
            -4.2402001,
            55.8869788
          ],
          [
            -4.2402835,
            55.8871632
          ],
          [
            -4.2403867,
            55.8873084
          ],
          [
            -4.2404511,
            55.8873956
          ],
          [
            -4.240541,
            55.8875057
          ]
        ]
      }
    },
    {
      "type": "Feature",
      "properties": {
        "name": "2554T",
        "type": "Tracks",
        "notes": "",
        "section": "Cowlairs",
        "colour": "#0288D1",
        "equipment_number": [
          {
            "number": "487535",
            "label": "Track"
          }
        ]
      },
      "geometry": {
        "type": "LineString",
        "coordinates": [
          [
            -4.2438807,
            55.8886596
          ],
          [
            -4.243633,
            55.8886534
          ],
          [
            -4.2434855,
            55.8886474
          ],
          [
            -4.2432146,
            55.8886248
          ],
          [
            -4.2429785,
            55.8885932
          ],
          [
            -4.2426781,
            55.8885466
          ],
          [
            -4.2423911,
            55.8884804
          ],
          [
            -4.2421631,
            55.8884203
          ],
          [
            -4.24197,
            55.8883571
          ],
          [
            -4.2417608,
            55.8882804
          ],
          [
            -4.2414926,
            55.8881675
          ],
          [
            -4.2413102,
            55.8880773
          ],
          [
            -4.241109,
            55.887963
          ],
          [
            -4.240932,
            55.8878487
          ],
          [
            -4.2408006,
            55.8877524
          ],
          [
            -4.2406396,
            55.8876065
          ],
          [
            -4.240541,
            55.8875057
          ]
        ]
      }
    },
    {
      "type": "Feature",
      "properties": {
        "name": "2552T",
        "type": "Tracks",
        "notes": "",
        "section": "Cowlairs",
        "colour": "#FFEA00",
        "equipment_number": [
          {
            "number": "1468766",
            "label": "Track"
          }
        ]
      },
      "geometry": {
        "type": "LineString",
        "coordinates": [
          [
            -4.2447282,
            55.8886536
          ],
          [
            -4.2438807,
            55.8886596
          ]
        ]
      }
    },
    {
      "type": "Feature",
      "properties": {
        "name": "2511T",
        "type": "Tracks",
        "notes": "",
        "section": "Cowlairs",
        "colour": "#A52714",
        "equipment_number": [
          {
            "number": "487531",
            "label": "Track"
          }
        ]
      },
      "geometry": {
        "type": "LineString",
        "coordinates": [
          [
            -4.2457383,
            55.8886581
          ],
          [
            -4.2455626,
            55.8886551
          ],
          [
            -4.2451629,
            55.8886686
          ],
          [
            -4.2455626,
            55.8886566
          ],
          [
            -4.245171,
            55.8886506
          ],
          [
            -4.2447282,
            55.8886536
          ]
        ]
      }
    },
    {
      "type": "Feature",
      "properties": {
        "name": "2508T",
        "type": "Tracks",
        "notes": "",
        "section": "Cowlairs",
        "colour": "#0288D1",
        "equipment_number": [
          {
            "number": "1468760",
            "label": "Track"
          }
        ]
      },
      "geometry": {
        "type": "LineString",
        "coordinates": [
          [
            -4.2457396,
            55.8886904
          ],
          [
            -4.2454405,
            55.8886836
          ],
          [
            -4.2448383,
            55.8886806
          ],
          [
            -4.2441779,
            55.8886919
          ],
          [
            -4.2437528,
            55.888688
          ],
          [
            -4.2435933,
            55.8886827
          ],
          [
            -4.243277,
            55.8886629
          ],
          [
            -4.2435933,
            55.8886827
          ],
          [
            -4.2437528,
            55.888688
          ],
          [
            -4.2441779,
            55.8886919
          ],
          [
            -4.2438631,
            55.8887111
          ],
          [
            -4.2436073,
            55.8887362
          ],
          [
            -4.2438631,
            55.8887111
          ],
          [
            -4.2441779,
            55.8886919
          ],
          [
            -4.2448383,
            55.8886806
          ],
          [
            -4.2451629,
            55.8886686
          ]
        ]
      }
    },
    {
      "type": "Feature",
      "properties": {
        "name": "2506T",
        "type": "Tracks",
        "notes": "",
        "section": "Cowlairs",
        "colour": "#A52714",
        "equipment_number": [
          {
            "number": "487530",
            "label": "Track"
          }
        ]
      },
      "geometry": {
        "type": "LineString",
        "coordinates": [
          [
            -4.2429281,
            55.8888657
          ],
          [
            -4.2431856,
            55.8888047
          ],
          [
            -4.2434284,
            55.8887566
          ],
          [
            -4.2436073,
            55.8887362
          ]
        ]
      }
    },
    {
      "type": "Feature",
      "properties": {
        "name": "2504T",
        "type": "Tracks",
        "notes": "",
        "section": "Cowlairs",
        "colour": "#7CB342",
        "equipment_number": [
          {
            "number": "1468607",
            "label": "Track"
          }
        ]
      },
      "geometry": {
        "type": "LineString",
        "coordinates": [
          [
            -4.2429281,
            55.8888657
          ],
          [
            -4.2426478,
            55.8889461
          ],
          [
            -4.2424252,
            55.8890259
          ],
          [
            -4.2422147,
            55.8891153
          ],
          [
            -4.2420135,
            55.8892206
          ],
          [
            -4.24176,
            55.8893726
          ],
          [
            -4.2415897,
            55.8894989
          ],
          [
            -4.2414194,
            55.8896471
          ],
          [
            -4.2412772,
            55.8898035
          ],
          [
            -4.2411753,
            55.8899314
          ],
          [
            -4.2410801,
            55.8900742
          ]
        ]
      }
    },
    {
      "type": "Feature",
      "properties": {
        "name": "2502T",
        "type": "Tracks",
        "notes": "",
        "section": "Cowlairs",
        "colour": "#A52714",
        "equipment_number": [
          {
            "number": "487594",
            "label": "Track"
          }
        ]
      },
      "geometry": {
        "type": "LineString",
        "coordinates": [
          [
            -4.2409361,
            55.8904671
          ],
          [
            -4.2410206,
            55.8902031
          ],
          [
            -4.2410801,
            55.8900742
          ]
        ]
      }
    },
    {
      "type": "Feature",
      "properties": {
        "name": "2553T",
        "type": "Tracks",
        "notes": "",
        "section": "Cowlairs",
        "colour": "#A52714",
        "equipment_number": [
          {
            "number": "487553",
            "label": "Track"
          }
        ]
      },
      "geometry": {
        "type": "LineString",
        "coordinates": [
          [
            -4.2410041,
            55.8879482
          ],
          [
            -4.2413045,
            55.8881197
          ],
          [
            -4.2415352,
            55.888231
          ],
          [
            -4.2417873,
            55.8883333
          ],
          [
            -4.2420609,
            55.8884236
          ],
          [
            -4.2423506,
            55.8885108
          ],
          [
            -4.2425973,
            55.8885619
          ],
          [
            -4.2428978,
            55.8886161
          ],
          [
            -4.2431123,
            55.8886462
          ],
          [
            -4.243277,
            55.8886629
          ]
        ]
      }
    },
    {
      "type": "Feature",
      "properties": {
        "name": "2555T",
        "type": "Tracks",
        "notes": "",
        "section": "Cowlairs",
        "colour": "#7CB342",
        "equipment_number": [
          {
            "number": "1468724",
            "label": "Track"
          }
        ]
      },
      "geometry": {
        "type": "LineString",
        "coordinates": [
          [
            -4.2405153,
            55.8875526
          ],
          [
            -4.2406158,
            55.8876587
          ],
          [
            -4.2407325,
            55.8877647
          ],
          [
            -4.2409444,
            55.8879106
          ],
          [
            -4.2410041,
            55.8879482
          ]
        ]
      }
    },
    {
      "type": "Feature",
      "properties": {
        "name": "2152T",
        "type": "Tracks",
        "notes": "",
        "section": "Cowlairs",
        "colour": "#0288D1",
        "equipment_number": [
          {
            "number": "487573",
            "label": "Track"
          }
        ]
      },
      "geometry": {
        "type": "LineString",
        "coordinates": [
          [
            -4.2405153,
            55.8875526
          ],
          [
            -4.2403704,
            55.8873673
          ],
          [
            -4.2402895,
            55.8872562
          ],
          [
            -4.2403704,
            55.8873673
          ],
          [
            -4.240325,
            55.8872587
          ],
          [
            -4.2403731,
            55.8873666
          ],
          [
            -4.2405931,
            55.8879449
          ]
        ]
      }
    },
    {
      "type": "Feature",
      "properties": {
        "name": "2146T",
        "type": "Tracks",
        "notes": "",
        "section": "Cowlairs",
        "colour": "#FFEA00",
        "equipment_number": [
          {
            "number": "487597",
            "label": "Track"
          }
        ]
      },
      "geometry": {
        "type": "LineString",
        "coordinates": [
          [
            -4.2407628,
            55.8885878
          ],
          [
            -4.2406985,
            55.8883035
          ],
          [
            -4.2405931,
            55.8879449
          ]
        ]
      }
    },
    {
      "type": "Feature",
      "properties": {
        "name": "2145T",
        "type": "Tracks",
        "notes": "",
        "section": "Cowlairs",
        "colour": "#A52714",
        "equipment_number": [
          {
            "number": "1468593",
            "label": "Track"
          }
        ]
      },
      "geometry": {
        "type": "LineString",
        "coordinates": [
          [
            -4.2407038,
            55.8885878
          ],
          [
            -4.240618,
            55.8882283
          ],
          [
            -4.2405256,
            55.8879286
          ]
        ]
      }
    },
    {
      "type": "Feature",
      "properties": {
        "name": "2141T",
        "type": "Tracks",
        "notes": "",
        "section": "Cowlairs",
        "colour": "#FFEA00",
        "equipment_number": [
          {
            "number": "1468592",
            "label": "Track"
          }
        ]
      },
      "geometry": {
        "type": "LineString",
        "coordinates": [
          [
            -4.2406153,
            55.8885878
          ],
          [
            -4.2405697,
            55.8883231
          ],
          [
            -4.2405416,
            55.8881717
          ],
          [
            -4.2404679,
            55.8879557
          ],
          [
            -4.2405027,
            55.8881787
          ],
          [
            -4.2404679,
            55.8879557
          ]
        ]
      }
    },
    {
      "type": "Feature",
      "properties": {
        "name": "2143T",
        "type": "Tracks",
        "notes": "",
        "section": "Cowlairs",
        "colour": "#A52714",
        "equipment_number": [
          {
            "number": "487598",
            "label": "Track"
          }
        ]
      },
      "geometry": {
        "type": "LineString",
        "coordinates": [
          [
            -4.2401835,
            55.8874236
          ],
          [
            -4.2403364,
            55.8877425
          ],
          [
            -4.2404329,
            55.8880223
          ],
          [
            -4.2404732,
            55.8881546
          ],
          [
            -4.2405054,
            55.8883502
          ],
          [
            -4.2405027,
            55.8881787
          ]
        ]
      }
    },
    {
      "type": "Feature",
      "properties": {
        "name": "2139T",
        "type": "Tracks",
        "notes": "",
        "section": "Cowlairs",
        "colour": "#7CB342",
        "equipment_number": [
          {
            "number": "1468591",
            "label": "Track"
          }
        ]
      },
      "geometry": {
        "type": "LineString",
        "coordinates": [
          [
            -4.2406662,
            55.8893489
          ],
          [
            -4.240563,
            55.8889473
          ],
          [
            -4.2406006,
            55.889352
          ],
          [
            -4.240563,
            55.8889473
          ],
          [
            -4.2405308,
            55.8886646
          ],
          [
            -4.2404826,
            55.8891654
          ],
          [
            -4.2405308,
            55.8886646
          ],
          [
            -4.2405054,
            55.8883502
          ],
          [
            -4.2404718,
            55.8886992
          ]
        ]
      }
    },
    {
      "type": "Feature",
      "properties": {
        "name": "2142T",
        "type": "Tracks",
        "notes": "",
        "section": "Cowlairs",
        "colour": "#A52714",
        "equipment_number": [
          {
            "number": "1806194",
            "label": "Track"
          }
        ]
      },
      "geometry": {
        "type": "LineString",
        "coordinates": [
          [
            -4.2403851,
            55.8890701
          ],
          [
            -4.2404718,
            55.8886992
          ],
          [
            -4.2403851,
            55.8889452
          ],
          [
            -4.2403341,
            55.889031
          ]
        ]
      }
    },
    {
      "type": "Feature",
      "properties": {
        "name": "2138T",
        "type": "Tracks",
        "notes": "",
        "section": "Cowlairs",
        "colour": "#0288D1",
        "equipment_number": [
          {
            "number": "1468590",
            "label": "Track"
          }
        ]
      },
      "geometry": {
        "type": "LineString",
        "coordinates": [
          [
            -4.240892,
            55.8901094
          ],
          [
            -4.2408813,
            55.8898387
          ],
          [
            -4.2408706,
            55.8894386
          ],
          [
            -4.2407628,
            55.8885878
          ]
        ]
      }
    },
    {
      "type": "Feature",
      "properties": {
        "name": "2137T",
        "type": "Tracks",
        "notes": "",
        "section": "Cowlairs",
        "colour": "#7CB342",
        "equipment_number": [
          {
            "number": "1468589",
            "label": "Track"
          }
        ]
      },
      "geometry": {
        "type": "LineString",
        "coordinates": [
          [
            -4.2408277,
            55.8901094
          ],
          [
            -4.2408169,
            55.889589
          ],
          [
            -4.2407955,
            55.889213
          ],
          [
            -4.2407038,
            55.8885878
          ]
        ]
      }
    },
    {
      "type": "Feature",
      "properties": {
        "name": "2131T",
        "type": "Tracks",
        "notes": "",
        "section": "Cowlairs",
        "colour": "#0288D1"
      },
      "geometry": {
        "type": "LineString",
        "coordinates": [
          [
            -4.2405487,
            55.8916198
          ],
          [
            -4.2406399,
            55.8911957
          ],
          [
            -4.2406989,
            55.8908016
          ],
          [
            -4.2407418,
            55.8903955
          ],
          [
            -4.2407633,
            55.8899804
          ],
          [
            -4.2407418,
            55.889493
          ],
          [
            -4.2406775,
            55.8889545
          ],
          [
            -4.2406153,
            55.8885878
          ]
        ]
      }
    },
    {
      "type": "Feature",
      "properties": {
        "name": "2139T",
        "type": "Tracks",
        "notes": "",
        "section": "Cowlairs",
        "colour": "#A52714",
        "equipment_number": [
          {
            "number": "1468591",
            "label": "Track"
          }
        ]
      },
      "geometry": {
        "type": "LineString",
        "coordinates": [
          [
            -4.2404826,
            55.8891654
          ],
          [
            -4.2404763,
            55.8893689
          ],
          [
            -4.2405004,
            55.8896622
          ],
          [
            -4.2405058,
            55.8898412
          ],
          [
            -4.2404548,
            55.8900699
          ],
          [
            -4.2405058,
            55.8898412
          ],
          [
            -4.2405299,
            55.8900187
          ],
          [
            -4.2405326,
            55.8900789
          ]
        ]
      }
    },
    {
      "type": "Feature",
      "properties": {
        "name": "2134T",
        "type": "Tracks",
        "notes": "",
        "section": "Cowlairs",
        "colour": "#FFEA00",
        "equipment_number": [
          {
            "number": "487593",
            "label": "Track"
          }
        ]
      },
      "geometry": {
        "type": "LineString",
        "coordinates": [
          [
            -4.2409361,
            55.8904671
          ],
          [
            -4.2408227,
            55.8908415
          ],
          [
            -4.2407503,
            55.8912731
          ],
          [
            -4.2408254,
            55.8908415
          ],
          [
            -4.2408641,
            55.8904905
          ],
          [
            -4.240892,
            55.8901094
          ]
        ]
      }
    },
    {
      "type": "Feature",
      "properties": {
        "name": "2133T",
        "type": "Tracks",
        "notes": "",
        "section": "Cowlairs",
        "colour": "#A52714",
        "equipment_number": [
          {
            "number": "487595",
            "label": "Track"
          }
        ]
      },
      "geometry": {
        "type": "LineString",
        "coordinates": [
          [
            -4.2408277,
            55.8901094
          ],
          [
            -4.2408194,
            55.8904233
          ],
          [
            -4.2407792,
            55.8907768
          ],
          [
            -4.2406744,
            55.8913618
          ]
        ]
      }
    },
    {
      "type": "Feature",
      "properties": {
        "name": "2743T",
        "type": "Tracks",
        "notes": "",
        "section": "Cowlairs",
        "colour": "#FFEA00",
        "equipment_number": [
          {
            "number": "10154115",
            "label": "Track"
          }
        ]
      },
      "geometry": {
        "type": "LineString",
        "coordinates": [
          [
            -4.2278059,
            55.8810158
          ],
          [
            -4.2284577,
            55.8812324
          ],
          [
            -4.228575,
            55.8812743
          ],
          [
            -4.2284555,
            55.8812312
          ],
          [
            -4.2281162,
            55.8811101
          ],
          [
            -4.2278252,
            55.880992
          ]
        ]
      }
    },
    {
      "type": "Feature",
      "properties": {
        "name": "2741T",
        "type": "Tracks",
        "notes": "",
        "section": "Cowlairs",
        "colour": "#7CB342",
        "equipment_number": [
          {
            "number": "10154112",
            "label": "Track"
          }
        ]
      },
      "geometry": {
        "type": "LineString",
        "coordinates": [
          [
            -4.2261269,
            55.8801522
          ],
          [
            -4.2264542,
            55.8803455
          ],
          [
            -4.2268002,
            55.8805298
          ],
          [
            -4.2272106,
            55.8807269
          ],
          [
            -4.2275888,
            55.8808909
          ],
          [
            -4.2278252,
            55.880992
          ]
        ]
      }
    },
    {
      "type": "Feature",
      "properties": {
        "name": "2737T",
        "type": "Tracks",
        "notes": "",
        "section": "Cowlairs",
        "colour": "#A52714",
        "equipment_number": [
          {
            "number": "487382",
            "label": "Track"
          }
        ]
      },
      "geometry": {
        "type": "LineString",
        "coordinates": [
          [
            -4.2261269,
            55.8801522
          ],
          [
            -4.2257815,
            55.8799269
          ],
          [
            -4.2256386,
            55.8798265
          ],
          [
            -4.2254851,
            55.8796975
          ],
          [
            -4.2253074,
            55.8795421
          ],
          [
            -4.2254851,
            55.8796975
          ],
          [
            -4.2256145,
            55.8798303
          ],
          [
            -4.2254851,
            55.8796975
          ]
        ]
      }
    },
    {
      "type": "Feature",
      "properties": {
        "name": "2737T",
        "type": "Tracks",
        "notes": "",
        "section": "Cowlairs",
        "colour": "#7CB342",
        "equipment_number": [
          {
            "number": "487382",
            "label": "Track"
          }
        ]
      },
      "geometry": {
        "type": "LineString",
        "coordinates": [
          [
            -4.2248026,
            55.8788235
          ],
          [
            -4.2249153,
            55.8790206
          ],
          [
            -4.2250038,
            55.8791439
          ],
          [
            -4.2252318,
            55.8794599
          ],
          [
            -4.2253074,
            55.8795421
          ],
          [
            -4.2250467,
            55.8792726
          ],
          [
            -4.2248496,
            55.8790251
          ],
          [
            -4.2246471,
            55.8786978
          ],
          [
            -4.2240811,
            55.8776341
          ],
          [
            -4.2239872,
            55.8774791
          ],
          [
            -4.223888,
            55.8773286
          ],
          [
            -4.2237431,
            55.8771556
          ],
          [
            -4.2236654,
            55.8770774
          ]
        ]
      }
    },
    {
      "type": "Feature",
      "properties": {
        "name": "2733(2)T",
        "type": "Tracks",
        "notes": "",
        "section": "Cowlairs",
        "colour": "#FFEA00"
      },
      "geometry": {
        "type": "LineString",
        "coordinates": [
          [
            -4.224116,
            55.8773562
          ],
          [
            -4.2242313,
            55.8777308
          ],
          [
            -4.2244285,
            55.8781363
          ],
          [
            -4.2248026,
            55.8788235
          ]
        ]
      }
    },
    {
      "type": "Feature",
      "properties": {
        "name": "2733(1)T",
        "type": "Tracks",
        "notes": "",
        "section": "Cowlairs",
        "colour": "#0288D1"
      },
      "geometry": {
        "type": "LineString",
        "coordinates": [
          [
            -4.2175482,
            55.8750894
          ],
          [
            -4.2186935,
            55.8750736
          ],
          [
            -4.2193882,
            55.8750819
          ],
          [
            -4.2204691,
            55.8751587
          ],
          [
            -4.2210753,
            55.8752926
          ],
          [
            -4.2216332,
            55.8754972
          ],
          [
            -4.2233203,
            55.8763368
          ],
          [
            -4.2235805,
            55.8764813
          ],
          [
            -4.2237682,
            55.8766483
          ],
          [
            -4.2239265,
            55.876865
          ],
          [
            -4.2240472,
            55.8770922
          ],
          [
            -4.224116,
            55.8773562
          ]
        ]
      }
    },
    {
      "type": "Feature",
      "properties": {
        "name": "2627T",
        "type": "Tracks",
        "notes": "",
        "section": "Cowlairs",
        "colour": "#7CB342",
        "equipment_number": [
          {
            "number": "487419",
            "label": "Track"
          }
        ]
      },
      "geometry": {
        "type": "LineString",
        "coordinates": [
          [
            -4.2272791,
            55.880849
          ],
          [
            -4.2274293,
            55.8809212
          ],
          [
            -4.2284582,
            55.8812739
          ],
          [
            -4.227424,
            55.8809182
          ],
          [
            -4.2270833,
            55.8807798
          ],
          [
            -4.2266247,
            55.8805632
          ]
        ]
      }
    },
    {
      "type": "Feature",
      "properties": {
        "name": "2624T",
        "type": "Tracks",
        "notes": "",
        "section": "Cowlairs",
        "colour": "#0288D1",
        "equipment_number": [
          {
            "number": "487422",
            "label": "Track"
          }
        ]
      },
      "geometry": {
        "type": "LineString",
        "coordinates": [
          [
            -4.2302583,
            55.8819329
          ],
          [
            -4.2291667,
            55.881632
          ],
          [
            -4.2288904,
            55.8815462
          ],
          [
            -4.2282695,
            55.8813318
          ],
          [
            -4.2276056,
            55.8810663
          ]
        ]
      }
    },
    {
      "type": "Feature",
      "properties": {
        "name": "2623T",
        "type": "Tracks",
        "notes": "",
        "section": "Cowlairs",
        "colour": "#A52714",
        "equipment_number": [
          {
            "number": "487421",
            "label": "Track"
          }
        ]
      },
      "geometry": {
        "type": "LineString",
        "coordinates": [
          [
            -4.2302235,
            55.8819585
          ],
          [
            -4.2290889,
            55.881641
          ],
          [
            -4.2287214,
            55.8815222
          ],
          [
            -4.228295,
            55.8813792
          ],
          [
            -4.2275708,
            55.8810949
          ]
        ]
      }
    },
    {
      "type": "Feature",
      "properties": {
        "name": "2626T",
        "type": "Tracks",
        "notes": "",
        "section": "Cowlairs",
        "colour": "#FFEA00",
        "equipment_number": [
          {
            "number": "487420",
            "label": "Track"
          }
        ]
      },
      "geometry": {
        "type": "LineString",
        "coordinates": [
          [
            -4.2276056,
            55.8810663
          ],
          [
            -4.2268036,
            55.8807082
          ],
          [
            -4.2265622,
            55.8805879
          ],
          [
            -4.2270102,
            55.8808376
          ],
          [
            -4.2275708,
            55.8810949
          ]
        ]
      }
    },
    {
      "type": "Feature",
      "properties": {
        "name": "2629T",
        "type": "Tracks",
        "notes": "",
        "section": "Cowlairs",
        "colour": "#A52714",
        "equipment_number": [
          {
            "number": "487427",
            "label": "Track"
          }
        ]
      },
      "geometry": {
        "type": "LineString",
        "coordinates": [
          [
            -4.2266247,
            55.8805632
          ],
          [
            -4.2263155,
            55.880404
          ],
          [
            -4.2259051,
            55.8801557
          ],
          [
            -4.226543,
            55.8805736
          ],
          [
            -4.2259051,
            55.8801557
          ],
          [
            -4.2256811,
            55.879997
          ],
          [
            -4.2255423,
            55.8798748
          ],
          [
            -4.2256811,
            55.879997
          ],
          [
            -4.2254491,
            55.8798353
          ],
          [
            -4.225256,
            55.8796773
          ]
        ]
      }
    },
    {
      "type": "Feature",
      "properties": {
        "name": "2743T",
        "type": "Tracks",
        "notes": "",
        "section": "Cowlairs",
        "colour": "#0288D1",
        "equipment_number": [
          {
            "number": "10154115",
            "label": "Track"
          }
        ]
      },
      "geometry": {
        "type": "LineString",
        "coordinates": [
          [
            -4.2278059,
            55.8810158
          ],
          [
            -4.2272814,
            55.8808233
          ],
          [
            -4.2270534,
            55.880724
          ],
          [
            -4.2272791,
            55.880849
          ],
          [
            -4.2270481,
            55.8807225
          ],
          [
            -4.2268295,
            55.8806232
          ]
        ]
      }
    },
    {
      "type": "Feature",
      "properties": {
        "name": "2738T",
        "type": "Tracks",
        "notes": "",
        "section": "Cowlairs",
        "colour": "#0288D1",
        "equipment_number": [
          {
            "number": "487446",
            "label": "Track"
          }
        ]
      },
      "geometry": {
        "type": "LineString",
        "coordinates": [
          [
            -4.2256145,
            55.8798303
          ],
          [
            -4.2257888,
            55.8799798
          ],
          [
            -4.2260865,
            55.8801764
          ],
          [
            -4.2257861,
            55.879976
          ],
          [
            -4.2255205,
            55.8797872
          ],
          [
            -4.2253328,
            55.8796247
          ],
          [
            -4.2252014,
            55.8794998
          ],
          [
            -4.2250163,
            55.879299
          ],
          [
            -4.2248312,
            55.8790725
          ]
        ]
      }
    },
    {
      "type": "Feature",
      "properties": {
        "name": "2735T",
        "type": "Tracks",
        "notes": "",
        "section": "Cowlairs",
        "colour": "#A52714",
        "equipment_number": [
          {
            "number": "487393",
            "label": "Track"
          }
        ]
      },
      "geometry": {
        "type": "LineString",
        "coordinates": [
          [
            -4.2216577,
            55.8758705
          ],
          [
            -4.2220466,
            55.8760406
          ],
          [
            -4.2224591,
            55.8762404
          ],
          [
            -4.2228131,
            55.8764405
          ],
          [
            -4.2230894,
            55.8766105
          ],
          [
            -4.223304,
            55.8767685
          ],
          [
            -4.2235159,
            55.8769401
          ],
          [
            -4.2236654,
            55.8770774
          ]
        ]
      }
    },
    {
      "type": "Feature",
      "properties": {
        "name": "2731 (X)",
        "type": "Tracks",
        "notes": "",
        "section": "Cowlairs",
        "colour": "#C5E1A5"
      },
      "geometry": {
        "type": "LineString",
        "coordinates": [
          [
            -4.1678692,
            55.8885245
          ],
          [
            -4.1690413,
            55.8883033
          ],
          [
            -4.1701813,
            55.8880582
          ],
          [
            -4.1710825,
            55.8878521
          ],
          [
            -4.1717503,
            55.8876851
          ],
          [
            -4.1729922,
            55.8873361
          ],
          [
            -4.1741456,
            55.8869751
          ],
          [
            -4.1760875,
            55.8862651
          ],
          [
            -4.1784666,
            55.8853174
          ],
          [
            -4.1812427,
            55.8842102
          ],
          [
            -4.1829432,
            55.8835362
          ],
          [
            -4.184059,
            55.8830909
          ],
          [
            -4.184928,
            55.8827569
          ],
          [
            -4.1860653,
            55.8823387
          ],
          [
            -4.1869558,
            55.8820469
          ],
          [
            -4.1878248,
            55.8817851
          ],
          [
            -4.1888548,
            55.8815173
          ],
          [
            -4.1961397,
            55.8797871
          ],
          [
            -4.2005814,
            55.8787339
          ],
          [
            -4.2022149,
            55.8784285
          ],
          [
            -4.2033924,
            55.8782088
          ],
          [
            -4.2042078,
            55.8780388
          ],
          [
            -4.2081211,
            55.8771315
          ],
          [
            -4.2124716,
            55.8761098
          ],
          [
            -4.2145423,
            55.8756299
          ],
          [
            -4.215693,
            55.8753861
          ],
          [
            -4.2165862,
            55.8752401
          ],
          [
            -4.2170636,
            55.875189
          ],
          [
            -4.2175491,
            55.8751574
          ],
          [
            -4.2179702,
            55.8751529
          ],
          [
            -4.2183189,
            55.8751619
          ],
          [
            -4.2188687,
            55.875195
          ],
          [
            -4.2194534,
            55.8752612
          ],
          [
            -4.2199979,
            55.8753605
          ],
          [
            -4.220521,
            55.8754884
          ],
          [
            -4.2209528,
            55.8756148
          ],
          [
            -4.2212907,
            55.8757337
          ],
          [
            -4.2216577,
            55.8758705
          ]
        ]
      }
    },
    {
      "type": "Feature",
      "properties": {
        "name": "2730 (X)",
        "type": "Tracks",
        "notes": "",
        "section": "Cowlairs",
        "colour": "#A1C2FA"
      },
      "geometry": {
        "type": "LineString",
        "coordinates": [
          [
            -4.1624312,
            55.8891917
          ],
          [
            -4.1632412,
            55.889142
          ],
          [
            -4.1642792,
            55.8890563
          ],
          [
            -4.1649686,
            55.8889826
          ],
          [
            -4.1657786,
            55.8888863
          ],
          [
            -4.1668702,
            55.8887269
          ],
          [
            -4.1678627,
            55.8885614
          ],
          [
            -4.1691635,
            55.8883132
          ],
          [
            -4.1699816,
            55.8881357
          ],
          [
            -4.1708077,
            55.8879507
          ],
          [
            -4.1718323,
            55.8876965
          ],
          [
            -4.1730179,
            55.8873565
          ],
          [
            -4.1742758,
            55.8869549
          ],
          [
            -4.1755821,
            55.8864931
          ],
          [
            -4.1777707,
            55.8856296
          ],
          [
            -4.1828428,
            55.8836138
          ],
          [
            -4.1847418,
            55.8828646
          ],
          [
            -4.1854097,
            55.8826149
          ],
          [
            -4.1860668,
            55.8823832
          ],
          [
            -4.1868473,
            55.8821214
          ],
          [
            -4.1874589,
            55.8819304
          ],
          [
            -4.1883279,
            55.8816821
          ],
          [
            -4.1899748,
            55.8812834
          ],
          [
            -4.2002262,
            55.8788521
          ],
          [
            -4.2011033,
            55.8786671
          ],
          [
            -4.2025678,
            55.8783962
          ],
          [
            -4.2035897,
            55.8782037
          ],
          [
            -4.204279,
            55.8780577
          ],
          [
            -4.2067386,
            55.8774875
          ],
          [
            -4.2109604,
            55.8764959
          ],
          [
            -4.2141093,
            55.8757601
          ],
          [
            -4.2149515,
            55.875572
          ],
          [
            -4.2159171,
            55.8753809
          ],
          [
            -4.2164911,
            55.8752846
          ],
          [
            -4.2169981,
            55.8752259
          ],
          [
            -4.2174031,
            55.8751959
          ],
          [
            -4.2178778,
            55.8751823
          ],
          [
            -4.2183687,
            55.8751928
          ],
          [
            -4.2188971,
            55.875229
          ],
          [
            -4.2193879,
            55.8752876
          ]
        ]
      }
    },
    {
      "type": "Feature",
      "properties": {
        "name": "2734T",
        "type": "Tracks",
        "notes": "",
        "section": "Cowlairs",
        "colour": "#FFEA00",
        "equipment_number": [
          {
            "number": "1468767",
            "label": "Track"
          }
        ]
      },
      "geometry": {
        "type": "LineString",
        "coordinates": [
          [
            -4.2248312,
            55.8790725
          ],
          [
            -4.2247098,
            55.8788974
          ],
          [
            -4.2243665,
            55.8782827
          ],
          [
            -4.2241667,
            55.8779021
          ],
          [
            -4.2239924,
            55.8775831
          ],
          [
            -4.2238422,
            55.8773536
          ],
          [
            -4.2236276,
            55.8771054
          ],
          [
            -4.2233687,
            55.8768759
          ],
          [
            -4.2230549,
            55.8766442
          ],
          [
            -4.2227572,
            55.8764576
          ],
          [
            -4.222206,
            55.8761559
          ],
          [
            -4.2219123,
            55.8760213
          ],
          [
            -4.221278,
            55.8757647
          ],
          [
            -4.220889,
            55.8756331
          ],
          [
            -4.2204331,
            55.8754991
          ],
          [
            -4.2199543,
            55.8753863
          ],
          [
            -4.2193879,
            55.8752876
          ]
        ]
      }
    },
    {
      "type": "Feature",
      "properties": {
        "name": "2628T",
        "type": "Tracks",
        "notes": "",
        "section": "Cowlairs",
        "colour": "#FFEA00",
        "equipment_number": [
          {
            "number": "487444",
            "label": "Track"
          }
        ]
      },
      "geometry": {
        "type": "LineString",
        "coordinates": [
          [
            -4.2260367,
            55.8801932
          ],
          [
            -4.2262848,
            55.8803429
          ],
          [
            -4.2267126,
            55.8805708
          ],
          [
            -4.2268295,
            55.8806232
          ],
          [
            -4.2267126,
            55.8805701
          ],
          [
            -4.2264069,
            55.8803775
          ],
          [
            -4.2260865,
            55.8801764
          ]
        ]
      }
    },
    {
      "type": "Feature",
      "properties": {
        "name": "2630T",
        "type": "Tracks",
        "notes": "",
        "section": "Cowlairs",
        "colour": "#0288D1",
        "equipment_number": [
          {
            "number": "487452",
            "label": "Track"
          }
        ]
      },
      "geometry": {
        "type": "LineString",
        "coordinates": [
          [
            -4.2255423,
            55.8798748
          ],
          [
            -4.2252999,
            55.8796553
          ],
          [
            -4.2255816,
            55.8798862
          ],
          [
            -4.2257224,
            55.8799855
          ],
          [
            -4.2260367,
            55.8801932
          ]
        ]
      }
    },
    {
      "type": "Feature",
      "properties": {
        "name": "2632T",
        "type": "Tracks",
        "notes": "",
        "section": "Cowlairs",
        "colour": "#FFEA00",
        "equipment_number": [
          {
            "number": "487450",
            "label": "Track"
          }
        ]
      },
      "geometry": {
        "type": "LineString",
        "coordinates": [
          [
            -4.2252999,
            55.8796553
          ],
          [
            -4.2251082,
            55.8794771
          ],
          [
            -4.2247528,
            55.8790851
          ],
          [
            -4.2246576,
            55.8789798
          ],
          [
            -4.224439,
            55.8787745
          ],
          [
            -4.2246549,
            55.8789791
          ],
          [
            -4.2244243,
            55.8787331
          ],
          [
            -4.2241842,
            55.8784886
          ],
          [
            -4.2241091,
            55.8784186
          ]
        ]
      }
    },
    {
      "type": "Feature",
      "properties": {
        "name": "2634T",
        "type": "Tracks",
        "notes": "",
        "section": "Cowlairs",
        "colour": "#0288D1",
        "equipment_number": [
          {
            "number": "487449",
            "label": "Track"
          }
        ]
      },
      "geometry": {
        "type": "LineString",
        "coordinates": [
          [
            -4.2223587,
            55.8769531
          ],
          [
            -4.2227114,
            55.8772119
          ],
          [
            -4.2230225,
            55.8774519
          ],
          [
            -4.2235965,
            55.8779469
          ],
          [
            -4.2239318,
            55.8782478
          ],
          [
            -4.2241091,
            55.8784186
          ]
        ]
      }
    },
    {
      "type": "Feature",
      "properties": {
        "name": "2636T",
        "type": "Tracks",
        "notes": "",
        "section": "Cowlairs",
        "colour": "#FFEA00",
        "equipment_number": [
          {
            "number": "487436",
            "label": "Track"
          }
        ]
      },
      "geometry": {
        "type": "LineString",
        "coordinates": [
          [
            -4.2180152,
            55.8732061
          ],
          [
            -4.2181748,
            55.873483
          ],
          [
            -4.2184028,
            55.8738155
          ],
          [
            -4.2185664,
            55.8740307
          ],
          [
            -4.2187461,
            55.8742399
          ],
          [
            -4.2193416,
            55.8748734
          ],
          [
            -4.2201087,
            55.8754948
          ],
          [
            -4.2206854,
            55.8758785
          ],
          [
            -4.2211413,
            55.8761584
          ],
          [
            -4.2215853,
            55.8764367
          ],
          [
            -4.2221633,
            55.8768174
          ],
          [
            -4.2223587,
            55.8769531
          ]
        ]
      }
    },
    {
      "type": "Feature",
      "properties": {
        "name": "2638T",
        "type": "Tracks",
        "notes": "",
        "section": "Cowlairs",
        "colour": "#0288D1",
        "equipment_number": [
          {
            "number": "10154113",
            "label": "Track"
          }
        ]
      },
      "geometry": {
        "type": "LineString",
        "coordinates": [
          [
            -4.2174796,
            55.8715016
          ],
          [
            -4.2175038,
            55.8717318
          ],
          [
            -4.2175775,
            55.872105
          ],
          [
            -4.2176741,
            55.8724293
          ],
          [
            -4.2177747,
            55.8727175
          ],
          [
            -4.2179182,
            55.8730282
          ],
          [
            -4.2180152,
            55.8732061
          ]
        ]
      }
    },
    {
      "type": "Feature",
      "properties": {
        "name": "2640T",
        "type": "Tracks",
        "notes": "",
        "section": "Cowlairs",
        "colour": "#FFEA00",
        "equipment_number": [
          {
            "number": "17839780",
            "label": "Track"
          }
        ]
      },
      "geometry": {
        "type": "LineString",
        "coordinates": [
          [
            -4.2146394,
            55.8667834
          ],
          [
            -4.2154159,
            55.8671386
          ],
          [
            -4.2156251,
            55.8672575
          ],
          [
            -4.2158102,
            55.8673711
          ],
          [
            -4.2167128,
            55.868095
          ],
          [
            -4.2169099,
            55.86832
          ],
          [
            -4.217095,
            55.8685826
          ],
          [
            -4.2172747,
            55.8689235
          ],
          [
            -4.217382,
            55.869232
          ],
          [
            -4.217433,
            55.869536
          ],
          [
            -4.2174571,
            55.8698611
          ],
          [
            -4.2174571,
            55.8712907
          ],
          [
            -4.2174796,
            55.8715016
          ]
        ]
      }
    },
    {
      "type": "Feature",
      "properties": {
        "name": "2652T",
        "type": "Tracks",
        "notes": "",
        "section": "Cowlairs",
        "colour": "#0288D1"
      },
      "geometry": {
        "type": "LineString",
        "coordinates": [
          [
            -4.2107061,
            55.861239
          ],
          [
            -4.2106712,
            55.861376
          ],
          [
            -4.210631,
            55.8616326
          ],
          [
            -4.2105975,
            55.8619578
          ],
          [
            -4.2105975,
            55.8629301
          ],
          [
            -4.2106243,
            55.8634344
          ],
          [
            -4.2106806,
            55.8637474
          ],
          [
            -4.2107235,
            55.8639205
          ],
          [
            -4.210796,
            55.8641252
          ],
          [
            -4.2108442,
            55.8642366
          ],
          [
            -4.2109167,
            55.8643781
          ],
          [
            -4.2110803,
            55.8646505
          ],
          [
            -4.2112171,
            55.8648326
          ],
          [
            -4.2114156,
            55.8650599
          ],
          [
            -4.2116248,
            55.8652556
          ],
          [
            -4.2118072,
            55.8654151
          ],
          [
            -4.2119922,
            55.8655536
          ],
          [
            -4.2122792,
            55.8657477
          ],
          [
            -4.2126655,
            55.8659645
          ],
          [
            -4.2130839,
            55.8661661
          ],
          [
            -4.2136391,
            55.8663934
          ],
          [
            -4.2146394,
            55.8667834
          ]
        ]
      }
    },
    {
      "type": "Feature",
      "properties": {
        "name": "2633T",
        "type": "Tracks",
        "notes": "",
        "section": "Cowlairs",
        "colour": "#7CB342",
        "equipment_number": [
          {
            "number": "487448",
            "label": "Track"
          }
        ]
      },
      "geometry": {
        "type": "LineString",
        "coordinates": [
          [
            -4.225256,
            55.8796773
          ],
          [
            -4.2250396,
            55.8794669
          ],
          [
            -4.2247124,
            55.8791104
          ],
          [
            -4.2241384,
            55.87851
          ],
          [
            -4.224439,
            55.8787745
          ]
        ]
      }
    },
    {
      "type": "Feature",
      "properties": {
        "name": "2635T",
        "type": "Tracks",
        "notes": "",
        "section": "Cowlairs",
        "colour": "#A52714",
        "equipment_number": [
          {
            "number": "10154114",
            "label": "Track"
          }
        ]
      },
      "geometry": {
        "type": "LineString",
        "coordinates": [
          [
            -4.2241384,
            55.87851
          ],
          [
            -4.2236636,
            55.8780647
          ],
          [
            -4.2232881,
            55.8777367
          ],
          [
            -4.2228161,
            55.877344
          ],
          [
            -4.2223467,
            55.8769934
          ],
          [
            -4.2220999,
            55.8768219
          ],
          [
            -4.2217351,
            55.8765789
          ],
          [
            -4.2206837,
            55.8759273
          ],
          [
            -4.2203069,
            55.8756821
          ]
        ]
      }
    },
    {
      "type": "Feature",
      "properties": {
        "name": "2729 (X)",
        "type": "Tracks",
        "notes": "",
        "section": "Cowlairs",
        "colour": "#FFFF8D"
      },
      "geometry": {
        "type": "LineString",
        "coordinates": [
          [
            -4.0921763,
            55.8876599
          ],
          [
            -4.0994878,
            55.8887977
          ],
          [
            -4.1015719,
            55.8891241
          ],
          [
            -4.1050534,
            55.8896701
          ],
          [
            -4.1093879,
            55.8903469
          ],
          [
            -4.1111689,
            55.8906222
          ],
          [
            -4.1123437,
            55.8907756
          ],
          [
            -4.1131188,
            55.8908568
          ],
          [
            -4.1145699,
            55.8909727
          ],
          [
            -4.1158279,
            55.8910373
          ],
          [
            -4.1168417,
            55.8910674
          ],
          [
            -4.1181131,
            55.8910779
          ],
          [
            -4.1190438,
            55.8910629
          ],
          [
            -4.1199236,
            55.8910343
          ],
          [
            -4.1221874,
            55.8909366
          ],
          [
            -4.1244539,
            55.8908418
          ],
          [
            -4.1258942,
            55.8907801
          ],
          [
            -4.12896,
            55.8906403
          ],
          [
            -4.1312935,
            55.8905395
          ],
          [
            -4.1342949,
            55.8904116
          ],
          [
            -4.1393428,
            55.8901935
          ],
          [
            -4.1463541,
            55.8898882
          ],
          [
            -4.1494896,
            55.8897483
          ],
          [
            -4.1528531,
            55.8896129
          ],
          [
            -4.1571527,
            55.8894234
          ],
          [
            -4.1624312,
            55.8891917
          ]
        ]
      }
    },
    {
      "type": "Feature",
      "properties": {
        "name": "2720T",
        "type": "Tracks",
        "notes": "",
        "section": "Cowlairs",
        "colour": "#0288D1",
        "equipment_number": [
          {
            "number": "1468726",
            "label": "Track"
          }
        ]
      },
      "geometry": {
        "type": "LineString",
        "coordinates": [
          [
            -4.0773088,
            55.8853298
          ],
          [
            -4.0818176,
            55.8860354
          ],
          [
            -4.0853608,
            55.8865874
          ],
          [
            -4.0921763,
            55.8876599
          ]
        ]
      }
    },
    {
      "type": "Feature",
      "properties": {
        "name": "2716T",
        "type": "Tracks",
        "notes": "",
        "section": "Cowlairs",
        "colour": "#FFEA00",
        "equipment_number": [
          {
            "number": "487398",
            "label": "Track"
          }
        ]
      },
      "geometry": {
        "type": "LineString",
        "coordinates": [
          [
            -4.0773088,
            55.8853298
          ],
          [
            -4.0742466,
            55.8848493
          ]
        ]
      }
    },
    {
      "type": "Feature",
      "properties": {
        "name": "2716T",
        "type": "Tracks",
        "notes": "",
        "section": "Cowlairs",
        "colour": "#0288D1",
        "equipment_number": [
          {
            "number": "487398",
            "label": "Track"
          }
        ]
      },
      "geometry": {
        "type": "LineString",
        "coordinates": [
          [
            -4.0742466,
            55.8848493
          ],
          [
            -4.0732285,
            55.8846924
          ],
          [
            -4.0730407,
            55.8846653
          ],
          [
            -4.0724802,
            55.8845811
          ],
          [
            -4.0730434,
            55.8846653
          ],
          [
            -4.0719249,
            55.8845299
          ]
        ]
      }
    },
    {
      "type": "Feature",
      "properties": {
        "name": "2708T",
        "type": "Tracks",
        "notes": "",
        "section": "Cowlairs",
        "colour": "#FFEA00",
        "equipment_number": [
          {
            "number": "487442",
            "label": "Track"
          }
        ]
      },
      "geometry": {
        "type": "LineString",
        "coordinates": [
          [
            -4.0585389,
            55.8864976
          ],
          [
            -4.0606981,
            55.8859515
          ],
          [
            -4.0632998,
            55.8852791
          ],
          [
            -4.0646409,
            55.8849632
          ],
          [
            -4.0657835,
            55.8847421
          ],
          [
            -4.0665801,
            55.8846112
          ],
          [
            -4.0675001,
            55.8844893
          ],
          [
            -4.0683477,
            55.8844126
          ],
          [
            -4.06908,
            55.8843795
          ],
          [
            -4.0695628,
            55.884375
          ],
          [
            -4.0702414,
            55.8843915
          ],
          [
            -4.0707724,
            55.8844216
          ],
          [
            -4.0719249,
            55.8845299
          ]
        ]
      }
    },
    {
      "type": "Feature",
      "properties": {
        "name": "2706T",
        "type": "Tracks",
        "notes": "",
        "section": "Cowlairs",
        "colour": "#0288D1",
        "equipment_number": [
          {
            "number": "1468585",
            "label": "Track"
          }
        ]
      },
      "geometry": {
        "type": "LineString",
        "coordinates": [
          [
            -4.0451865,
            55.8905935
          ],
          [
            -4.0459241,
            55.89024
          ],
          [
            -4.0462433,
            55.8900941
          ],
          [
            -4.0470694,
            55.8897587
          ],
          [
            -4.048212,
            55.8893225
          ],
          [
            -4.0493627,
            55.8889254
          ],
          [
            -4.0500145,
            55.8887268
          ],
          [
            -4.0506341,
            55.8885463
          ],
          [
            -4.0519618,
            55.8881913
          ],
          [
            -4.0537991,
            55.8877175
          ],
          [
            -4.0547137,
            55.8874844
          ],
          [
            -4.0569158,
            55.8869112
          ],
          [
            -4.0585389,
            55.8864976
          ]
        ]
      }
    },
    {
      "type": "Feature",
      "properties": {
        "name": "2722 (X)",
        "type": "Tracks",
        "notes": "",
        "section": "Cowlairs",
        "colour": "#EDA29B"
      },
      "geometry": {
        "type": "LineString",
        "coordinates": [
          [
            -4.0998263,
            55.8888214
          ],
          [
            -4.1055153,
            55.8897044
          ],
          [
            -4.1083048,
            55.8901466
          ],
          [
            -4.1114644,
            55.8906249
          ],
          [
            -4.1127626,
            55.8907873
          ],
          [
            -4.1138462,
            55.8908836
          ],
          [
            -4.1151176,
            55.8909738
          ],
          [
            -4.1167055,
            55.891034
          ],
          [
            -4.1186689,
            55.891037
          ],
          [
            -4.1196076,
            55.8910099
          ],
          [
            -4.1245107,
            55.8908054
          ],
          [
            -4.1269891,
            55.8906941
          ],
          [
            -4.1296391,
            55.8905767
          ],
          [
            -4.1354219,
            55.8903301
          ],
          [
            -4.1409687,
            55.8900924
          ],
          [
            -4.1465746,
            55.8898457
          ],
          [
            -4.1533605,
            55.8895509
          ],
          [
            -4.1587089,
            55.8893223
          ],
          [
            -4.1620536,
            55.8891764
          ],
          [
            -4.1630943,
            55.8891222
          ],
          [
            -4.1639767,
            55.8890515
          ],
          [
            -4.165004,
            55.8889432
          ],
          [
            -4.1660098,
            55.8888199
          ],
          [
            -4.1667984,
            55.8887071
          ],
          [
            -4.1678692,
            55.8885245
          ]
        ]
      }
    },
    {
      "type": "Feature",
      "properties": {
        "name": "2727T",
        "type": "Tracks",
        "notes": "",
        "section": "Cowlairs",
        "colour": "#7CB342",
        "equipment_number": [
          {
            "number": "487394",
            "label": "Track"
          }
        ]
      },
      "geometry": {
        "type": "LineString",
        "coordinates": [
          [
            -4.0946501,
            55.8880125
          ],
          [
            -4.0998263,
            55.8888214
          ]
        ]
      }
    },
    {
      "type": "Feature",
      "properties": {
        "name": "2725T",
        "type": "Tracks",
        "notes": "",
        "section": "Cowlairs",
        "colour": "#A52714",
        "equipment_number": [
          {
            "number": "487395",
            "label": "Track"
          }
        ]
      },
      "geometry": {
        "type": "LineString",
        "coordinates": [
          [
            -4.0893942,
            55.8871775
          ],
          [
            -4.0946501,
            55.8880125
          ]
        ]
      }
    },
    {
      "type": "Feature",
      "properties": {
        "name": "2723T",
        "type": "Tracks",
        "notes": "",
        "section": "Cowlairs",
        "colour": "#7CB342",
        "equipment_number": [
          {
            "number": "487396",
            "label": "Track"
          }
        ]
      },
      "geometry": {
        "type": "LineString",
        "coordinates": [
          [
            -4.0863441,
            55.8867064
          ],
          [
            -4.0893942,
            55.8871775
          ]
        ]
      }
    },
    {
      "type": "Feature",
      "properties": {
        "name": "2717T",
        "type": "Tracks",
        "notes": "",
        "section": "Cowlairs",
        "colour": "#A52714",
        "equipment_number": [
          {
            "number": "487397",
            "label": "Track"
          }
        ]
      },
      "geometry": {
        "type": "LineString",
        "coordinates": [
          [
            -4.0729612,
            55.8846248
          ],
          [
            -4.0744351,
            55.884849
          ],
          [
            -4.0777623,
            55.8853702
          ],
          [
            -4.0806672,
            55.885832
          ],
          [
            -4.0829471,
            55.886175
          ],
          [
            -4.0857661,
            55.8866158
          ],
          [
            -4.0863441,
            55.8867064
          ]
        ]
      }
    },
    {
      "type": "Feature",
      "properties": {
        "name": "2715T",
        "type": "Tracks",
        "notes": "",
        "section": "Cowlairs",
        "colour": "#7CB342",
        "equipment_number": [
          {
            "number": "487425",
            "label": "Track"
          }
        ]
      },
      "geometry": {
        "type": "LineString",
        "coordinates": [
          [
            -4.0724802,
            55.8845811
          ],
          [
            -4.0719303,
            55.8844901
          ],
          [
            -4.0729612,
            55.8846248
          ]
        ]
      }
    },
    {
      "type": "Feature",
      "properties": {
        "name": "2713T",
        "type": "Tracks",
        "notes": "",
        "section": "Cowlairs",
        "colour": "#A52714",
        "equipment_number": [
          {
            "number": "487443",
            "label": "Track"
          }
        ]
      },
      "geometry": {
        "type": "LineString",
        "coordinates": [
          [
            -4.0705758,
            55.8843803
          ],
          [
            -4.0710345,
            55.8844119
          ],
          [
            -4.0719303,
            55.8844901
          ],
          [
            -4.0714556,
            55.884439
          ],
          [
            -4.0710425,
            55.8843743
          ],
          [
            -4.0706912,
            55.8843021
          ],
          [
            -4.0703156,
            55.8842148
          ],
          [
            -4.0700877,
            55.8841697
          ]
        ]
      }
    },
    {
      "type": "Feature",
      "properties": {
        "name": "2901T",
        "type": "Tracks",
        "notes": "",
        "section": "Cowlairs",
        "colour": "#FFEA00",
        "equipment_number": [
          {
            "number": "487439",
            "label": "Track"
          }
        ]
      },
      "geometry": {
        "type": "LineString",
        "coordinates": [
          [
            -4.0671506,
            55.8837086
          ],
          [
            -4.0700877,
            55.8841697
          ]
        ]
      }
    },
    {
      "type": "Feature",
      "properties": {
        "name": "1298(2)T",
        "type": "Tracks",
        "notes": "",
        "section": "Cowlairs",
        "colour": "#0288D1",
        "equipment_number": [
          {
            "number": "1639664",
            "label": "Track"
          }
        ]
      },
      "geometry": {
        "type": "LineString",
        "coordinates": [
          [
            -4.0540185,
            55.8810412
          ],
          [
            -4.0551129,
            55.8813978
          ],
          [
            -4.0562662,
            55.8817363
          ],
          [
            -4.0576556,
            55.8821034
          ],
          [
            -4.0584388,
            55.8822839
          ],
          [
            -4.05934,
            55.8824675
          ],
          [
            -4.0616763,
            55.8828571
          ],
          [
            -4.0671506,
            55.8837086
          ]
        ]
      }
    },
    {
      "type": "Feature",
      "properties": {
        "name": "2711T",
        "type": "Tracks",
        "notes": "",
        "section": "Cowlairs",
        "colour": "#7CB342",
        "equipment_number": [
          {
            "number": "1468586",
            "label": "Track"
          }
        ]
      },
      "geometry": {
        "type": "LineString",
        "coordinates": [
          [
            -4.0675785,
            55.8844499
          ],
          [
            -4.068308,
            55.884383
          ],
          [
            -4.0687023,
            55.8843649
          ],
          [
            -4.0691449,
            55.8843461
          ],
          [
            -4.0698865,
            55.8843476
          ],
          [
            -4.0702553,
            55.8843619
          ],
          [
            -4.0705758,
            55.8843803
          ]
        ]
      }
    },
    {
      "type": "Feature",
      "properties": {
        "name": "2709T",
        "type": "Tracks",
        "notes": "",
        "section": "Cowlairs",
        "colour": "#A52714",
        "equipment_number": [
          {
            "number": "487441",
            "label": "Track"
          }
        ]
      },
      "geometry": {
        "type": "LineString",
        "coordinates": [
          [
            -4.0641135,
            55.8850525
          ],
          [
            -4.0645836,
            55.8849447
          ],
          [
            -4.0650645,
            55.8848444
          ],
          [
            -4.0658705,
            55.8846955
          ],
          [
            -4.0668187,
            55.8845466
          ],
          [
            -4.0675785,
            55.8844499
          ]
        ]
      }
    },
    {
      "type": "Feature",
      "properties": {
        "name": "2707T",
        "type": "Tracks",
        "notes": "",
        "section": "Cowlairs",
        "colour": "#7CB342",
        "equipment_number": [
          {
            "number": "487440",
            "label": "Track"
          }
        ]
      },
      "geometry": {
        "type": "LineString",
        "coordinates": [
          [
            -4.0489,
            55.8890493
          ],
          [
            -4.0498026,
            55.8887665
          ],
          [
            -4.0505912,
            55.8885296
          ],
          [
            -4.0509372,
            55.8884303
          ],
          [
            -4.0518397,
            55.8881889
          ],
          [
            -4.0531621,
            55.8878489
          ],
          [
            -4.0555707,
            55.8872262
          ],
          [
            -4.0583173,
            55.8865161
          ],
          [
            -4.0605811,
            55.8859475
          ],
          [
            -4.0625793,
            55.8854361
          ],
          [
            -4.0632874,
            55.885251
          ],
          [
            -4.0641135,
            55.8850525
          ]
        ]
      }
    },
    {
      "type": "Feature",
      "properties": {
        "name": "2704T",
        "type": "Tracks",
        "notes": "",
        "section": "Cowlairs",
        "colour": "#FFEA00",
        "equipment_number": [
          {
            "number": "487445",
            "label": "Track"
          }
        ]
      },
      "geometry": {
        "type": "LineString",
        "coordinates": [
          [
            -4.0434814,
            55.8915209
          ],
          [
            -4.0441313,
            55.8911427
          ],
          [
            -4.0445645,
            55.8909125
          ],
          [
            -4.0451865,
            55.8905935
          ]
        ]
      }
    },
    {
      "type": "Feature",
      "properties": {
        "name": "2702T",
        "type": "Tracks",
        "notes": "",
        "section": "Cowlairs",
        "colour": "#0288D1",
        "equipment_number": [
          {
            "number": "487454",
            "label": "Track"
          }
        ]
      },
      "geometry": {
        "type": "LineString",
        "coordinates": [
          [
            -4.0416399,
            55.8927546
          ],
          [
            -4.042171,
            55.8923711
          ],
          [
            -4.042525,
            55.8921305
          ],
          [
            -4.0427691,
            55.8919605
          ],
          [
            -4.0431822,
            55.8916973
          ],
          [
            -4.0434814,
            55.8915209
          ]
        ]
      }
    },
    {
      "type": "Feature",
      "properties": {
        "name": "2703T",
        "type": "Tracks",
        "notes": "",
        "section": "Cowlairs",
        "colour": "#A52714",
        "equipment_number": [
          {
            "number": "487447",
            "label": "Track"
          }
        ]
      },
      "geometry": {
        "type": "LineString",
        "coordinates": [
          [
            -4.0419202,
            55.8925116
          ],
          [
            -4.0426658,
            55.8919852
          ],
          [
            -4.0430387,
            55.8917385
          ],
          [
            -4.0433847,
            55.891525
          ],
          [
            -4.0437468,
            55.8913174
          ],
          [
            -4.0442108,
            55.8910557
          ],
          [
            -4.0447633,
            55.8907654
          ],
          [
            -4.0451308,
            55.8905819
          ],
          [
            -4.0457343,
            55.8902886
          ],
          [
            -4.0461849,
            55.890084
          ],
          [
            -4.0464263,
            55.8899833
          ],
          [
            -4.046775,
            55.8898374
          ],
          [
            -4.0472068,
            55.8896629
          ],
          [
            -4.0475206,
            55.889544
          ],
          [
            -4.0479927,
            55.8893666
          ],
          [
            -4.0484031,
            55.8892176
          ],
          [
            -4.0489,
            55.8890493
          ]
        ]
      }
    },
    {
      "type": "Feature",
      "properties": {
        "name": "2807T",
        "type": "Tracks",
        "notes": "",
        "section": "Cowlairs",
        "colour": "#A52714"
      },
      "geometry": {
        "type": "LineString",
        "coordinates": [
          [
            -4.0413084,
            55.8930198
          ],
          [
            -4.0409812,
            55.8933334
          ],
          [
            -4.0410946,
            55.893223
          ],
          [
            -4.0416399,
            55.8927546
          ]
        ]
      }
    },
    {
      "type": "Feature",
      "properties": {
        "name": "2805T",
        "type": "Tracks",
        "notes": "",
        "section": "Cowlairs",
        "colour": "#7CB342"
      },
      "geometry": {
        "type": "LineString",
        "coordinates": [
          [
            -4.0419202,
            55.8925116
          ],
          [
            -4.0415243,
            55.8928179
          ],
          [
            -4.0414411,
            55.8928834
          ],
          [
            -4.0413084,
            55.8930198
          ],
          [
            -4.0414398,
            55.8928819
          ],
          [
            -4.0412319,
            55.8930608
          ],
          [
            -4.0414398,
            55.8928804
          ],
          [
            -4.0417107,
            55.8926126
          ],
          [
            -4.041936,
            55.892366
          ],
          [
            -4.0423303,
            55.8919106
          ],
          [
            -4.0428104,
            55.8912853
          ]
        ]
      }
    },
    {
      "type": "Feature",
      "properties": {
        "name": "2803T",
        "type": "Tracks",
        "notes": "",
        "section": "Cowlairs",
        "colour": "#A52714"
      },
      "geometry": {
        "type": "LineString",
        "coordinates": [
          [
            -4.0439163,
            55.8893625
          ],
          [
            -4.0438331,
            55.8895415
          ],
          [
            -4.0436454,
            55.8899085
          ],
          [
            -4.043235,
            55.8906455
          ],
          [
            -4.0429427,
            55.8910997
          ],
          [
            -4.0428104,
            55.8912853
          ]
        ]
      }
    },
    {
      "type": "Feature",
      "properties": {
        "name": "2801T",
        "type": "Tracks",
        "notes": "",
        "section": "Cowlairs",
        "colour": "#7CB342"
      },
      "geometry": {
        "type": "LineString",
        "coordinates": [
          [
            -4.0445559,
            55.8870889
          ],
          [
            -4.0444526,
            55.887738
          ],
          [
            -4.0443695,
            55.8880915
          ],
          [
            -4.0441791,
            55.8886977
          ],
          [
            -4.0440342,
            55.8890737
          ],
          [
            -4.0439163,
            55.8893625
          ]
        ]
      }
    },
    {
      "type": "Feature",
      "properties": {
        "name": "2809T",
        "type": "Tracks",
        "notes": "",
        "section": "Cowlairs",
        "colour": "#7CB342"
      },
      "geometry": {
        "type": "LineString",
        "coordinates": [
          [
            -4.0409812,
            55.8933334
          ],
          [
            -4.0405584,
            55.8937221
          ],
          [
            -4.0400166,
            55.8941868
          ],
          [
            -4.0390779,
            55.8949764
          ],
          [
            -4.0384851,
            55.8954689
          ],
          [
            -4.0390779,
            55.8949756
          ],
          [
            -4.0387721,
            55.8952832
          ],
          [
            -4.0387091,
            55.8953448
          ],
          [
            -4.0385978,
            55.8954373
          ]
        ]
      }
    },
    {
      "type": "Feature",
      "properties": {
        "name": "2815T",
        "type": "Tracks",
        "notes": "",
        "section": "Cowlairs",
        "colour": "#0288D1"
      },
      "geometry": {
        "type": "LineString",
        "coordinates": [
          [
            -4.0326603,
            55.90045
          ],
          [
            -4.0348061,
            55.8986335
          ],
          [
            -4.0358146,
            55.8977853
          ],
          [
            -4.0368902,
            55.89688
          ],
          [
            -4.0380408,
            55.895907
          ],
          [
            -4.0385978,
            55.8954373
          ]
        ]
      }
    },
    {
      "type": "Feature",
      "properties": {
        "name": "2817T",
        "type": "Tracks",
        "notes": "",
        "section": "Cowlairs",
        "colour": "#A52714"
      },
      "geometry": {
        "type": "LineString",
        "coordinates": [
          [
            -4.0326247,
            55.9004314
          ],
          [
            -4.0340167,
            55.8992345
          ],
          [
            -4.0354624,
            55.8980194
          ],
          [
            -4.0369484,
            55.8967592
          ],
          [
            -4.0384851,
            55.8954689
          ]
        ]
      }
    },
    {
      "type": "Feature",
      "properties": {
        "name": "2819T",
        "type": "Tracks",
        "notes": "",
        "section": "Cowlairs",
        "colour": "#A52714"
      },
      "geometry": {
        "type": "LineString",
        "coordinates": [
          [
            -4.0316575,
            55.9013159
          ],
          [
            -4.0317862,
            55.9012182
          ],
          [
            -4.031872,
            55.9011445
          ],
          [
            -4.0319954,
            55.9010242
          ],
          [
            -4.0320759,
            55.9009505
          ],
          [
            -4.0324782,
            55.9005926
          ],
          [
            -4.0326603,
            55.90045
          ]
        ]
      }
    },
    {
      "type": "Feature",
      "properties": {
        "name": "2821T",
        "type": "Tracks",
        "notes": "",
        "section": "Cowlairs",
        "colour": "#7CB342"
      },
      "geometry": {
        "type": "LineString",
        "coordinates": [
          [
            -4.0316575,
            55.9013159
          ],
          [
            -4.0314792,
            55.9014406
          ],
          [
            -4.0312606,
            55.9016068
          ],
          [
            -4.031038,
            55.9018196
          ],
          [
            -4.0312619,
            55.9016053
          ],
          [
            -4.0315449,
            55.9013391
          ],
          [
            -4.032076,
            55.9008798
          ],
          [
            -4.0326247,
            55.9004314
          ]
        ]
      }
    },
    {
      "type": "Feature",
      "properties": {
        "name": "2823(1)T",
        "type": "Tracks",
        "notes": "",
        "section": "Cowlairs",
        "colour": "#A52714"
      },
      "geometry": {
        "type": "LineString",
        "coordinates": [
          [
            -4.0296309,
            55.9034376
          ],
          [
            -4.0299006,
            55.9030926
          ],
          [
            -4.0302184,
            55.9026897
          ],
          [
            -4.0305939,
            55.9022754
          ],
          [
            -4.0308273,
            55.9020243
          ],
          [
            -4.031038,
            55.9018196
          ]
        ]
      }
    },
    {
      "type": "Feature",
      "properties": {
        "name": "2823(2)T",
        "type": "Tracks",
        "notes": "",
        "section": "Cowlairs",
        "colour": "#7CB342"
      },
      "geometry": {
        "type": "LineString",
        "coordinates": [
          [
            -4.0257122,
            55.9127514
          ],
          [
            -4.0259375,
            55.9124101
          ],
          [
            -4.0261279,
            55.9121185
          ],
          [
            -4.0263291,
            55.9117818
          ],
          [
            -4.0266403,
            55.911215
          ],
          [
            -4.0269568,
            55.9105325
          ],
          [
            -4.0271445,
            55.910089
          ],
          [
            -4.0273296,
            55.9095192
          ],
          [
            -4.0275039,
            55.9088322
          ],
          [
            -4.0276166,
            55.9082173
          ],
          [
            -4.02774,
            55.907643
          ],
          [
            -4.0277909,
            55.907419
          ],
          [
            -4.0279384,
            55.9068416
          ],
          [
            -4.0281208,
            55.9062658
          ],
          [
            -4.0282469,
            55.9059395
          ],
          [
            -4.0284427,
            55.9054885
          ],
          [
            -4.0287109,
            55.9049066
          ],
          [
            -4.0290489,
            55.9043097
          ],
          [
            -4.0293332,
            55.9038751
          ],
          [
            -4.0296309,
            55.9034376
          ]
        ]
      }
    },
    {
      "type": "Feature",
      "properties": {
        "name": "2823(3)T",
        "type": "Tracks",
        "notes": "",
        "section": "Cowlairs",
        "colour": "#A52714"
      },
      "geometry": {
        "type": "LineString",
        "coordinates": [
          [
            -4.0199177,
            55.9195221
          ],
          [
            -4.0204166,
            55.9191569
          ],
          [
            -4.0210335,
            55.9186399
          ],
          [
            -4.0215807,
            55.9181454
          ],
          [
            -4.0220018,
            55.917741
          ],
          [
            -4.022447,
            55.9172631
          ],
          [
            -4.0229352,
            55.9166964
          ],
          [
            -4.0232893,
            55.9162515
          ],
          [
            -4.0236889,
            55.9156683
          ],
          [
            -4.0241958,
            55.9149422
          ],
          [
            -4.0246518,
            55.9142748
          ],
          [
            -4.0251346,
            55.9135728
          ],
          [
            -4.0257122,
            55.9127514
          ]
        ]
      }
    },
    {
      "type": "Feature",
      "properties": {
        "name": "2823(4)T",
        "type": "Tracks",
        "notes": "",
        "section": "Cowlairs",
        "colour": "#7CB342"
      },
      "geometry": {
        "type": "LineString",
        "coordinates": [
          [
            -4.0118756,
            55.9238931
          ],
          [
            -4.0125851,
            55.9234874
          ],
          [
            -4.0133643,
            55.9230628
          ],
          [
            -4.0141599,
            55.9226513
          ],
          [
            -4.0152542,
            55.9221223
          ],
          [
            -4.016547,
            55.9215166
          ],
          [
            -4.0171639,
            55.92121
          ],
          [
            -4.0176092,
            55.9209756
          ],
          [
            -4.0180008,
            55.9207591
          ],
          [
            -4.0185345,
            55.920445
          ],
          [
            -4.0190388,
            55.9201309
          ],
          [
            -4.019366,
            55.919913
          ],
          [
            -4.0196316,
            55.9197311
          ],
          [
            -4.0199177,
            55.9195221
          ]
        ]
      }
    },
    {
      "type": "Feature",
      "properties": {
        "name": "2823(5)T",
        "type": "Tracks",
        "notes": "",
        "section": "Cowlairs",
        "colour": "#A52714"
      },
      "geometry": {
        "type": "LineString",
        "coordinates": [
          [
            -4.0029776,
            55.9292801
          ],
          [
            -4.0037729,
            55.928797
          ],
          [
            -4.0063534,
            55.9272434
          ],
          [
            -4.0083623,
            55.9260277
          ],
          [
            -4.0091938,
            55.9255258
          ],
          [
            -4.0107334,
            55.924582
          ],
          [
            -4.0118756,
            55.9238931
          ]
        ]
      }
    },
    {
      "type": "Feature",
      "properties": {
        "name": "2823(6)T",
        "type": "Tracks",
        "notes": "",
        "section": "Cowlairs",
        "colour": "#7CB342"
      },
      "geometry": {
        "type": "LineString",
        "coordinates": [
          [
            -3.9965559,
            55.9331553
          ],
          [
            -3.9987701,
            55.9318241
          ],
          [
            -3.9999315,
            55.9311044
          ],
          [
            -4.0005564,
            55.9307228
          ],
          [
            -4.0017741,
            55.9300076
          ],
          [
            -4.0029776,
            55.9292801
          ]
        ]
      }
    },
    {
      "type": "Feature",
      "properties": {
        "name": "2831T",
        "type": "Tracks",
        "notes": "",
        "section": "Cowlairs",
        "colour": "#A52714"
      },
      "geometry": {
        "type": "LineString",
        "coordinates": [
          [
            -3.9945912,
            55.9343467
          ],
          [
            -3.9957968,
            55.9336293
          ],
          [
            -3.9965559,
            55.9331553
          ]
        ]
      }
    },
    {
      "type": "Feature",
      "properties": {
        "name": "2833T",
        "type": "Tracks",
        "notes": "",
        "section": "Cowlairs",
        "colour": "#7CB342"
      },
      "geometry": {
        "type": "LineString",
        "coordinates": [
          [
            -3.9837636,
            55.940542
          ],
          [
            -3.9845119,
            55.9402092
          ],
          [
            -3.985731,
            55.9396151
          ],
          [
            -3.9864283,
            55.9392335
          ],
          [
            -3.9871391,
            55.9388219
          ],
          [
            -3.9878901,
            55.9383923
          ],
          [
            -3.9884159,
            55.9380813
          ],
          [
            -3.9898334,
            55.9372032
          ],
          [
            -3.9917472,
            55.9360637
          ],
          [
            -3.992871,
            55.9353921
          ],
          [
            -3.9945912,
            55.9343467
          ]
        ]
      }
    },
    {
      "type": "Feature",
      "properties": {
        "name": "2835T",
        "type": "Tracks",
        "notes": "",
        "section": "Cowlairs",
        "colour": "#A52714"
      },
      "geometry": {
        "type": "LineString",
        "coordinates": [
          [
            -3.9798022,
            55.9421406
          ],
          [
            -3.9816435,
            55.9414098
          ],
          [
            -3.9830584,
            55.9408412
          ],
          [
            -3.9837636,
            55.940542
          ]
        ]
      }
    },
    {
      "type": "Feature",
      "properties": {
        "name": "2841T",
        "type": "Tracks",
        "notes": "",
        "section": "Cowlairs",
        "colour": "#7CB342"
      },
      "geometry": {
        "type": "LineString",
        "coordinates": [
          [
            -3.9792651,
            55.9423275
          ],
          [
            -3.9788105,
            55.942546
          ],
          [
            -3.9798022,
            55.9421406
          ],
          [
            -3.9788105,
            55.9425453
          ],
          [
            -3.9785302,
            55.9426534
          ],
          [
            -3.9782875,
            55.9427698
          ],
          [
            -3.9780528,
            55.9428817
          ],
          [
            -3.9779281,
            55.9429343
          ],
          [
            -3.9780528,
            55.942881
          ],
          [
            -3.9782875,
            55.9427698
          ],
          [
            -3.9785302,
            55.9426534
          ],
          [
            -3.9778047,
            55.9429538
          ],
          [
            -3.9773688,
            55.9431198
          ]
        ]
      }
    },
    {
      "type": "Feature",
      "properties": {
        "name": "2845T",
        "type": "Tracks",
        "notes": "",
        "section": "Cowlairs",
        "colour": "#FFEA00"
      },
      "geometry": {
        "type": "LineString",
        "coordinates": [
          [
            -3.9745369,
            55.944263
          ],
          [
            -3.9755562,
            55.9438815
          ],
          [
            -3.9765486,
            55.9434864
          ],
          [
            -3.9779281,
            55.9429343
          ]
        ]
      }
    },
    {
      "type": "Feature",
      "properties": {
        "name": "2847(1)T",
        "type": "Tracks",
        "notes": "",
        "section": "Cowlairs",
        "colour": "#A52714"
      },
      "geometry": {
        "type": "LineString",
        "coordinates": [
          [
            -3.9743041,
            55.9443146
          ],
          [
            -3.9752523,
            55.9439564
          ],
          [
            -3.9762862,
            55.9435515
          ],
          [
            -3.9773688,
            55.9431198
          ]
        ]
      }
    },
    {
      "type": "Feature",
      "properties": {
        "name": "2847(2)T",
        "type": "Tracks",
        "notes": "",
        "section": "Cowlairs",
        "colour": "#7CB342"
      },
      "geometry": {
        "type": "LineString",
        "coordinates": [
          [
            -3.964923,
            55.9501573
          ],
          [
            -3.9650356,
            55.9498689
          ],
          [
            -3.9651751,
            55.9495745
          ],
          [
            -3.9653682,
            55.9492712
          ],
          [
            -3.9655721,
            55.9489588
          ],
          [
            -3.9659315,
            55.9485142
          ],
          [
            -3.9661675,
            55.9482649
          ],
          [
            -3.9664465,
            55.9479856
          ],
          [
            -3.966822,
            55.9476492
          ],
          [
            -3.9672511,
            55.9473067
          ],
          [
            -3.9677017,
            55.9469793
          ],
          [
            -3.9681148,
            55.94673
          ],
          [
            -3.968662,
            55.9464116
          ],
          [
            -3.9691233,
            55.9461773
          ],
          [
            -3.9694774,
            55.945994
          ],
          [
            -3.9697617,
            55.9458739
          ],
          [
            -3.970105,
            55.9457477
          ],
          [
            -3.9713871,
            55.9452851
          ],
          [
            -3.9729696,
            55.9447744
          ],
          [
            -3.9738225,
            55.94448
          ],
          [
            -3.9743041,
            55.9443146
          ]
        ]
      }
    },
    {
      "type": "Feature",
      "properties": {
        "name": "2847(3)T",
        "type": "Tracks",
        "notes": "",
        "section": "Cowlairs",
        "colour": "#A52714"
      },
      "geometry": {
        "type": "LineString",
        "coordinates": [
          [
            -3.9616335,
            55.95812
          ],
          [
            -3.9618293,
            55.9577581
          ],
          [
            -3.9619554,
            55.9575261
          ],
          [
            -3.9621351,
            55.9572649
          ],
          [
            -3.9623684,
            55.9569661
          ],
          [
            -3.962811,
            55.9564841
          ],
          [
            -3.9633179,
            55.9558624
          ],
          [
            -3.9636183,
            55.9554225
          ],
          [
            -3.9637927,
            55.9551131
          ],
          [
            -3.9640341,
            55.9545575
          ],
          [
            -3.9642728,
            55.9537797
          ],
          [
            -3.9644659,
            55.9528096
          ],
          [
            -3.9645705,
            55.9519641
          ],
          [
            -3.9646188,
            55.9513919
          ],
          [
            -3.9647073,
            55.9508243
          ],
          [
            -3.964923,
            55.9501573
          ]
        ]
      }
    },
    {
      "type": "Feature",
      "properties": {
        "name": "2847(4)T",
        "type": "Tracks",
        "notes": "",
        "section": "Cowlairs",
        "colour": "#7CB342"
      },
      "geometry": {
        "type": "LineString",
        "coordinates": [
          [
            -3.9535726,
            55.9672303
          ],
          [
            -3.9540876,
            55.9666959
          ],
          [
            -3.9546267,
            55.9662005
          ],
          [
            -3.9553509,
            55.965591
          ],
          [
            -3.9565042,
            55.9647383
          ],
          [
            -3.9588109,
            55.9630749
          ],
          [
            -3.959283,
            55.9627116
          ],
          [
            -3.9597873,
            55.9622401
          ],
          [
            -3.9601949,
            55.9617988
          ],
          [
            -3.9605892,
            55.9612748
          ],
          [
            -3.9608092,
            55.9608829
          ],
          [
            -3.9609942,
            55.9604911
          ],
          [
            -3.9611498,
            55.9600601
          ],
          [
            -3.9612893,
            55.9594242
          ],
          [
            -3.9613912,
            55.9587974
          ],
          [
            -3.9615348,
            55.9583665
          ],
          [
            -3.9616335,
            55.95812
          ]
        ]
      }
    },
    {
      "type": "Feature",
      "properties": {
        "name": "2806T",
        "type": "Tracks",
        "notes": "",
        "section": "Cowlairs",
        "colour": "#0288D1"
      },
      "geometry": {
        "type": "LineString",
        "coordinates": [
          [
            -4.041442,
            55.8928194
          ],
          [
            -4.0410691,
            55.8931955
          ],
          [
            -4.0412319,
            55.8930608
          ],
          [
            -4.0410705,
            55.8931939
          ],
          [
            -4.0409565,
            55.8933015
          ]
        ]
      }
    },
    {
      "type": "Feature",
      "properties": {
        "name": "2810T",
        "type": "Tracks",
        "notes": "",
        "section": "Cowlairs",
        "colour": "#FFEA00"
      },
      "geometry": {
        "type": "LineString",
        "coordinates": [
          [
            -4.0390686,
            55.8949299
          ],
          [
            -4.0404701,
            55.8937425
          ],
          [
            -4.0409565,
            55.8933015
          ]
        ]
      }
    },
    {
      "type": "Feature",
      "properties": {
        "name": "2814T",
        "type": "Tracks",
        "notes": "",
        "section": "Cowlairs",
        "colour": "#0288D1",
        "equipment_number": [
          {
            "number": "2498295",
            "label": "Track"
          }
        ]
      },
      "geometry": {
        "type": "LineString",
        "coordinates": [
          [
            -4.0373971,
            55.8963349
          ],
          [
            -4.0390686,
            55.8949299
          ]
        ]
      }
    },
    {
      "type": "Feature",
      "properties": {
        "name": "2818T",
        "type": "Tracks",
        "notes": "",
        "section": "Cowlairs",
        "colour": "#FFEA00"
      },
      "geometry": {
        "type": "LineString",
        "coordinates": [
          [
            -4.0373971,
            55.8963349
          ],
          [
            -4.0358312,
            55.8976553
          ],
          [
            -4.0339081,
            55.8992704
          ],
          [
            -4.0322853,
            55.9006539
          ],
          [
            -4.0314968,
            55.9013366
          ]
        ]
      }
    },
    {
      "type": "Feature",
      "properties": {
        "name": "2822T",
        "type": "Tracks",
        "notes": "",
        "section": "Cowlairs",
        "colour": "#0288D1"
      },
      "geometry": {
        "type": "LineString",
        "coordinates": [
          [
            -4.029593,
            55.9034308
          ],
          [
            -4.0298411,
            55.9031158
          ],
          [
            -4.0301643,
            55.9027008
          ],
          [
            -4.0303641,
            55.9024685
          ],
          [
            -4.0305787,
            55.9022294
          ],
          [
            -4.0309703,
            55.9018242
          ],
          [
            -4.031315,
            55.9014986
          ],
          [
            -4.0314968,
            55.9013366
          ]
        ]
      }
    },
    {
      "type": "Feature",
      "properties": {
        "name": "2824T",
        "type": "Tracks",
        "notes": "",
        "section": "Cowlairs",
        "colour": "#FFEA00"
      },
      "geometry": {
        "type": "LineString",
        "coordinates": [
          [
            -4.029593,
            55.9034308
          ],
          [
            -4.029418,
            55.9036609
          ],
          [
            -4.0292759,
            55.9038616
          ],
          [
            -4.0290841,
            55.9041623
          ],
          [
            -4.0288266,
            55.9045901
          ],
          [
            -4.0286241,
            55.9049547
          ],
          [
            -4.0281762,
            55.9059621
          ]
        ]
      }
    },
    {
      "type": "Feature",
      "properties": {
        "name": "2826(4)T",
        "type": "Tracks",
        "notes": "",
        "section": "Cowlairs",
        "colour": "#0288D1"
      },
      "geometry": {
        "type": "LineString",
        "coordinates": [
          [
            -4.0281762,
            55.9059621
          ],
          [
            -4.0280552,
            55.9063027
          ],
          [
            -4.027913,
            55.9067139
          ],
          [
            -4.0277896,
            55.907171
          ],
          [
            -4.0277038,
            55.9075333
          ],
          [
            -4.0274705,
            55.9086609
          ],
          [
            -4.02739,
            55.9090653
          ],
          [
            -4.0272693,
            55.9095314
          ],
          [
            -4.0271137,
            55.9100094
          ],
          [
            -4.0269796,
            55.9103492
          ],
          [
            -4.026808,
            55.9107506
          ],
          [
            -4.0265505,
            55.9112632
          ],
          [
            -4.0262903,
            55.9117443
          ],
          [
            -4.0261066,
            55.9120495
          ],
          [
            -4.0256492,
            55.9127364
          ]
        ]
      }
    },
    {
      "type": "Feature",
      "properties": {
        "name": "2826(3)T",
        "type": "Tracks",
        "notes": "",
        "section": "Cowlairs",
        "colour": "#FFEA00"
      },
      "geometry": {
        "type": "LineString",
        "coordinates": [
          [
            -4.018131,
            55.9206417
          ],
          [
            -4.0186433,
            55.9203329
          ],
          [
            -4.0191207,
            55.9200263
          ],
          [
            -4.019735,
            55.9196099
          ],
          [
            -4.0202929,
            55.9192011
          ],
          [
            -4.0209795,
            55.918627
          ],
          [
            -4.0214382,
            55.9182136
          ],
          [
            -4.0219639,
            55.9177041
          ],
          [
            -4.0223823,
            55.9172682
          ],
          [
            -4.0228302,
            55.9167496
          ],
          [
            -4.0232245,
            55.9162491
          ],
          [
            -4.02382,
            55.9153983
          ],
          [
            -4.0247051,
            55.9141071
          ],
          [
            -4.0256492,
            55.9127364
          ]
        ]
      }
    },
    {
      "type": "Feature",
      "properties": {
        "name": "2826(2)T",
        "type": "Tracks",
        "notes": "",
        "section": "Cowlairs",
        "colour": "#0288D1"
      },
      "geometry": {
        "type": "LineString",
        "coordinates": [
          [
            -4.0118481,
            55.9238676
          ],
          [
            -4.012634,
            55.9234183
          ],
          [
            -4.0134949,
            55.9229494
          ],
          [
            -4.0141575,
            55.9226113
          ],
          [
            -4.0155576,
            55.921932
          ],
          [
            -4.0165929,
            55.921451
          ],
          [
            -4.017293,
            55.9211046
          ],
          [
            -4.017824,
            55.9208161
          ],
          [
            -4.018131,
            55.9206417
          ]
        ]
      }
    },
    {
      "type": "Feature",
      "properties": {
        "name": "2826(1)T",
        "type": "Tracks",
        "notes": "",
        "section": "Cowlairs",
        "colour": "#FFEA00"
      },
      "geometry": {
        "type": "LineString",
        "coordinates": [
          [
            -4.0056911,
            55.9275996
          ],
          [
            -4.0077805,
            55.9263193
          ],
          [
            -4.0092611,
            55.9254297
          ],
          [
            -4.0107444,
            55.9245235
          ],
          [
            -4.0116134,
            55.923999
          ],
          [
            -4.0118481,
            55.9238676
          ]
        ]
      }
    },
    {
      "type": "Feature",
      "properties": {
        "name": "2828T",
        "type": "Tracks",
        "notes": "",
        "section": "Cowlairs",
        "colour": "#0288D1"
      },
      "geometry": {
        "type": "LineString",
        "coordinates": [
          [
            -4.0056911,
            55.9275996
          ],
          [
            -4.0038124,
            55.9287322
          ],
          [
            -4.0016694,
            55.9300169
          ],
          [
            -4.0006957,
            55.9305969
          ],
          [
            -3.9998428,
            55.9311123
          ],
          [
            -3.9983997,
            55.9319988
          ],
          [
            -3.9965034,
            55.9331407
          ],
          [
            -3.995342,
            55.9338634
          ],
          [
            -3.9945642,
            55.9343193
          ]
        ]
      }
    },
    {
      "type": "Feature",
      "properties": {
        "name": "2830T",
        "type": "Tracks",
        "notes": "",
        "section": "Cowlairs",
        "colour": "#FFEA00"
      },
      "geometry": {
        "type": "LineString",
        "coordinates": [
          [
            -3.9847595,
            55.940049
          ],
          [
            -3.9855642,
            55.9396562
          ],
          [
            -3.9861275,
            55.9393535
          ],
          [
            -3.9869321,
            55.9389028
          ],
          [
            -3.9884717,
            55.9379939
          ],
          [
            -3.9910788,
            55.936406
          ],
          [
            -3.9932085,
            55.935138
          ],
          [
            -3.9944209,
            55.9344063
          ],
          [
            -3.9945642,
            55.9343193
          ]
        ]
      }
    },
    {
      "type": "Feature",
      "properties": {
        "name": "2838T",
        "type": "Tracks",
        "notes": "",
        "section": "Cowlairs",
        "colour": "#0288D1"
      },
      "geometry": {
        "type": "LineString",
        "coordinates": [
          [
            -3.9799295,
            55.9420461
          ],
          [
            -3.981748,
            55.9413341
          ],
          [
            -3.983368,
            55.9406731
          ],
          [
            -3.9842988,
            55.9402615
          ],
          [
            -3.9847595,
            55.940049
          ]
        ]
      }
    },
    {
      "type": "Feature",
      "properties": {
        "name": "2842T",
        "type": "Tracks",
        "notes": "",
        "section": "Cowlairs",
        "colour": "#FFEA00"
      },
      "geometry": {
        "type": "LineString",
        "coordinates": [
          [
            -3.9799295,
            55.9420461
          ],
          [
            -3.9795638,
            55.9421871
          ],
          [
            -3.9792651,
            55.9423275
          ],
          [
            -3.9795665,
            55.9421841
          ],
          [
            -3.9786921,
            55.9425386
          ]
        ]
      }
    },
    {
      "type": "Feature",
      "properties": {
        "name": "2844T",
        "type": "Tracks",
        "notes": "",
        "section": "Cowlairs",
        "colour": "#0288D1"
      },
      "geometry": {
        "type": "LineString",
        "coordinates": [
          [
            -3.9786921,
            55.9425386
          ],
          [
            -3.9759643,
            55.9436321
          ],
          [
            -3.9744193,
            55.9442359
          ],
          [
            -3.9732794,
            55.9446295
          ],
          [
            -3.9713536,
            55.9452633
          ],
          [
            -3.9698301,
            55.945807
          ],
          [
            -3.969409,
            55.9459903
          ],
          [
            -3.9689879,
            55.946202
          ],
          [
            -3.9685909,
            55.9464003
          ],
          [
            -3.9680866,
            55.9466872
          ],
          [
            -3.9676226,
            55.9469846
          ],
          [
            -3.9670406,
            55.9473841
          ],
          [
            -3.9666195,
            55.947749
          ],
          [
            -3.9662896,
            55.9480509
          ],
          [
            -3.9658041,
            55.9485631
          ],
          [
            -3.9656646,
            55.9487387
          ]
        ]
      }
    },
    {
      "type": "Feature",
      "properties": {
        "name": "2848T",
        "type": "Tracks",
        "notes": "",
        "section": "Cowlairs",
        "colour": "#FFEA00"
      },
      "geometry": {
        "type": "LineString",
        "coordinates": [
          [
            -3.9656646,
            55.9487387
          ],
          [
            -3.965445,
            55.9490341
          ],
          [
            -3.9651527,
            55.9494892
          ],
          [
            -3.9649757,
            55.9498526
          ],
          [
            -3.964855,
            55.950153
          ]
        ]
      }
    },
    {
      "type": "Feature",
      "properties": {
        "name": "2850(2)T",
        "type": "Tracks",
        "notes": "",
        "section": "Cowlairs",
        "colour": "#0288D1"
      },
      "geometry": {
        "type": "LineString",
        "coordinates": [
          [
            -3.964855,
            55.950153
          ],
          [
            -3.9647423,
            55.9504879
          ],
          [
            -3.9646565,
            55.9507943
          ],
          [
            -3.9645867,
            55.9511652
          ],
          [
            -3.9644687,
            55.9524192
          ],
          [
            -3.9643748,
            55.9529943
          ],
          [
            -3.9641951,
            55.9538157
          ],
          [
            -3.9640262,
            55.9544164
          ],
          [
            -3.9637848,
            55.9550065
          ],
          [
            -3.9635916,
            55.9553804
          ],
          [
            -3.9632537,
            55.9558459
          ],
          [
            -3.962846,
            55.956352
          ],
          [
            -3.9624705,
            55.9567739
          ],
          [
            -3.9621486,
            55.9571508
          ],
          [
            -3.9619528,
            55.9574166
          ],
          [
            -3.9617007,
            55.9578415
          ],
          [
            -3.9615666,
            55.9581133
          ]
        ]
      }
    },
    {
      "type": "Feature",
      "properties": {
        "name": "2850(1)T",
        "type": "Tracks",
        "notes": "",
        "section": "Cowlairs",
        "colour": "#FFEA00"
      },
      "geometry": {
        "type": "LineString",
        "coordinates": [
          [
            -3.9615666,
            55.9581133
          ],
          [
            -3.9614352,
            55.9584525
          ],
          [
            -3.9613493,
            55.9587918
          ],
          [
            -3.9612608,
            55.9592183
          ],
          [
            -3.9611508,
            55.9597933
          ],
          [
            -3.9610677,
            55.9601251
          ],
          [
            -3.9609336,
            55.9605095
          ],
          [
            -3.9607297,
            55.9609104
          ],
          [
            -3.9605366,
            55.9612587
          ],
          [
            -3.9601772,
            55.9617346
          ],
          [
            -3.9598312,
            55.962128
          ]
        ]
      }
    },
    {
      "type": "Feature",
      "properties": {
        "name": "2852(2)T",
        "type": "Tracks",
        "notes": "",
        "section": "Cowlairs",
        "colour": "#0288D1"
      },
      "geometry": {
        "type": "LineString",
        "coordinates": [
          [
            -3.9598312,
            55.962128
          ],
          [
            -3.9595163,
            55.9624445
          ],
          [
            -3.9592132,
            55.9627057
          ],
          [
            -3.9587867,
            55.9630525
          ],
          [
            -3.9576092,
            55.9638932
          ],
          [
            -3.9558229,
            55.9651768
          ],
          [
            -3.9553079,
            55.9655521
          ],
          [
            -3.9547473,
            55.966034
          ],
          [
            -3.9543155,
            55.9663943
          ],
          [
            -3.9536878,
            55.9670248
          ],
          [
            -3.9535054,
            55.9672199
          ]
        ]
      }
    },
    {
      "type": "Feature",
      "properties": {
        "name": "2852(1)T",
        "type": "Tracks",
        "notes": "",
        "section": "Cowlairs",
        "colour": "#FFEA00",
        "equipment_number": [
          {
            "number": "487547",
            "label": "Track"
          }
        ]
      },
      "geometry": {
        "type": "LineString",
        "coordinates": [
          [
            -3.9535054,
            55.9672199
          ],
          [
            -3.9529333,
            55.9678752
          ],
          [
            -3.9527241,
            55.9681244
          ],
          [
            -3.9523352,
            55.9686573
          ],
          [
            -3.9519463,
            55.9692442
          ],
          [
            -3.9515885,
            55.9699
          ],
          [
            -3.9513042,
            55.9704013
          ],
          [
            -3.9510306,
            55.9708036
          ],
          [
            -3.9508187,
            55.9710978
          ],
          [
            -3.9503628,
            55.9716021
          ],
          [
            -3.9499578,
            55.9720089
          ],
          [
            -3.9494294,
            55.9724442
          ],
          [
            -3.9489305,
            55.9728134
          ],
          [
            -3.9485389,
            55.973082
          ],
          [
            -3.9482975,
            55.9732321
          ],
          [
            -3.9478173,
            55.9735203
          ],
          [
            -3.9472729,
            55.9738295
          ],
          [
            -3.9453256,
            55.9748681
          ],
          [
            -3.9448776,
            55.9751623
          ],
          [
            -3.9445155,
            55.9754114
          ]
        ]
      }
    },
    {
      "type": "Feature",
      "properties": {
        "name": "2513T",
        "type": "Tracks",
        "notes": "",
        "section": "Cowlairs",
        "colour": "#7CB342",
        "equipment_number": [
          {
            "number": "487534",
            "label": "Track"
          }
        ]
      },
      "geometry": {
        "type": "LineString",
        "coordinates": [
          [
            -4.2457383,
            55.8886581
          ],
          [
            -4.2463735,
            55.8886777
          ],
          [
            -4.2470252,
            55.8887093
          ],
          [
            -4.2480579,
            55.8887845
          ],
          [
            -4.2491442,
            55.8889018
          ],
          [
            -4.2500628,
            55.8890237
          ],
          [
            -4.250602,
            55.8891124
          ],
          [
            -4.2513047,
            55.8892395
          ]
        ]
      }
    },
    {
      "type": "Feature",
      "properties": {
        "name": "2515(2)T",
        "type": "Tracks",
        "notes": "",
        "section": "Cowlairs",
        "colour": "#A52714",
        "equipment_number": [
          {
            "number": "18226904",
            "label": "Track"
          }
        ]
      },
      "geometry": {
        "type": "LineString",
        "coordinates": [
          [
            -4.268576,
            55.8916443
          ],
          [
            -4.2679336,
            55.8914758
          ],
          [
            -4.2674964,
            55.8913668
          ],
          [
            -4.2669009,
            55.8912291
          ],
          [
            -4.2665456,
            55.8911479
          ],
          [
            -4.2655357,
            55.8909396
          ],
          [
            -4.2648517,
            55.8908125
          ],
          [
            -4.2638714,
            55.8906478
          ],
          [
            -4.2632156,
            55.8905485
          ],
          [
            -4.2625263,
            55.890456
          ],
          [
            -4.2619804,
            55.8903891
          ],
          [
            -4.2611168,
            55.8903004
          ],
          [
            -4.2604435,
            55.8902417
          ],
          [
            -4.2592043,
            55.890162
          ],
          [
            -4.2580242,
            55.8901003
          ],
          [
            -4.2573214,
            55.8900552
          ],
          [
            -4.2565195,
            55.889992
          ],
          [
            -4.2556424,
            55.8899078
          ],
          [
            -4.2549128,
            55.889825
          ],
          [
            -4.2541645,
            55.8897288
          ],
          [
            -4.2533115,
            55.8896039
          ],
          [
            -4.2524452,
            55.889455
          ],
          [
            -4.2518014,
            55.8893302
          ],
          [
            -4.2513047,
            55.8892395
          ]
        ]
      }
    },
    {
      "type": "Feature",
      "properties": {
        "name": "2519T",
        "type": "Tracks",
        "notes": "",
        "section": "Cowlairs",
        "colour": "#7CB342",
        "equipment_number": [
          {
            "number": "1831086",
            "label": "Track"
          }
        ]
      },
      "geometry": {
        "type": "LineString",
        "coordinates": [
          [
            -4.2879481,
            55.8985068
          ],
          [
            -4.2870362,
            55.898373
          ],
          [
            -4.2862208,
            55.8982241
          ],
          [
            -4.2855261,
            55.8980873
          ],
          [
            -4.2845203,
            55.8978512
          ],
          [
            -4.2836217,
            55.8976166
          ],
          [
            -4.2828385,
            55.8973865
          ],
          [
            -4.2819507,
            55.8970917
          ],
          [
            -4.2810602,
            55.8967533
          ],
          [
            -4.2801724,
            55.8963819
          ],
          [
            -4.2749314,
            55.8939305
          ],
          [
            -4.2739765,
            55.8934988
          ],
          [
            -4.2728258,
            55.8930115
          ],
          [
            -4.2715464,
            55.8925423
          ],
          [
            -4.2701195,
            55.892079
          ],
          [
            -4.268576,
            55.8916443
          ]
        ]
      }
    },
    {
      "type": "Feature",
      "properties": {
        "name": "2521T",
        "type": "Tracks",
        "notes": "",
        "section": "Cowlairs",
        "colour": "#A52714",
        "equipment_number": [
          {
            "number": "1831085",
            "label": "Track"
          }
        ]
      },
      "geometry": {
        "type": "LineString",
        "coordinates": [
          [
            -4.2938455,
            55.898841
          ],
          [
            -4.2930274,
            55.8988531
          ],
          [
            -4.2924159,
            55.8988486
          ],
          [
            -4.291756,
            55.8988305
          ],
          [
            -4.2909889,
            55.8987959
          ],
          [
            -4.2899992,
            55.8987298
          ],
          [
            -4.2890524,
            55.898641
          ],
          [
            -4.2882263,
            55.8985448
          ],
          [
            -4.2879481,
            55.8985068
          ]
        ]
      }
    },
    {
      "type": "Feature",
      "properties": {
        "name": "2523T",
        "type": "Tracks",
        "notes": "",
        "section": "Cowlairs",
        "colour": "#7CB342",
        "equipment_number": [
          {
            "number": "1831084",
            "label": "Track"
          }
        ]
      },
      "geometry": {
        "type": "LineString",
        "coordinates": [
          [
            -4.296229,
            55.8986573
          ],
          [
            -4.2957542,
            55.8987174
          ],
          [
            -4.2951615,
            55.8987716
          ],
          [
            -4.2945338,
            55.8988092
          ],
          [
            -4.2938455,
            55.898841
          ]
        ]
      }
    },
    {
      "type": "Feature",
      "properties": {
        "name": "2525T",
        "type": "Tracks",
        "notes": "",
        "section": "Cowlairs",
        "colour": "#A52714",
        "equipment_number": [
          {
            "number": "1831083",
            "label": "Track"
          }
        ]
      },
      "geometry": {
        "type": "LineString",
        "coordinates": [
          [
            -4.2984525,
            55.8982663
          ],
          [
            -4.2978517,
            55.8983941
          ],
          [
            -4.2973206,
            55.8984934
          ],
          [
            -4.2968057,
            55.8985821
          ],
          [
            -4.296229,
            55.8986573
          ]
        ]
      }
    },
    {
      "type": "Feature",
      "properties": {
        "name": "2527T",
        "type": "Tracks",
        "notes": "",
        "section": "Cowlairs",
        "colour": "#7CB342",
        "equipment_number": [
          {
            "number": "482459",
            "label": "Track"
          }
        ]
      },
      "geometry": {
        "type": "LineString",
        "coordinates": [
          [
            -4.2984525,
            55.8982663
          ],
          [
            -4.29944,
            55.8980335
          ],
          [
            -4.3002098,
            55.897817
          ],
          [
            -4.3010225,
            55.8975418
          ],
          [
            -4.3033157,
            55.8966844
          ],
          [
            -4.3029188,
            55.896847
          ],
          [
            -4.3033157,
            55.8966844
          ],
          [
            -4.3037342,
            55.8965297
          ],
          [
            -4.3043297,
            55.8962409
          ],
          [
            -4.3046864,
            55.896059
          ],
          [
            -4.3049922,
            55.8958755
          ],
          [
            -4.3046864,
            55.896059
          ],
          [
            -4.3043297,
            55.8962409
          ],
          [
            -4.3037316,
            55.8965282
          ],
          [
            -4.3054508,
            55.8958499
          ]
        ]
      }
    },
    {
      "type": "Feature",
      "properties": {
        "name": "2512T",
        "type": "Tracks",
        "notes": "",
        "section": "Cowlairs",
        "colour": "#FFEA00",
        "equipment_number": [
          {
            "number": "487532",
            "label": "Track"
          }
        ]
      },
      "geometry": {
        "type": "LineString",
        "coordinates": [
          [
            -4.2471456,
            55.8887465
          ],
          [
            -4.2463866,
            55.8887059
          ],
          [
            -4.2458045,
            55.8886893
          ],
          [
            -4.2454405,
            55.8886836
          ]
        ]
      }
    },
    {
      "type": "Feature",
      "properties": {
        "name": "2516T",
        "type": "Tracks",
        "notes": "",
        "section": "Cowlairs",
        "colour": "#0288D1",
        "equipment_number": [
          {
            "number": "487545",
            "label": "Track"
          }
        ]
      },
      "geometry": {
        "type": "LineString",
        "coordinates": [
          [
            -4.2531437,
            55.8896105
          ],
          [
            -4.252614,
            55.889521
          ],
          [
            -4.2515639,
            55.889318
          ],
          [
            -4.2507727,
            55.8891721
          ],
          [
            -4.2499492,
            55.8890412
          ],
          [
            -4.2491848,
            55.8889344
          ],
          [
            -4.2482004,
            55.8888306
          ],
          [
            -4.2471456,
            55.8887465
          ]
        ]
      }
    },
    {
      "type": "Feature",
      "properties": {
        "name": "2518(2)T",
        "type": "Tracks",
        "notes": "",
        "section": "Cowlairs",
        "colour": "#FFEA00",
        "equipment_number": [
          {
            "number": "487536",
            "label": "Track"
          }
        ]
      },
      "geometry": {
        "type": "LineString",
        "coordinates": [
          [
            -4.2685564,
            55.8916711
          ],
          [
            -4.2675251,
            55.8914102
          ],
          [
            -4.2665018,
            55.8911695
          ],
          [
            -4.2652573,
            55.8909199
          ],
          [
            -4.2639269,
            55.8906882
          ],
          [
            -4.262913,
            55.8905363
          ],
          [
            -4.261808,
            55.8904009
          ],
          [
            -4.2606868,
            55.8902911
          ],
          [
            -4.2594637,
            55.8902084
          ],
          [
            -4.258018,
            55.8901317
          ],
          [
            -4.2573099,
            55.8900851
          ],
          [
            -4.2567359,
            55.8900414
          ],
          [
            -4.2553438,
            55.8899061
          ],
          [
            -4.2542656,
            55.8897752
          ],
          [
            -4.2536675,
            55.8896895
          ],
          [
            -4.2531437,
            55.8896105
          ]
        ]
      }
    },
    {
      "type": "Feature",
      "properties": {
        "name": "2518(1)T",
        "type": "Tracks",
        "notes": "",
        "section": "Cowlairs",
        "colour": "#0288D1",
        "equipment_number": [
          {
            "number": "487528",
            "label": "Track"
          }
        ]
      },
      "geometry": {
        "type": "LineString",
        "coordinates": [
          [
            -4.2879187,
            55.89854
          ],
          [
            -4.2870068,
            55.8984016
          ],
          [
            -4.2860921,
            55.8982347
          ],
          [
            -4.2852231,
            55.8980558
          ],
          [
            -4.284287,
            55.8978257
          ],
          [
            -4.2831578,
            55.8975159
          ],
          [
            -4.2820849,
            55.8971745
          ],
          [
            -4.2809476,
            55.8967534
          ],
          [
            -4.2801349,
            55.8964045
          ],
          [
            -4.2775037,
            55.8951803
          ],
          [
            -4.2740812,
            55.8935891
          ],
          [
            -4.2729654,
            55.8931199
          ],
          [
            -4.2719032,
            55.8927153
          ],
          [
            -4.2703046,
            55.8921723
          ],
          [
            -4.2694597,
            55.8919197
          ],
          [
            -4.2685564,
            55.8916711
          ]
        ]
      }
    },
    {
      "type": "Feature",
      "properties": {
        "name": "2520T",
        "type": "Tracks",
        "notes": "",
        "section": "Cowlairs",
        "colour": "#FFEA00",
        "equipment_number": [
          {
            "number": "1831082",
            "label": "Track"
          },
          {
            "number": "482655",
            "label": "Track"
          }
        ]
      },
      "geometry": {
        "type": "LineString",
        "coordinates": [
          [
            -4.3024642,
            55.8970323
          ],
          [
            -4.301158,
            55.8975211
          ],
          [
            -4.3001334,
            55.8978715
          ],
          [
            -4.2995004,
            55.8980489
          ],
          [
            -4.2985053,
            55.8982865
          ],
          [
            -4.2975665,
            55.8984805
          ],
          [
            -4.2964775,
            55.8986625
          ],
          [
            -4.2956943,
            55.8987542
          ],
          [
            -4.295056,
            55.8988083
          ],
          [
            -4.2938972,
            55.898864
          ],
          [
            -4.2929987,
            55.898882
          ],
          [
            -4.2920411,
            55.89887
          ],
          [
            -4.291207,
            55.8988384
          ],
          [
            -4.290228,
            55.8987798
          ],
          [
            -4.2893187,
            55.8987001
          ],
          [
            -4.2885891,
            55.8986204
          ],
          [
            -4.2879187,
            55.89854
          ]
        ]
      }
    },
    {
      "type": "Feature",
      "properties": {
        "name": "2522T",
        "type": "Tracks",
        "notes": "",
        "section": "Cowlairs",
        "colour": "#0288D1",
        "equipment_number": [
          {
            "number": "1831081",
            "label": "Track"
          }
        ]
      },
      "geometry": {
        "type": "LineString",
        "coordinates": [
          [
            -4.3024642,
            55.8970323
          ],
          [
            -4.3026884,
            55.8969477
          ],
          [
            -4.3029188,
            55.896847
          ],
          [
            -4.3026884,
            55.8969477
          ],
          [
            -4.3035655,
            55.8966289
          ]
        ]
      }
    },
    {
      "type": "Feature",
      "properties": {
        "name": "2524T",
        "type": "Tracks",
        "notes": "",
        "section": "Cowlairs",
        "colour": "#FFEA00",
        "equipment_number": [
          {
            "number": "1831078",
            "label": "Track"
          }
        ]
      },
      "geometry": {
        "type": "LineString",
        "coordinates": [
          [
            -4.3058615,
            55.895725
          ],
          [
            -4.3035655,
            55.8966289
          ]
        ]
      }
    },
    {
      "type": "Feature",
      "properties": {
        "name": "2526T",
        "type": "Tracks",
        "notes": "",
        "section": "Cowlairs",
        "colour": "#0288D1",
        "equipment_number": [
          {
            "number": "1831073",
            "label": "Track"
          }
        ]
      },
      "geometry": {
        "type": "LineString",
        "coordinates": [
          [
            -4.3095173,
            55.8945174
          ],
          [
            -4.3090828,
            55.8946106
          ],
          [
            -4.3085115,
            55.894761
          ],
          [
            -4.3080314,
            55.8949114
          ],
          [
            -4.3076532,
            55.8950438
          ],
          [
            -4.3058615,
            55.895725
          ]
        ]
      }
    },
    {
      "type": "Feature",
      "properties": {
        "name": "2528T",
        "type": "Tracks",
        "notes": "",
        "section": "Cowlairs",
        "colour": "#FFEA00",
        "equipment_number": [
          {
            "number": "1831072",
            "label": "Track"
          }
        ]
      },
      "geometry": {
        "type": "LineString",
        "coordinates": [
          [
            -4.3271407,
            55.900715
          ],
          [
            -4.325797,
            55.9002443
          ],
          [
            -4.3252176,
            55.9000067
          ],
          [
            -4.3245605,
            55.899703
          ],
          [
            -4.3238389,
            55.8993075
          ],
          [
            -4.3233508,
            55.8989962
          ],
          [
            -4.3229324,
            55.8986924
          ],
          [
            -4.3225568,
            55.8983721
          ],
          [
            -4.3221894,
            55.8980082
          ],
          [
            -4.3215322,
            55.8972111
          ],
          [
            -4.321323,
            55.8969795
          ],
          [
            -4.3209636,
            55.8966427
          ],
          [
            -4.3207088,
            55.8964351
          ],
          [
            -4.3201992,
            55.8960712
          ],
          [
            -4.3198103,
            55.8958231
          ],
          [
            -4.3193301,
            55.8955614
          ],
          [
            -4.3188447,
            55.8953358
          ],
          [
            -4.3182599,
            55.8950997
          ],
          [
            -4.3177128,
            55.8949057
          ],
          [
            -4.3172434,
            55.8947598
          ],
          [
            -4.3167633,
            55.8946379
          ],
          [
            -4.3161437,
            55.8945011
          ],
          [
            -4.3154034,
            55.8943657
          ],
          [
            -4.3147892,
            55.8942785
          ],
          [
            -4.3139979,
            55.8942078
          ],
          [
            -4.3133139,
            55.8941747
          ],
          [
            -4.3125871,
            55.8941732
          ],
          [
            -4.3120265,
            55.8941973
          ],
          [
            -4.3114445,
            55.8942334
          ],
          [
            -4.3108839,
            55.8942875
          ],
          [
            -4.3103018,
            55.8943733
          ],
          [
            -4.3099075,
            55.8944409
          ],
          [
            -4.3095173,
            55.8945174
          ]
        ]
      }
    },
    {
      "type": "Feature",
      "properties": {
        "name": "2752T",
        "type": "Tracks",
        "notes": "",
        "section": "Cowlairs",
        "colour": "#FFEA00",
        "equipment_number": [
          {
            "number": "1829389",
            "label": "Track"
          }
        ]
      },
      "geometry": {
        "type": "LineString",
        "coordinates": [
          [
            -4.3090727,
            55.8936536
          ],
          [
            -4.3084505,
            55.893804
          ],
          [
            -4.3078175,
            55.8940146
          ],
          [
            -4.3073561,
            55.8942071
          ],
          [
            -4.3070021,
            55.8943845
          ],
          [
            -4.3066319,
            55.8946011
          ],
          [
            -4.306235,
            55.8948417
          ],
          [
            -4.3058219,
            55.8951967
          ],
          [
            -4.3055591,
            55.8954463
          ],
          [
            -4.3053069,
            55.8956569
          ],
          [
            -4.3049922,
            55.8958755
          ]
        ]
      }
    },
    {
      "type": "Feature",
      "properties": {
        "name": "2760T",
        "type": "Tracks",
        "notes": "",
        "section": "Cowlairs",
        "colour": "#7CB342",
        "equipment_number": [
          {
            "number": "17749952",
            "label": "Track"
          }
        ]
      },
      "geometry": {
        "type": "LineString",
        "coordinates": [
          [
            -4.3204153,
            55.8914223
          ],
          [
            -4.3208726,
            55.8907146
          ],
          [
            -4.3213487,
            55.8900144
          ]
        ]
      }
    },
    {
      "type": "Feature",
      "properties": {
        "name": "2758T",
        "type": "Tracks",
        "notes": "",
        "section": "Cowlairs",
        "colour": "#A52714",
        "equipment_number": [
          {
            "number": "17749943",
            "label": "Track"
          }
        ]
      },
      "geometry": {
        "type": "LineString",
        "coordinates": [
          [
            -4.3204153,
            55.8914223
          ],
          [
            -4.3201871,
            55.8917789
          ],
          [
            -4.3200021,
            55.8920166
          ],
          [
            -4.3198411,
            55.8921805
          ],
          [
            -4.3196051,
            55.8923911
          ],
          [
            -4.3193637,
            55.8925685
          ],
          [
            -4.3190955,
            55.892743
          ],
          [
            -4.3187682,
            55.892922
          ],
          [
            -4.3183874,
            55.8930889
          ],
          [
            -4.3179019,
            55.8932589
          ],
          [
            -4.3174781,
            55.8933732
          ],
          [
            -4.3170677,
            55.8934695
          ]
        ]
      }
    },
    {
      "type": "Feature",
      "properties": {
        "name": "2756T",
        "type": "Tracks",
        "notes": "",
        "section": "Cowlairs",
        "colour": "#7CB342",
        "equipment_number": [
          {
            "number": "1829391",
            "label": "Track"
          }
        ]
      },
      "geometry": {
        "type": "LineString",
        "coordinates": [
          [
            -4.3170677,
            55.8934695
          ],
          [
            -4.3167325,
            55.8935251
          ],
          [
            -4.3163891,
            55.8935792
          ],
          [
            -4.3161531,
            55.8936048
          ],
          [
            -4.3157481,
            55.8936349
          ],
          [
            -4.3162497,
            55.8936138
          ],
          [
            -4.3167083,
            55.8935627
          ],
          [
            -4.3170892,
            55.893501
          ],
          [
            -4.3167083,
            55.8935627
          ],
          [
            -4.3162497,
            55.8936138
          ],
          [
            -4.3157481,
            55.8936349
          ],
          [
            -4.3154852,
            55.8936439
          ],
          [
            -4.3147771,
            55.8936364
          ],
          [
            -4.3143346,
            55.8936018
          ],
          [
            -4.3139322,
            55.8935792
          ]
        ]
      }
    },
    {
      "type": "Feature",
      "properties": {
        "name": "2754T",
        "type": "Tracks",
        "notes": "",
        "section": "Cowlairs",
        "colour": "#0288D1",
        "equipment_number": [
          {
            "number": "1829390",
            "label": "Track"
          }
        ]
      },
      "geometry": {
        "type": "LineString",
        "coordinates": [
          [
            -4.3139322,
            55.8935792
          ],
          [
            -4.3120059,
            55.8934439
          ],
          [
            -4.3116331,
            55.8934288
          ],
          [
            -4.3111395,
            55.8934258
          ],
          [
            -4.3107774,
            55.8934394
          ],
          [
            -4.31041,
            55.8934634
          ],
          [
            -4.3100371,
            55.8934965
          ],
          [
            -4.309616,
            55.8935582
          ],
          [
            -4.3090727,
            55.8936536
          ]
        ]
      }
    },
    {
      "type": "Feature",
      "properties": {
        "name": "2757T",
        "type": "Tracks",
        "notes": "",
        "section": "Cowlairs",
        "colour": "#FFEA00",
        "equipment_number": [
          {
            "number": "17749944",
            "label": "Track"
          }
        ]
      },
      "geometry": {
        "type": "LineString",
        "coordinates": [
          [
            -4.318191,
            55.8932025
          ],
          [
            -4.3178584,
            55.8933108
          ],
          [
            -4.3174802,
            55.8934085
          ],
          [
            -4.3170892,
            55.893501
          ]
        ]
      }
    },
    {
      "type": "Feature",
      "properties": {
        "name": "2759T",
        "type": "Tracks",
        "notes": "",
        "section": "Cowlairs",
        "colour": "#0288D1"
      },
      "geometry": {
        "type": "LineString",
        "coordinates": [
          [
            -4.3192819,
            55.8926768
          ],
          [
            -4.3190244,
            55.8928318
          ],
          [
            -4.3187535,
            55.8929701
          ],
          [
            -4.3185497,
            55.8930649
          ],
          [
            -4.318191,
            55.8932025
          ]
        ]
      }
    },
    {
      "type": "Feature",
      "properties": {
        "name": "2761T",
        "type": "Tracks",
        "notes": "",
        "section": "Cowlairs",
        "colour": "#FFEA00"
      },
      "geometry": {
        "type": "LineString",
        "coordinates": [
          [
            -4.3199802,
            55.8921078
          ],
          [
            -4.3198193,
            55.8922642
          ],
          [
            -4.3196342,
            55.8924312
          ],
          [
            -4.3194384,
            55.8925711
          ],
          [
            -4.3192819,
            55.8926768
          ]
        ]
      }
    },
    {
      "type": "Feature",
      "properties": {
        "name": "2128T",
        "type": "Tracks",
        "notes": "",
        "section": "Cowlairs",
        "colour": "#0288D1",
        "equipment_number": [
          {
            "number": "487591",
            "label": "Track"
          }
        ]
      },
      "geometry": {
        "type": "LineString",
        "coordinates": [
          [
            -4.2401352,
            55.8929398
          ],
          [
            -4.2403136,
            55.8925792
          ],
          [
            -4.2405456,
            55.891993
          ],
          [
            -4.2406287,
            55.8917463
          ],
          [
            -4.2407503,
            55.8912731
          ],
          [
            -4.2407132,
            55.8914222
          ],
          [
            -4.2406341,
            55.8916313
          ]
        ]
      }
    },
    {
      "type": "Feature",
      "properties": {
        "name": "2126T",
        "type": "Tracks",
        "notes": "",
        "section": "Cowlairs",
        "colour": "#FFEA00",
        "equipment_number": [
          {
            "number": "487589",
            "label": "Track"
          }
        ]
      },
      "geometry": {
        "type": "LineString",
        "coordinates": [
          [
            -4.2401352,
            55.8929398
          ],
          [
            -4.2399652,
            55.8932205
          ],
          [
            -4.2396554,
            55.8936898
          ],
          [
            -4.2398767,
            55.8933574
          ],
          [
            -4.2399384,
            55.8932295
          ]
        ]
      }
    },
    {
      "type": "Feature",
      "properties": {
        "name": "2124T",
        "type": "Tracks",
        "notes": "",
        "section": "Cowlairs",
        "colour": "#0288D1",
        "equipment_number": [
          {
            "number": "1468587",
            "label": "Track"
          }
        ]
      },
      "geometry": {
        "type": "LineString",
        "coordinates": [
          [
            -4.2388762,
            55.8946403
          ],
          [
            -4.2390479,
            55.8944523
          ],
          [
            -4.2392598,
            55.8941981
          ],
          [
            -4.2394046,
            55.8940251
          ],
          [
            -4.2396192,
            55.8937394
          ],
          [
            -4.2396554,
            55.8936898
          ]
        ]
      }
    },
    {
      "type": "Feature",
      "properties": {
        "name": "2122T",
        "type": "Tracks",
        "notes": "",
        "section": "Cowlairs",
        "colour": "#FFEA00",
        "equipment_number": [
          {
            "number": "1468595",
            "label": "Track"
          }
        ]
      },
      "geometry": {
        "type": "LineString",
        "coordinates": [
          [
            -4.2388762,
            55.8946403
          ],
          [
            -4.238732,
            55.8947945
          ],
          [
            -4.2384745,
            55.8950442
          ],
          [
            -4.2377959,
            55.8956517
          ],
          [
            -4.2374821,
            55.8959179
          ],
          [
            -4.2372729,
            55.8960924
          ]
        ]
      }
    },
    {
      "type": "Feature",
      "properties": {
        "name": "2120T",
        "type": "Tracks",
        "notes": "",
        "section": "Cowlairs",
        "colour": "#0288D1",
        "equipment_number": [
          {
            "number": "1468629",
            "label": "Track"
          }
        ]
      },
      "geometry": {
        "type": "LineString",
        "coordinates": [
          [
            -4.2356172,
            55.8974657
          ],
          [
            -4.2372729,
            55.8960924
          ]
        ]
      }
    },
    {
      "type": "Feature",
      "properties": {
        "name": "2118T",
        "type": "Tracks",
        "notes": "",
        "section": "Cowlairs",
        "colour": "#FFEA00",
        "equipment_number": [
          {
            "number": "487587",
            "label": "Track"
          }
        ]
      },
      "geometry": {
        "type": "LineString",
        "coordinates": [
          [
            -4.2298247,
            55.9016775
          ],
          [
            -4.2303263,
            55.9013979
          ],
          [
            -4.2309539,
            55.9010219
          ],
          [
            -4.2314877,
            55.9006971
          ],
          [
            -4.2321958,
            55.900231
          ],
          [
            -4.2325042,
            55.9000054
          ],
          [
            -4.2329253,
            55.8996851
          ],
          [
            -4.2338185,
            55.8989558
          ],
          [
            -4.2356172,
            55.8974657
          ]
        ]
      }
    },
    {
      "type": "Feature",
      "properties": {
        "name": "2116T",
        "type": "Tracks",
        "notes": "",
        "section": "Cowlairs",
        "colour": "#0288D1",
        "equipment_number": [
          {
            "number": "1468730",
            "label": "Track"
          }
        ]
      },
      "geometry": {
        "type": "LineString",
        "coordinates": [
          [
            -4.2286641,
            55.9022758
          ],
          [
            -4.2295774,
            55.9018066
          ],
          [
            -4.2298247,
            55.9016775
          ]
        ]
      }
    },
    {
      "type": "Feature",
      "properties": {
        "name": "2114T",
        "type": "Tracks",
        "notes": "",
        "section": "Cowlairs",
        "colour": "#FFEA00",
        "equipment_number": [
          {
            "number": "1468739",
            "label": "Track"
          }
        ]
      },
      "geometry": {
        "type": "LineString",
        "coordinates": [
          [
            -4.2263535,
            55.9032787
          ],
          [
            -4.2274022,
            55.9028501
          ],
          [
            -4.2281908,
            55.9024938
          ],
          [
            -4.2286641,
            55.9022758
          ]
        ]
      }
    },
    {
      "type": "Feature",
      "properties": {
        "name": "2112T",
        "type": "Tracks",
        "notes": "",
        "section": "Cowlairs",
        "colour": "#0288D1",
        "equipment_number": [
          {
            "number": "1468626",
            "label": "Track"
          }
        ]
      },
      "geometry": {
        "type": "LineString",
        "coordinates": [
          [
            -4.2263535,
            55.9032787
          ],
          [
            -4.2212447,
            55.9052564
          ]
        ]
      }
    },
    {
      "type": "Feature",
      "properties": {
        "name": "2110T",
        "type": "Tracks",
        "notes": "",
        "section": "Cowlairs",
        "colour": "#FFEA00",
        "equipment_number": [
          {
            "number": "1468624",
            "label": "Track"
          }
        ]
      },
      "geometry": {
        "type": "LineString",
        "coordinates": [
          [
            -4.2141363,
            55.9079989
          ],
          [
            -4.2212447,
            55.9052564
          ]
        ]
      }
    },
    {
      "type": "Feature",
      "properties": {
        "name": "2108T",
        "type": "Tracks",
        "notes": "",
        "section": "Cowlairs",
        "colour": "#0288D1",
        "equipment_number": [
          {
            "number": "487585",
            "label": "Track"
          }
        ]
      },
      "geometry": {
        "type": "LineString",
        "coordinates": [
          [
            -4.2092215,
            55.9098814
          ],
          [
            -4.2103943,
            55.909444
          ],
          [
            -4.2115161,
            55.909011
          ],
          [
            -4.2141363,
            55.9079989
          ]
        ]
      }
    },
    {
      "type": "Feature",
      "properties": {
        "name": "2106T",
        "type": "Tracks",
        "notes": "",
        "section": "Cowlairs",
        "colour": "#FFEA00",
        "equipment_number": [
          {
            "number": "487555",
            "label": "Track"
          }
        ]
      },
      "geometry": {
        "type": "LineString",
        "coordinates": [
          [
            -4.2028593,
            55.9116749
          ],
          [
            -4.2036372,
            55.9115005
          ],
          [
            -4.2041951,
            55.9113637
          ],
          [
            -4.2053001,
            55.9110871
          ],
          [
            -4.206086,
            55.9108721
          ],
          [
            -4.2070382,
            55.910594
          ],
          [
            -4.2079287,
            55.9103144
          ],
          [
            -4.2092215,
            55.9098814
          ]
        ]
      }
    },
    {
      "type": "Feature",
      "properties": {
        "name": "2104T",
        "type": "Tracks",
        "notes": "",
        "section": "Cowlairs",
        "colour": "#0288D1",
        "equipment_number": [
          {
            "number": "487599",
            "label": "Track"
          }
        ]
      },
      "geometry": {
        "type": "LineString",
        "coordinates": [
          [
            -4.1993349,
            55.91237
          ],
          [
            -4.1999081,
            55.912267
          ],
          [
            -4.2006263,
            55.9121309
          ],
          [
            -4.2013852,
            55.9119833
          ],
          [
            -4.2019749,
            55.9118624
          ],
          [
            -4.2028593,
            55.9116749
          ]
        ]
      }
    },
    {
      "type": "Feature",
      "properties": {
        "name": "2102T",
        "type": "Tracks",
        "notes": "",
        "section": "Cowlairs",
        "colour": "#FFEA00",
        "equipment_number": [
          {
            "number": "487544",
            "label": "Track"
          }
        ]
      },
      "geometry": {
        "type": "LineString",
        "coordinates": [
          [
            -4.1964277,
            55.9128327
          ],
          [
            -4.1993349,
            55.91237
          ]
        ]
      }
    },
    {
      "type": "Feature",
      "properties": {
        "name": "2098T",
        "type": "Tracks",
        "notes": "",
        "section": "Cowlairs",
        "colour": "#0288D1",
        "equipment_number": [
          {
            "number": "1468608",
            "label": "Track"
          }
        ]
      },
      "geometry": {
        "type": "LineString",
        "coordinates": [
          [
            -4.1953897,
            55.912971
          ],
          [
            -4.1958242,
            55.9129214
          ],
          [
            -4.1964277,
            55.9128327
          ],
          [
            -4.1958242,
            55.9129214
          ],
          [
            -4.1947379,
            55.9130898
          ]
        ]
      }
    },
    {
      "type": "Feature",
      "properties": {
        "name": "2096T",
        "type": "Tracks",
        "notes": "",
        "section": "Cowlairs",
        "colour": "#FFEA00",
        "equipment_number": [
          {
            "number": "1468630",
            "label": "Track"
          }
        ]
      },
      "geometry": {
        "type": "LineString",
        "coordinates": [
          [
            -4.192949,
            55.9134068
          ],
          [
            -4.1942995,
            55.9131557
          ],
          [
            -4.1947379,
            55.9130898
          ],
          [
            -4.1942995,
            55.9131557
          ],
          [
            -4.1929034,
            55.9133714
          ]
        ]
      }
    },
    {
      "type": "Feature",
      "properties": {
        "name": "2088T",
        "type": "Tracks",
        "notes": "",
        "section": "Cowlairs",
        "colour": "#0288D1",
        "equipment_number": [
          {
            "number": "487541",
            "label": "Track"
          }
        ]
      },
      "geometry": {
        "type": "LineString",
        "coordinates": [
          [
            -4.1824967,
            55.9150229
          ],
          [
            -4.1851896,
            55.9146231
          ],
          [
            -4.1894956,
            55.9139615
          ],
          [
            -4.192949,
            55.9134068
          ]
        ]
      }
    },
    {
      "type": "Feature",
      "properties": {
        "name": "2129T",
        "type": "Tracks",
        "notes": "",
        "section": "Cowlairs",
        "colour": "#FFEA00",
        "equipment_number": [
          {
            "number": "487582",
            "label": "Track"
          }
        ]
      },
      "geometry": {
        "type": "LineString",
        "coordinates": [
          [
            -4.2403808,
            55.8921453
          ],
          [
            -4.2405487,
            55.8916198
          ]
        ]
      }
    },
    {
      "type": "Feature",
      "properties": {
        "name": "2127T",
        "type": "Tracks",
        "notes": "",
        "section": "Cowlairs",
        "colour": "#7CB342",
        "equipment_number": [
          {
            "number": "487600",
            "label": "Track"
          }
        ]
      },
      "geometry": {
        "type": "LineString",
        "coordinates": [
          [
            -4.2406744,
            55.8913618
          ],
          [
            -4.240539,
            55.8918369
          ],
          [
            -4.2406341,
            55.8916313
          ],
          [
            -4.240539,
            55.8918369
          ],
          [
            -4.2403311,
            55.8924167
          ],
          [
            -4.2403808,
            55.8921453
          ],
          [
            -4.2403325,
            55.892416
          ],
          [
            -4.2401782,
            55.8927371
          ],
          [
            -4.2400777,
            55.8929281
          ]
        ]
      }
    },
    {
      "type": "Feature",
      "properties": {
        "name": "2125T",
        "type": "Tracks",
        "notes": "",
        "section": "Cowlairs",
        "colour": "#A52714",
        "equipment_number": [
          {
            "number": "487588",
            "label": "Track"
          }
        ]
      },
      "geometry": {
        "type": "LineString",
        "coordinates": [
          [
            -4.2399384,
            55.8932295
          ],
          [
            -4.2400548,
            55.8929702
          ],
          [
            -4.2400777,
            55.8929281
          ],
          [
            -4.2400535,
            55.8929702
          ],
          [
            -4.2398644,
            55.8932935
          ],
          [
            -4.2396887,
            55.8935583
          ],
          [
            -4.2396002,
            55.8936846
          ]
        ]
      }
    },
    {
      "type": "Feature",
      "properties": {
        "name": "2123T",
        "type": "Tracks",
        "notes": "",
        "section": "Cowlairs",
        "colour": "#7CB342",
        "equipment_number": [
          {
            "number": "1468618",
            "label": "Track"
          }
        ]
      },
      "geometry": {
        "type": "LineString",
        "coordinates": [
          [
            -4.2396002,
            55.8936846
          ],
          [
            -4.239407,
            55.8939455
          ],
          [
            -4.239226,
            55.8941726
          ],
          [
            -4.239053,
            55.8943763
          ],
          [
            -4.2388237,
            55.894626
          ]
        ]
      }
    },
    {
      "type": "Feature",
      "properties": {
        "name": "2121T",
        "type": "Tracks",
        "notes": "",
        "section": "Cowlairs",
        "colour": "#A52714",
        "equipment_number": [
          {
            "number": "1468597",
            "label": "Track"
          }
        ]
      },
      "geometry": {
        "type": "LineString",
        "coordinates": [
          [
            -4.2372301,
            55.896073
          ],
          [
            -4.2378832,
            55.8955233
          ],
          [
            -4.2383486,
            55.8950977
          ],
          [
            -4.2388237,
            55.894626
          ]
        ]
      }
    },
    {
      "type": "Feature",
      "properties": {
        "name": "2119T",
        "type": "Tracks",
        "notes": "",
        "section": "Cowlairs",
        "colour": "#7CB342",
        "equipment_number": [
          {
            "number": "1468628",
            "label": "Track"
          }
        ]
      },
      "geometry": {
        "type": "LineString",
        "coordinates": [
          [
            -4.2372301,
            55.896073
          ],
          [
            -4.2364079,
            55.8967524
          ],
          [
            -4.235567,
            55.8974528
          ]
        ]
      }
    },
    {
      "type": "Feature",
      "properties": {
        "name": "2117T",
        "type": "Tracks",
        "notes": "",
        "section": "Cowlairs",
        "colour": "#A52714",
        "equipment_number": [
          {
            "number": "1468627",
            "label": "Track"
          }
        ]
      },
      "geometry": {
        "type": "LineString",
        "coordinates": [
          [
            -4.2297839,
            55.9016451
          ],
          [
            -4.2305001,
            55.9012451
          ],
          [
            -4.2314442,
            55.9006752
          ],
          [
            -4.2318975,
            55.9003835
          ],
          [
            -4.2325144,
            55.8999429
          ],
          [
            -4.2331528,
            55.8994436
          ],
          [
            -4.2352154,
            55.8977413
          ],
          [
            -4.235567,
            55.8974528
          ]
        ]
      }
    },
    {
      "type": "Feature",
      "properties": {
        "name": "2115T",
        "type": "Tracks",
        "notes": "",
        "section": "Cowlairs",
        "colour": "#7CB342",
        "equipment_number": [
          {
            "number": "487586",
            "label": "Track"
          }
        ]
      },
      "geometry": {
        "type": "LineString",
        "coordinates": [
          [
            -4.2286348,
            55.902241
          ],
          [
            -4.2297839,
            55.9016451
          ]
        ]
      }
    },
    {
      "type": "Feature",
      "properties": {
        "name": "2113T",
        "type": "Tracks",
        "notes": "",
        "section": "Cowlairs",
        "colour": "#A52714",
        "equipment_number": [
          {
            "number": "1468738",
            "label": "Track"
          }
        ]
      },
      "geometry": {
        "type": "LineString",
        "coordinates": [
          [
            -4.2263308,
            55.9032485
          ],
          [
            -4.227511,
            55.9027658
          ],
          [
            -4.2286348,
            55.902241
          ]
        ]
      }
    },
    {
      "type": "Feature",
      "properties": {
        "name": "2111T",
        "type": "Tracks",
        "notes": "",
        "section": "Cowlairs",
        "colour": "#7CB342",
        "equipment_number": [
          {
            "number": "1468625",
            "label": "Track"
          }
        ]
      },
      "geometry": {
        "type": "LineString",
        "coordinates": [
          [
            -4.2263308,
            55.9032485
          ],
          [
            -4.2245257,
            55.9039552
          ],
          [
            -4.2212265,
            55.9052287
          ]
        ]
      }
    },
    {
      "type": "Feature",
      "properties": {
        "name": "2109T",
        "type": "Tracks",
        "notes": "",
        "section": "Cowlairs",
        "colour": "#A52714",
        "equipment_number": [
          {
            "number": "1468623",
            "label": "Track"
          }
        ]
      },
      "geometry": {
        "type": "LineString",
        "coordinates": [
          [
            -4.214112,
            55.907967
          ],
          [
            -4.2212265,
            55.9052287
          ]
        ]
      }
    },
    {
      "type": "Feature",
      "properties": {
        "name": "2107T",
        "type": "Tracks",
        "notes": "",
        "section": "Cowlairs",
        "colour": "#7CB342",
        "equipment_number": [
          {
            "number": "1468622",
            "label": "Track"
          }
        ]
      },
      "geometry": {
        "type": "LineString",
        "coordinates": [
          [
            -4.2092223,
            55.9098395
          ],
          [
            -4.2104951,
            55.9093682
          ],
          [
            -4.2117008,
            55.9089006
          ],
          [
            -4.214112,
            55.907967
          ]
        ]
      }
    },
    {
      "type": "Feature",
      "properties": {
        "name": "2105T",
        "type": "Tracks",
        "notes": "",
        "section": "Cowlairs",
        "colour": "#A52714",
        "equipment_number": [
          {
            "number": "487584",
            "label": "Track"
          }
        ]
      },
      "geometry": {
        "type": "LineString",
        "coordinates": [
          [
            -4.2092223,
            55.9098395
          ],
          [
            -4.2082631,
            55.9101719
          ],
          [
            -4.2074933,
            55.9104184
          ],
          [
            -4.2064285,
            55.9107417
          ],
          [
            -4.2053905,
            55.9110288
          ],
          [
            -4.2045804,
            55.9112378
          ],
          [
            -4.2033895,
            55.9115174
          ],
          [
            -4.2028343,
            55.9116406
          ]
        ]
      }
    },
    {
      "type": "Feature",
      "properties": {
        "name": "2103T",
        "type": "Tracks",
        "notes": "",
        "section": "Cowlairs",
        "colour": "#7CB342",
        "equipment_number": [
          {
            "number": "487571",
            "label": "Track"
          }
        ]
      },
      "geometry": {
        "type": "LineString",
        "coordinates": [
          [
            -4.2028343,
            55.9116406
          ],
          [
            -4.2020484,
            55.911815
          ],
          [
            -4.201174,
            55.9119924
          ],
          [
            -4.1995754,
            55.9122916
          ],
          [
            -4.1993233,
            55.9123337
          ]
        ]
      }
    },
    {
      "type": "Feature",
      "properties": {
        "name": "2101T",
        "type": "Tracks",
        "notes": "",
        "section": "Cowlairs",
        "colour": "#A52714",
        "equipment_number": [
          {
            "number": "1468621",
            "label": "Track"
          }
        ]
      },
      "geometry": {
        "type": "LineString",
        "coordinates": [
          [
            -4.1964131,
            55.9128072
          ],
          [
            -4.1993233,
            55.9123337
          ]
        ]
      }
    },
    {
      "type": "Feature",
      "properties": {
        "name": "2097T",
        "type": "Tracks",
        "notes": "",
        "section": "Cowlairs",
        "colour": "#7CB342",
        "equipment_number": [
          {
            "number": "1468619",
            "label": "Track"
          }
        ]
      },
      "geometry": {
        "type": "LineString",
        "coordinates": [
          [
            -4.1964131,
            55.9128072
          ],
          [
            -4.1947636,
            55.9130537
          ],
          [
            -4.1950827,
            55.9130071
          ],
          [
            -4.1953897,
            55.912971
          ]
        ]
      }
    },
    {
      "type": "Feature",
      "properties": {
        "name": "2095T",
        "type": "Tracks",
        "notes": "",
        "section": "Cowlairs",
        "colour": "#A52714",
        "equipment_number": [
          {
            "number": "1468617",
            "label": "Track"
          }
        ]
      },
      "geometry": {
        "type": "LineString",
        "coordinates": [
          [
            -4.192886,
            55.9133408
          ],
          [
            -4.1947636,
            55.9130537
          ],
          [
            -4.1943317,
            55.9131184
          ],
          [
            -4.1937872,
            55.9131695
          ],
          [
            -4.1935405,
            55.9131965
          ],
          [
            -4.1929853,
            55.9132777
          ],
          [
            -4.1922181,
            55.9133514
          ],
          [
            -4.1921538,
            55.9133589
          ],
          [
            -4.1922181,
            55.9133506
          ],
          [
            -4.1929853,
            55.9132785
          ],
          [
            -4.192068,
            55.9134167
          ]
        ]
      }
    },
    {
      "type": "Feature",
      "properties": {
        "name": "2092T",
        "type": "Tracks",
        "notes": "",
        "section": "Cowlairs",
        "colour": "#0288D1",
        "equipment_number": [
          {
            "number": "1468729",
            "label": "Track"
          }
        ]
      },
      "geometry": {
        "type": "LineString",
        "coordinates": [
          [
            -4.1929034,
            55.9133714
          ],
          [
            -4.1903026,
            55.9137693
          ]
        ]
      }
    },
    {
      "type": "Feature",
      "properties": {
        "name": "2091T",
        "type": "Tracks",
        "notes": "",
        "section": "Cowlairs",
        "colour": "#7CB342",
        "equipment_number": [
          {
            "number": "487543",
            "label": "Track"
          }
        ]
      },
      "geometry": {
        "type": "LineString",
        "coordinates": [
          [
            -4.1902914,
            55.9137402
          ],
          [
            -4.192886,
            55.9133408
          ]
        ]
      }
    },
    {
      "type": "Feature",
      "properties": {
        "name": "2089T",
        "type": "Tracks",
        "notes": "",
        "section": "Cowlairs",
        "colour": "#7CB342",
        "equipment_number": [
          {
            "number": "487540",
            "label": "Track"
          }
        ]
      },
      "geometry": {
        "type": "LineString",
        "coordinates": [
          [
            -4.1902753,
            55.9136936
          ],
          [
            -4.192068,
            55.9134167
          ]
        ]
      }
    },
    {
      "type": "Feature",
      "properties": {
        "name": "2087T",
        "type": "Tracks",
        "notes": "",
        "section": "Cowlairs",
        "colour": "#7CB342",
        "equipment_number": [
          {
            "number": "1468616",
            "label": "Track"
          }
        ]
      },
      "geometry": {
        "type": "LineString",
        "coordinates": [
          [
            -4.1891863,
            55.9138078
          ],
          [
            -4.1918341,
            55.9134015
          ],
          [
            -4.1921538,
            55.9133589
          ]
        ]
      }
    },
    {
      "type": "Feature",
      "properties": {
        "name": "2086T",
        "type": "Tracks",
        "notes": "",
        "section": "Cowlairs",
        "colour": "#FFEA00",
        "equipment_number": [
          {
            "number": "487542",
            "label": "Track"
          }
        ]
      },
      "geometry": {
        "type": "LineString",
        "coordinates": [
          [
            -4.1824929,
            55.9149518
          ],
          [
            -4.185797,
            55.9144553
          ],
          [
            -4.1903026,
            55.9137693
          ]
        ]
      }
    },
    {
      "type": "Feature",
      "properties": {
        "name": "2085T",
        "type": "Tracks",
        "notes": "",
        "section": "Cowlairs",
        "colour": "#A52714",
        "equipment_number": [
          {
            "number": "487538",
            "label": "Track"
          }
        ]
      },
      "geometry": {
        "type": "LineString",
        "coordinates": [
          [
            -4.1902914,
            55.9137402
          ],
          [
            -4.1824762,
            55.9149219
          ],
          [
            -4.1814355,
            55.9150813
          ]
        ]
      }
    },
    {
      "type": "Feature",
      "properties": {
        "name": "2083T",
        "type": "Tracks",
        "notes": "",
        "section": "Cowlairs",
        "colour": "#A52714",
        "equipment_number": [
          {
            "number": "487539",
            "label": "Track"
          }
        ]
      },
      "geometry": {
        "type": "LineString",
        "coordinates": [
          [
            -4.1814181,
            55.9150319
          ],
          [
            -4.1902753,
            55.9136936
          ]
        ]
      }
    },
    {
      "type": "Feature",
      "properties": {
        "name": "2084T",
        "type": "Tracks",
        "notes": "",
        "section": "Cowlairs",
        "colour": "#FFEA00",
        "equipment_number": [
          {
            "number": "1468615",
            "label": "Track"
          }
        ]
      },
      "geometry": {
        "type": "LineString",
        "coordinates": [
          [
            -4.1777477,
            55.9157487
          ],
          [
            -4.1824967,
            55.9150229
          ]
        ]
      }
    },
    {
      "type": "Feature",
      "properties": {
        "name": "2082T",
        "type": "Tracks",
        "notes": "",
        "section": "Cowlairs",
        "colour": "#0288D1",
        "equipment_number": [
          {
            "number": "487561",
            "label": "Track"
          }
        ]
      },
      "geometry": {
        "type": "LineString",
        "coordinates": [
          [
            -4.1777075,
            55.9156841
          ],
          [
            -4.1824929,
            55.9149518
          ]
        ]
      }
    },
    {
      "type": "Feature",
      "properties": {
        "name": "2081T",
        "type": "Tracks",
        "notes": "",
        "section": "Cowlairs",
        "colour": "#7CB342",
        "equipment_number": [
          {
            "number": "487537",
            "label": "Track"
          }
        ]
      },
      "geometry": {
        "type": "LineString",
        "coordinates": [
          [
            -4.177694,
            55.915651
          ],
          [
            -4.1814355,
            55.9150813
          ]
        ]
      }
    },
    {
      "type": "Feature",
      "properties": {
        "name": "2079T",
        "type": "Tracks",
        "notes": "",
        "section": "Cowlairs",
        "colour": "#7CB342",
        "equipment_number": [
          {
            "number": "487562",
            "label": "Track"
          }
        ]
      },
      "geometry": {
        "type": "LineString",
        "coordinates": [
          [
            -4.1776699,
            55.9156044
          ],
          [
            -4.1814181,
            55.9150319
          ]
        ]
      }
    },
    {
      "type": "Feature",
      "properties": {
        "name": "2078T",
        "type": "Tracks",
        "notes": "",
        "section": "Cowlairs",
        "colour": "#0288D1",
        "equipment_number": [
          {
            "number": "1468614",
            "label": "Track"
          }
        ]
      },
      "geometry": {
        "type": "LineString",
        "coordinates": [
          [
            -4.1777477,
            55.9157487
          ],
          [
            -4.1753417,
            55.916117
          ]
        ]
      }
    },
    {
      "type": "Feature",
      "properties": {
        "name": "2076T",
        "type": "Tracks",
        "notes": "",
        "section": "Cowlairs",
        "colour": "#FFEA00",
        "equipment_number": [
          {
            "number": "487560",
            "label": "Track"
          }
        ]
      },
      "geometry": {
        "type": "LineString",
        "coordinates": [
          [
            -4.1777075,
            55.9156841
          ],
          [
            -4.175315,
            55.9160588
          ]
        ]
      }
    },
    {
      "type": "Feature",
      "properties": {
        "name": "2075T",
        "type": "Tracks",
        "notes": "",
        "section": "Cowlairs",
        "colour": "#A52714",
        "equipment_number": [
          {
            "number": "1468728",
            "label": "Track"
          }
        ]
      },
      "geometry": {
        "type": "LineString",
        "coordinates": [
          [
            -4.1753065,
            55.9160287
          ],
          [
            -4.177694,
            55.915651
          ]
        ]
      }
    },
    {
      "type": "Feature",
      "properties": {
        "name": "2073T",
        "type": "Tracks",
        "notes": "",
        "section": "Cowlairs",
        "colour": "#A52714",
        "equipment_number": [
          {
            "number": "1468613",
            "label": "Track"
          }
        ]
      },
      "geometry": {
        "type": "LineString",
        "coordinates": [
          [
            -4.1756957,
            55.9159151
          ],
          [
            -4.1776699,
            55.9156044
          ]
        ]
      }
    },
    {
      "type": "Feature",
      "properties": {
        "name": "2067T",
        "type": "Tracks",
        "notes": "",
        "section": "Cowlairs",
        "colour": "#7CB342",
        "equipment_number": [
          {
            "number": "487558",
            "label": "Track"
          }
        ]
      },
      "geometry": {
        "type": "LineString",
        "coordinates": [
          [
            -4.1716221,
            55.9167036
          ],
          [
            -4.1723524,
            55.9165588
          ],
          [
            -4.1737129,
            55.9163044
          ],
          [
            -4.1753065,
            55.9160287
          ],
          [
            -4.1737129,
            55.9163044
          ],
          [
            -4.1747429,
            55.9160895
          ],
          [
            -4.1750486,
            55.9160279
          ],
          [
            -4.1756957,
            55.9159151
          ],
          [
            -4.1750486,
            55.9160279
          ],
          [
            -4.1756655,
            55.9158911
          ],
          [
            -4.1758774,
            55.915843
          ],
          [
            -4.1762503,
            55.9157723
          ]
        ]
      }
    },
    {
      "type": "Feature",
      "properties": {
        "name": "2070T",
        "type": "Tracks",
        "notes": "",
        "section": "Cowlairs",
        "colour": "#A52714",
        "equipment_number": [
          {
            "number": "1468727",
            "label": "Track"
          }
        ]
      },
      "geometry": {
        "type": "LineString",
        "coordinates": [
          [
            -4.1753417,
            55.916117
          ],
          [
            -4.1741235,
            55.916308
          ],
          [
            -4.1734556,
            55.9164312
          ],
          [
            -4.1727528,
            55.916562
          ],
          [
            -4.172541,
            55.9165966
          ]
        ]
      }
    },
    {
      "type": "Feature",
      "properties": {
        "name": "2068T",
        "type": "Tracks",
        "notes": "",
        "section": "Cowlairs",
        "colour": "#0288D1",
        "equipment_number": [
          {
            "number": "487559",
            "label": "Track"
          }
        ]
      },
      "geometry": {
        "type": "LineString",
        "coordinates": [
          [
            -4.1730264,
            55.9164658
          ],
          [
            -4.175315,
            55.9160588
          ]
        ]
      }
    },
    {
      "type": "Feature",
      "properties": {
        "name": "2066T",
        "type": "Tracks",
        "notes": "",
        "section": "Cowlairs",
        "colour": "#FFEA00",
        "equipment_number": [
          {
            "number": "487557",
            "label": "Track"
          }
        ]
      },
      "geometry": {
        "type": "LineString",
        "coordinates": [
          [
            -4.1707668,
            55.9168908
          ],
          [
            -4.1702894,
            55.917005
          ],
          [
            -4.1699756,
            55.9170681
          ],
          [
            -4.1702894,
            55.917005
          ],
          [
            -4.1714937,
            55.91676
          ],
          [
            -4.1718612,
            55.9166878
          ],
          [
            -4.172541,
            55.9165966
          ],
          [
            -4.1718612,
            55.9166878
          ],
          [
            -4.1730264,
            55.9164658
          ]
        ]
      }
    },
    {
      "type": "Feature",
      "properties": {
        "name": "2065T",
        "type": "Tracks",
        "notes": "",
        "section": "Cowlairs",
        "colour": "#A52714",
        "equipment_number": [
          {
            "number": "487556",
            "label": "Track"
          }
        ]
      },
      "geometry": {
        "type": "LineString",
        "coordinates": [
          [
            -4.1699591,
            55.9170407
          ],
          [
            -4.1713042,
            55.9167648
          ],
          [
            -4.1716221,
            55.9167036
          ],
          [
            -4.1713029,
            55.9167641
          ],
          [
            -4.1707668,
            55.9168908
          ]
        ]
      }
    },
    {
      "type": "Feature",
      "properties": {
        "name": "2064T",
        "type": "Tracks",
        "notes": "",
        "section": "Cowlairs",
        "colour": "#0288D1",
        "equipment_number": [
          {
            "number": "487550",
            "label": "Track"
          }
        ]
      },
      "geometry": {
        "type": "LineString",
        "coordinates": [
          [
            -4.1672796,
            55.9176825
          ],
          [
            -4.1699756,
            55.9170681
          ]
        ]
      }
    },
    {
      "type": "Feature",
      "properties": {
        "name": "2063T",
        "type": "Tracks",
        "notes": "",
        "section": "Cowlairs",
        "colour": "#7CB342",
        "equipment_number": [
          {
            "number": "487554",
            "label": "Track"
          }
        ]
      },
      "geometry": {
        "type": "LineString",
        "coordinates": [
          [
            -4.1672528,
            55.9176442
          ],
          [
            -4.1699591,
            55.9170407
          ]
        ]
      }
    },
    {
      "type": "Feature",
      "properties": {
        "name": "2062T",
        "type": "Tracks",
        "notes": "",
        "section": "Cowlairs",
        "colour": "#FFEA00",
        "equipment_number": [
          {
            "number": "487552",
            "label": "Track"
          }
        ]
      },
      "geometry": {
        "type": "LineString",
        "coordinates": [
          [
            -4.1644872,
            55.9183915
          ],
          [
            -4.1672796,
            55.9176825
          ]
        ]
      }
    },
    {
      "type": "Feature",
      "properties": {
        "name": "2061T",
        "type": "Tracks",
        "notes": "",
        "section": "Cowlairs",
        "colour": "#A52714",
        "equipment_number": [
          {
            "number": "487563",
            "label": "Track"
          }
        ]
      },
      "geometry": {
        "type": "LineString",
        "coordinates": [
          [
            -4.1644685,
            55.9183615
          ],
          [
            -4.1672528,
            55.9176442
          ]
        ]
      }
    },
    {
      "type": "Feature",
      "properties": {
        "name": "2060T",
        "type": "Tracks",
        "notes": "",
        "section": "Cowlairs",
        "colour": "#0288D1",
        "equipment_number": [
          {
            "number": "487546",
            "label": "Track"
          }
        ]
      },
      "geometry": {
        "type": "LineString",
        "coordinates": [
          [
            -4.1619958,
            55.919101
          ],
          [
            -4.1644872,
            55.9183915
          ]
        ]
      }
    },
    {
      "type": "Feature",
      "properties": {
        "name": "2058T",
        "type": "Tracks",
        "notes": "",
        "section": "Cowlairs",
        "colour": "#FFEA00",
        "equipment_number": [
          {
            "number": "487602",
            "label": "Track"
          }
        ]
      },
      "geometry": {
        "type": "LineString",
        "coordinates": [
          [
            -4.1552221,
            55.9210366
          ],
          [
            -4.1562049,
            55.9207856
          ],
          [
            -4.1574038,
            55.9204625
          ],
          [
            -4.1582568,
            55.9202205
          ],
          [
            -4.1590829,
            55.91998
          ],
          [
            -4.1598741,
            55.9197411
          ],
          [
            -4.1619958,
            55.919101
          ]
        ]
      }
    },
    {
      "type": "Feature",
      "properties": {
        "name": "2059T",
        "type": "Tracks",
        "notes": "",
        "section": "Cowlairs",
        "colour": "#7CB342",
        "equipment_number": [
          {
            "number": "487549",
            "label": "Track"
          }
        ]
      },
      "geometry": {
        "type": "LineString",
        "coordinates": [
          [
            -4.1586333,
            55.9200803
          ],
          [
            -4.1599811,
            55.919676
          ],
          [
            -4.161742,
            55.9191394
          ],
          [
            -4.1644685,
            55.9183615
          ]
        ]
      }
    },
    {
      "type": "Feature",
      "properties": {
        "name": "2057T",
        "type": "Tracks",
        "notes": "",
        "section": "Cowlairs",
        "colour": "#A52714",
        "equipment_number": [
          {
            "number": "487551",
            "label": "Track"
          }
        ]
      },
      "geometry": {
        "type": "LineString",
        "coordinates": [
          [
            -4.1547509,
            55.9211253
          ],
          [
            -4.157307,
            55.9204549
          ],
          [
            -4.1586333,
            55.9200803
          ]
        ]
      }
    },
    {
      "type": "Feature",
      "properties": {
        "name": "2056T",
        "type": "Tracks",
        "notes": "",
        "section": "Cowlairs",
        "colour": "#0288D1",
        "equipment_number": [
          {
            "number": "487548",
            "label": "Track"
          }
        ]
      },
      "geometry": {
        "type": "LineString",
        "coordinates": [
          [
            -4.1445529,
            55.9235302
          ],
          [
            -4.1472273,
            55.9229114
          ],
          [
            -4.1504701,
            55.9221615
          ],
          [
            -4.1529887,
            55.9215814
          ],
          [
            -4.1538819,
            55.9213725
          ],
          [
            -4.1546972,
            55.9211726
          ],
          [
            -4.1552221,
            55.9210366
          ]
        ]
      }
    },
    {
      "type": "Feature",
      "properties": {
        "name": "2055(2)T",
        "type": "Tracks",
        "notes": "",
        "section": "Cowlairs",
        "colour": "#7CB342",
        "equipment_number": [
          {
            "number": "487529",
            "label": "Track"
          }
        ]
      },
      "geometry": {
        "type": "LineString",
        "coordinates": [
          [
            -4.1547509,
            55.9211253
          ],
          [
            -4.1540499,
            55.9213003
          ],
          [
            -4.15269,
            55.921622
          ],
          [
            -4.1516117,
            55.9218654
          ],
          [
            -4.1495062,
            55.9223509
          ],
          [
            -4.1472049,
            55.9228829
          ],
          [
            -4.1445204,
            55.9234939
          ]
        ]
      }
    },
    {
      "type": "Feature",
      "properties": {
        "name": "2054T",
        "type": "Tracks",
        "notes": "",
        "section": "Cowlairs",
        "colour": "#FFEA00",
        "equipment_number": [
          {
            "number": "487653",
            "label": "Track"
          }
        ]
      },
      "geometry": {
        "type": "LineString",
        "coordinates": [
          [
            -4.1299928,
            55.9268843
          ],
          [
            -4.1332275,
            55.9261374
          ],
          [
            -4.1372079,
            55.9252192
          ],
          [
            -4.1381413,
            55.9250021
          ],
          [
            -4.138655,
            55.9248721
          ],
          [
            -4.1399277,
            55.9245806
          ],
          [
            -4.1406546,
            55.924425
          ],
          [
            -4.1420064,
            55.9241162
          ],
          [
            -4.1433032,
            55.9238156
          ],
          [
            -4.1445529,
            55.9235302
          ]
        ]
      }
    },
    {
      "type": "Feature",
      "properties": {
        "name": "2055(1)T",
        "type": "Tracks",
        "notes": "",
        "section": "Cowlairs",
        "colour": "#A52714",
        "equipment_number": [
          {
            "number": "487583",
            "label": "Track"
          }
        ]
      },
      "geometry": {
        "type": "LineString",
        "coordinates": [
          [
            -4.1362516,
            55.9254054
          ],
          [
            -4.1378985,
            55.9250267
          ],
          [
            -4.1385502,
            55.9248644
          ],
          [
            -4.1389204,
            55.9247735
          ],
          [
            -4.1407952,
            55.9243595
          ],
          [
            -4.1413303,
            55.9242378
          ],
          [
            -4.1426942,
            55.9239222
          ],
          [
            -4.1445204,
            55.9234939
          ]
        ]
      }
    },
    {
      "type": "Feature",
      "properties": {
        "name": "2052T",
        "type": "Tracks",
        "notes": "",
        "section": "Cowlairs",
        "colour": "#0288D1",
        "equipment_number": [
          {
            "number": "482624",
            "label": "Track"
          },
          {
            "number": "487651",
            "label": "Track"
          }
        ]
      },
      "geometry": {
        "type": "LineString",
        "coordinates": [
          [
            -4.1138306,
            55.9294574
          ],
          [
            -4.1148901,
            55.9293131
          ],
          [
            -4.1158879,
            55.9291914
          ],
          [
            -4.117111,
            55.9290517
          ],
          [
            -4.1195357,
            55.9287767
          ],
          [
            -4.1211128,
            55.9285754
          ],
          [
            -4.122706,
            55.9283485
          ],
          [
            -4.1234088,
            55.9282418
          ],
          [
            -4.1244334,
            55.928072
          ],
          [
            -4.1255653,
            55.9278601
          ],
          [
            -4.1270539,
            55.927555
          ],
          [
            -4.1299928,
            55.9268843
          ]
        ]
      }
    },
    {
      "type": "Feature",
      "properties": {
        "name": "2053T",
        "type": "Tracks",
        "notes": "",
        "section": "Cowlairs",
        "colour": "#7CB342",
        "equipment_number": [
          {
            "number": "482613",
            "label": "Track"
          },
          {
            "number": "487652",
            "label": "Track"
          }
        ]
      },
      "geometry": {
        "type": "LineString",
        "coordinates": [
          [
            -4.1194954,
            55.9287489
          ],
          [
            -4.1217244,
            55.9284574
          ],
          [
            -4.1230172,
            55.9282696
          ],
          [
            -4.1244763,
            55.9280352
          ],
          [
            -4.1258737,
            55.9277707
          ],
          [
            -4.1272578,
            55.9274762
          ],
          [
            -4.1299748,
            55.926857
          ],
          [
            -4.1354278,
            55.9255963
          ],
          [
            -4.1362516,
            55.9254054
          ]
        ]
      }
    },
    {
      "type": "Feature",
      "properties": {
        "name": "2050T",
        "type": "Tracks",
        "notes": "",
        "section": "Cowlairs",
        "colour": "#FFEA00",
        "equipment_number": [
          {
            "number": "487649",
            "label": "Track"
          }
        ]
      },
      "geometry": {
        "type": "LineString",
        "coordinates": [
          [
            -4.0968332,
            55.93313
          ],
          [
            -4.0994913,
            55.9324765
          ],
          [
            -4.1008163,
            55.9321444
          ],
          [
            -4.1021413,
            55.9318274
          ],
          [
            -4.1044131,
            55.9312714
          ],
          [
            -4.1056603,
            55.9309679
          ],
          [
            -4.1070578,
            55.9306479
          ],
          [
            -4.1085035,
            55.9303459
          ],
          [
            -4.1101396,
            55.9300453
          ],
          [
            -4.1115746,
            55.9297974
          ],
          [
            -4.1128433,
            55.9295976
          ],
          [
            -4.1138306,
            55.9294574
          ]
        ]
      }
    },
    {
      "type": "Feature",
      "properties": {
        "name": "2051T",
        "type": "Tracks",
        "notes": "",
        "section": "Cowlairs",
        "colour": "#A52714",
        "equipment_number": [
          {
            "number": "482625",
            "label": "Track"
          },
          {
            "number": "487648",
            "label": "Track"
          }
        ]
      },
      "geometry": {
        "type": "LineString",
        "coordinates": [
          [
            -4.1021211,
            55.9317981
          ],
          [
            -4.104063,
            55.9313218
          ],
          [
            -4.1057287,
            55.9309161
          ],
          [
            -4.1070537,
            55.9306111
          ],
          [
            -4.1086549,
            55.9302835
          ],
          [
            -4.1096179,
            55.9301062
          ],
          [
            -4.111144,
            55.9298357
          ],
          [
            -4.1129009,
            55.9295547
          ],
          [
            -4.1142795,
            55.9293579
          ],
          [
            -4.1153658,
            55.9292212
          ],
          [
            -4.1175438,
            55.9289702
          ],
          [
            -4.1194954,
            55.9287489
          ]
        ]
      }
    },
    {
      "type": "Feature",
      "properties": {
        "name": "2049(2)T",
        "type": "Tracks",
        "notes": "",
        "section": "Cowlairs",
        "colour": "#7CB342",
        "equipment_number": [
          {
            "number": "487650",
            "label": "Track"
          }
        ]
      },
      "geometry": {
        "type": "LineString",
        "coordinates": [
          [
            -4.0927551,
            55.9341738
          ],
          [
            -4.0941257,
            55.9337847
          ],
          [
            -4.0959255,
            55.9333189
          ],
          [
            -4.0989537,
            55.9325752
          ],
          [
            -4.1008366,
            55.9321049
          ],
          [
            -4.1021211,
            55.9317981
          ]
        ]
      }
    },
    {
      "type": "Feature",
      "properties": {
        "name": "2049(1)T",
        "type": "Tracks",
        "notes": "",
        "section": "Cowlairs",
        "colour": "#A52714",
        "equipment_number": [
          {
            "number": "487637",
            "label": "Track"
          }
        ]
      },
      "geometry": {
        "type": "LineString",
        "coordinates": [
          [
            -4.0927551,
            55.9341738
          ],
          [
            -4.0917911,
            55.9344614
          ],
          [
            -4.0904125,
            55.9349106
          ],
          [
            -4.0894603,
            55.9352427
          ],
          [
            -4.0882748,
            55.9356798
          ],
          [
            -4.0871375,
            55.936111
          ],
          [
            -4.0860968,
            55.9365302
          ],
          [
            -4.0850765,
            55.9369657
          ],
          [
            -4.0839017,
            55.937496
          ]
        ]
      }
    },
    {
      "type": "Feature",
      "properties": {
        "name": "2048T",
        "type": "Tracks",
        "notes": "",
        "section": "Cowlairs",
        "colour": "#0288D1",
        "equipment_number": [
          {
            "number": "487647",
            "label": "Track"
          }
        ]
      },
      "geometry": {
        "type": "LineString",
        "coordinates": [
          [
            -4.0832323,
            55.9378397
          ],
          [
            -4.0844044,
            55.9373048
          ],
          [
            -4.0855577,
            55.9367986
          ],
          [
            -4.0872046,
            55.9361255
          ],
          [
            -4.0881729,
            55.9357544
          ],
          [
            -4.0888837,
            55.935487
          ],
          [
            -4.0899887,
            55.9350964
          ],
          [
            -4.0914398,
            55.9346141
          ],
          [
            -4.0926039,
            55.9342565
          ],
          [
            -4.0940577,
            55.9338419
          ],
          [
            -4.0949455,
            55.9336045
          ],
          [
            -4.0957126,
            55.9334122
          ],
          [
            -4.0968332,
            55.93313
          ]
        ]
      }
    },
    {
      "type": "Feature",
      "properties": {
        "name": "2046T",
        "type": "Tracks",
        "notes": "",
        "section": "Cowlairs",
        "colour": "#FFEA00",
        "equipment_number": [
          {
            "number": "1468611",
            "label": "Track"
          }
        ]
      },
      "geometry": {
        "type": "LineString",
        "coordinates": [
          [
            -4.0803904,
            55.9393154
          ],
          [
            -4.0812045,
            55.9388828
          ],
          [
            -4.0822103,
            55.938351
          ],
          [
            -4.0832323,
            55.9378397
          ]
        ]
      }
    },
    {
      "type": "Feature",
      "properties": {
        "name": "2045(2)T",
        "type": "Tracks",
        "notes": "",
        "section": "Cowlairs",
        "colour": "#7CB342",
        "equipment_number": [
          {
            "number": "487643",
            "label": "Track"
          }
        ]
      },
      "geometry": {
        "type": "LineString",
        "coordinates": [
          [
            -4.0761553,
            55.9415705
          ],
          [
            -4.0773918,
            55.9408998
          ],
          [
            -4.0810128,
            55.9389267
          ],
          [
            -4.0820347,
            55.9383919
          ],
          [
            -4.0832337,
            55.9378
          ],
          [
            -4.0839017,
            55.937496
          ]
        ]
      }
    },
    {
      "type": "Feature",
      "properties": {
        "name": "2044T",
        "type": "Tracks",
        "notes": "",
        "section": "Cowlairs",
        "colour": "#0288D1",
        "equipment_number": [
          {
            "number": "487645",
            "label": "Track"
          }
        ]
      },
      "geometry": {
        "type": "LineString",
        "coordinates": [
          [
            -4.0720638,
            55.9438345
          ],
          [
            -4.073767,
            55.9429108
          ],
          [
            -4.0760281,
            55.941688
          ],
          [
            -4.0790322,
            55.9400522
          ],
          [
            -4.0803904,
            55.9393154
          ]
        ]
      }
    },
    {
      "type": "Feature",
      "properties": {
        "name": "2042T",
        "type": "Tracks",
        "notes": "",
        "section": "Cowlairs",
        "colour": "#FFEA00",
        "equipment_number": [
          {
            "number": "482627",
            "label": "Track"
          },
          {
            "number": "487642",
            "label": "Track"
          }
        ]
      },
      "geometry": {
        "type": "LineString",
        "coordinates": [
          [
            -4.0700373,
            55.944889
          ],
          [
            -4.0713811,
            55.9441951
          ],
          [
            -4.0720638,
            55.9438345
          ]
        ]
      }
    },
    {
      "type": "Feature",
      "properties": {
        "name": "2020T",
        "type": "Tracks",
        "notes": "",
        "section": "Cowlairs",
        "colour": "#0288D1"
      },
      "geometry": {
        "type": "LineString",
        "coordinates": [
          [
            -4.0700373,
            55.944889
          ],
          [
            -4.0693292,
            55.945227
          ],
          [
            -4.0682992,
            55.9457001
          ],
          [
            -4.0679666,
            55.9458623
          ],
          [
            -4.0674222,
            55.9461252
          ],
          [
            -4.0672907,
            55.9461822
          ],
          [
            -4.0674222,
            55.9461252
          ],
          [
            -4.0679666,
            55.9458623
          ],
          [
            -4.0672344,
            55.9461537
          ]
        ]
      }
    },
    {
      "type": "Feature",
      "properties": {
        "name": "2036T",
        "type": "Tracks",
        "notes": "",
        "section": "Cowlairs",
        "colour": "#FFEA00",
        "equipment_number": [
          {
            "number": "487640",
            "label": "Track"
          },
          {
            "number": "19038300",
            "label": "Track"
          }
        ]
      },
      "geometry": {
        "type": "LineString",
        "coordinates": [
          [
            -4.0672907,
            55.9461822
          ],
          [
            -4.0668371,
            55.9463747
          ],
          [
            -4.0652492,
            55.9469905
          ],
          [
            -4.0640587,
            55.9474182
          ],
          [
            -4.062734,
            55.9478601
          ],
          [
            -4.0614093,
            55.9482709
          ],
          [
            -4.06009,
            55.9486651
          ]
        ]
      }
    },
    {
      "type": "Feature",
      "properties": {
        "name": "2034T",
        "type": "Tracks",
        "notes": "",
        "section": "Cowlairs",
        "colour": "#FFEA00",
        "equipment_number": [
          {
            "number": "487639",
            "label": "Track"
          }
        ]
      },
      "geometry": {
        "type": "LineString",
        "coordinates": [
          [
            -4.0672344,
            55.9461537
          ],
          [
            -4.066171,
            55.9465892
          ],
          [
            -4.0652939,
            55.9469286
          ],
          [
            -4.0644463,
            55.9472305
          ],
          [
            -4.0628182,
            55.9477907
          ],
          [
            -4.0606376,
            55.9484605
          ],
          [
            -4.0600582,
            55.9486302
          ]
        ]
      }
    },
    {
      "type": "Feature",
      "properties": {
        "name": "2030T",
        "type": "Tracks",
        "notes": "",
        "section": "Cowlairs",
        "colour": "#0288D1",
        "equipment_number": [
          {
            "number": "487646",
            "label": "Track"
          }
        ]
      },
      "geometry": {
        "type": "LineString",
        "coordinates": [
          [
            -4.0576117,
            55.9493056
          ],
          [
            -4.0583386,
            55.949128
          ],
          [
            -4.06009,
            55.9486651
          ]
        ]
      }
    },
    {
      "type": "Feature",
      "properties": {
        "name": "2028T",
        "type": "Tracks",
        "notes": "",
        "section": "Cowlairs",
        "colour": "#0288D1",
        "equipment_number": [
          {
            "number": "1468609",
            "label": "Track"
          }
        ]
      },
      "geometry": {
        "type": "LineString",
        "coordinates": [
          [
            -4.0575876,
            55.949271
          ],
          [
            -4.058843,
            55.9489589
          ],
          [
            -4.0600582,
            55.9486302
          ]
        ]
      }
    },
    {
      "type": "Feature",
      "properties": {
        "name": "2026T",
        "type": "Tracks",
        "notes": "",
        "section": "Cowlairs",
        "colour": "#FFEA00",
        "equipment_number": [
          {
            "number": "487671",
            "label": "Track"
          }
        ]
      },
      "geometry": {
        "type": "LineString",
        "coordinates": [
          [
            -4.0533025,
            55.9502516
          ],
          [
            -4.0562894,
            55.9495676
          ],
          [
            -4.0565399,
            55.9495127
          ],
          [
            -4.0570549,
            55.9494211
          ],
          [
            -4.0576117,
            55.9493056
          ],
          [
            -4.0570549,
            55.9494211
          ],
          [
            -4.0565399,
            55.9495127
          ],
          [
            -4.0575876,
            55.949271
          ]
        ]
      }
    },
    {
      "type": "Feature",
      "properties": {
        "name": "2022T",
        "type": "Tracks",
        "notes": "",
        "section": "Cowlairs",
        "colour": "#0288D1",
        "equipment_number": [
          {
            "number": "487669",
            "label": "Track"
          }
        ]
      },
      "geometry": {
        "type": "LineString",
        "coordinates": [
          [
            -4.0533025,
            55.9502516
          ],
          [
            -4.0486878,
            55.9512929
          ],
          [
            -4.0476927,
            55.9515046
          ],
          [
            -4.046644,
            55.9517539
          ],
          [
            -4.0453297,
            55.9520603
          ],
          [
            -4.0443561,
            55.9523051
          ],
          [
            -4.0436372,
            55.9524973
          ],
          [
            -4.0429157,
            55.9527105
          ],
          [
            -4.042567,
            55.9528156
          ],
          [
            -4.0417999,
            55.9530634
          ]
        ]
      }
    },
    {
      "type": "Feature",
      "properties": {
        "name": "2018(1)T",
        "type": "Tracks",
        "notes": "",
        "section": "Cowlairs",
        "colour": "#FFEA00",
        "equipment_number": [
          {
            "number": "487662",
            "label": "Track"
          }
        ]
      },
      "geometry": {
        "type": "LineString",
        "coordinates": [
          [
            -4.0331445,
            55.9578956
          ],
          [
            -4.0339303,
            55.9572845
          ],
          [
            -4.0347806,
            55.9566374
          ],
          [
            -4.0354217,
            55.9561959
          ],
          [
            -4.0358723,
            55.9558851
          ],
          [
            -4.037318,
            55.9550171
          ],
          [
            -4.03812,
            55.9546027
          ],
          [
            -4.0390373,
            55.9541627
          ],
          [
            -4.0398097,
            55.9538203
          ],
          [
            -4.0408719,
            55.9534014
          ],
          [
            -4.0417999,
            55.9530634
          ]
        ]
      }
    },
    {
      "type": "Feature",
      "properties": {
        "name": "2018(2)T",
        "type": "Tracks",
        "notes": "",
        "section": "Cowlairs",
        "colour": "#0288D1",
        "equipment_number": [
          {
            "number": "487661",
            "label": "Track"
          }
        ]
      },
      "geometry": {
        "type": "LineString",
        "coordinates": [
          [
            -4.0295675,
            55.9606729
          ],
          [
            -4.0306324,
            55.9598606
          ],
          [
            -4.0331445,
            55.9578956
          ]
        ]
      }
    },
    {
      "type": "Feature",
      "properties": {
        "name": "2016T",
        "type": "Tracks",
        "notes": "",
        "section": "Cowlairs",
        "colour": "#FFEA00",
        "equipment_number": [
          {
            "number": "487655",
            "label": "Track"
          }
        ]
      },
      "geometry": {
        "type": "LineString",
        "coordinates": [
          [
            -4.0186123,
            55.9679675
          ],
          [
            -4.0196906,
            55.9675111
          ],
          [
            -4.0206454,
            55.9670668
          ],
          [
            -4.0216432,
            55.9665309
          ],
          [
            -4.0226598,
            55.9659244
          ],
          [
            -4.0237219,
            55.9651918
          ],
          [
            -4.0255726,
            55.9637716
          ],
          [
            -4.0283165,
            55.9616773
          ],
          [
            -4.0295675,
            55.9606729
          ]
        ]
      }
    },
    {
      "type": "Feature",
      "properties": {
        "name": "2014T",
        "type": "Tracks",
        "notes": "",
        "section": "Cowlairs",
        "colour": "#0288D1",
        "equipment_number": [
          {
            "number": "487658",
            "label": "Track"
          }
        ]
      },
      "geometry": {
        "type": "LineString",
        "coordinates": [
          [
            -4.0012055,
            55.9723544
          ],
          [
            -4.0029248,
            55.9719041
          ],
          [
            -4.0054514,
            55.9713337
          ],
          [
            -4.0076562,
            55.9708834
          ],
          [
            -4.0119209,
            55.9699648
          ],
          [
            -4.0137019,
            55.9695625
          ],
          [
            -4.0151289,
            55.9691693
          ],
          [
            -4.0166148,
            55.9687189
          ],
          [
            -4.0178701,
            55.9682656
          ],
          [
            -4.0186123,
            55.9679675
          ]
        ]
      }
    },
    {
      "type": "Feature",
      "properties": {
        "name": "2012(1)T",
        "type": "Tracks",
        "notes": "",
        "section": "Cowlairs",
        "colour": "#FFEA00",
        "equipment_number": [
          {
            "number": "1468678",
            "label": "Track"
          }
        ]
      },
      "geometry": {
        "type": "LineString",
        "coordinates": [
          [
            -3.9954763,
            55.9742769
          ],
          [
            -3.998847,
            55.9730873
          ],
          [
            -4.0002257,
            55.972643
          ],
          [
            -4.0012055,
            55.9723544
          ]
        ]
      }
    },
    {
      "type": "Feature",
      "properties": {
        "name": "2012(2)T",
        "type": "Tracks",
        "notes": "",
        "section": "Cowlairs",
        "colour": "#0288D1",
        "equipment_number": [
          {
            "number": "1623221",
            "label": "Track"
          }
        ]
      },
      "geometry": {
        "type": "LineString",
        "coordinates": [
          [
            -3.9852279,
            55.9773555
          ],
          [
            -3.9881133,
            55.9765518
          ],
          [
            -3.990935,
            55.9757534
          ],
          [
            -3.9933972,
            55.974988
          ],
          [
            -3.9954763,
            55.9742769
          ]
        ]
      }
    },
    {
      "type": "Feature",
      "properties": {
        "name": "2010T",
        "type": "Tracks",
        "notes": "",
        "section": "Cowlairs",
        "colour": "#FFEA00",
        "equipment_number": [
          {
            "number": "487616",
            "label": "Track"
          }
        ]
      },
      "geometry": {
        "type": "LineString",
        "coordinates": [
          [
            -3.968393,
            55.9813713
          ],
          [
            -3.9695852,
            55.981222
          ],
          [
            -3.9703416,
            55.9811169
          ],
          [
            -3.9716425,
            55.9808888
          ],
          [
            -3.9729782,
            55.9806232
          ],
          [
            -3.9741289,
            55.9803651
          ],
          [
            -3.9754915,
            55.980026
          ],
          [
            -3.9774146,
            55.9795217
          ],
          [
            -3.9793163,
            55.978995
          ],
          [
            -3.9803087,
            55.9787144
          ],
          [
            -3.9821782,
            55.9781996
          ],
          [
            -3.9838975,
            55.9777149
          ],
          [
            -3.9852279,
            55.9773555
          ]
        ]
      }
    },
    {
      "type": "Feature",
      "properties": {
        "name": "2008(1)T",
        "type": "Tracks",
        "notes": "",
        "section": "Cowlairs",
        "colour": "#0288D1",
        "equipment_number": [
          {
            "number": "487613",
            "label": "Track"
          }
        ]
      },
      "geometry": {
        "type": "LineString",
        "coordinates": [
          [
            -3.9616254,
            55.9817681
          ],
          [
            -3.96265,
            55.9817561
          ],
          [
            -3.9636719,
            55.9817201
          ],
          [
            -3.9652088,
            55.981648
          ],
          [
            -3.9671346,
            55.9814995
          ],
          [
            -3.968393,
            55.9813713
          ]
        ]
      }
    },
    {
      "type": "Feature",
      "properties": {
        "name": "2008(2)T",
        "type": "Tracks",
        "notes": "",
        "section": "Cowlairs",
        "colour": "#FFEA00",
        "equipment_number": [
          {
            "number": "487612",
            "label": "Track"
          }
        ]
      },
      "geometry": {
        "type": "LineString",
        "coordinates": [
          [
            -3.9484832,
            55.9813121
          ],
          [
            -3.9495186,
            55.9812866
          ],
          [
            -3.9504466,
            55.9812776
          ],
          [
            -3.9520238,
            55.9812986
          ],
          [
            -3.9529894,
            55.9813226
          ],
          [
            -3.9537001,
            55.9813436
          ],
          [
            -3.9548964,
            55.9814037
          ],
          [
            -3.9562777,
            55.9815042
          ],
          [
            -3.9569268,
            55.9815522
          ],
          [
            -3.9588661,
            55.9816828
          ],
          [
            -3.9596466,
            55.9817188
          ],
          [
            -3.960749,
            55.9817548
          ],
          [
            -3.9616254,
            55.9817681
          ]
        ]
      }
    },
    {
      "type": "Feature",
      "properties": {
        "name": "2006(1)T",
        "type": "Tracks",
        "notes": "",
        "section": "Cowlairs",
        "colour": "#0288D1",
        "equipment_number": [
          {
            "number": "487601",
            "label": "Track"
          }
        ]
      },
      "geometry": {
        "type": "LineString",
        "coordinates": [
          [
            -3.9360558,
            55.982281
          ],
          [
            -3.9376892,
            55.9821399
          ],
          [
            -3.9412566,
            55.9818488
          ],
          [
            -3.9439817,
            55.9815907
          ],
          [
            -3.944958,
            55.9815127
          ],
          [
            -3.9466532,
            55.9814076
          ],
          [
            -3.9484832,
            55.9813121
          ]
        ]
      }
    },
    {
      "type": "Feature",
      "properties": {
        "name": "2006(2)T",
        "type": "Tracks",
        "notes": "",
        "section": "Cowlairs",
        "colour": "#FFEA00",
        "equipment_number": [
          {
            "number": "487609",
            "label": "Track"
          }
        ]
      },
      "geometry": {
        "type": "LineString",
        "coordinates": [
          [
            -3.9270841,
            55.9830362
          ],
          [
            -3.9286746,
            55.9829026
          ],
          [
            -3.9303483,
            55.9827661
          ],
          [
            -3.932596,
            55.982577
          ],
          [
            -3.9344816,
            55.9824045
          ],
          [
            -3.9360558,
            55.982281
          ]
        ]
      }
    },
    {
      "type": "Feature",
      "properties": {
        "name": "2005(1)T",
        "type": "Tracks",
        "notes": "",
        "section": "Cowlairs",
        "colour": "#7CB342",
        "equipment_number": [
          {
            "number": "487607",
            "label": "Track"
          }
        ]
      },
      "geometry": {
        "type": "LineString",
        "coordinates": [
          [
            -3.9161316,
            55.9839297
          ],
          [
            -3.9208201,
            55.9835336
          ],
          [
            -3.9236954,
            55.9832875
          ],
          [
            -3.9270804,
            55.9829994
          ]
        ]
      }
    },
    {
      "type": "Feature",
      "properties": {
        "name": "2045(1)T",
        "type": "Tracks",
        "notes": "",
        "section": "Cowlairs",
        "colour": "#A52714",
        "equipment_number": [
          {
            "number": "487654",
            "label": "Track"
          }
        ]
      },
      "geometry": {
        "type": "LineString",
        "coordinates": [
          [
            -4.0656403,
            55.9467527
          ],
          [
            -4.0671504,
            55.9461535
          ],
          [
            -4.0683306,
            55.9456488
          ],
          [
            -4.0699104,
            55.9449083
          ],
          [
            -4.0714393,
            55.9441228
          ],
          [
            -4.0734643,
            55.9430308
          ],
          [
            -4.0761553,
            55.9415705
          ]
        ]
      }
    },
    {
      "type": "Feature",
      "properties": {
        "name": "2039T",
        "type": "Tracks",
        "notes": "",
        "section": "Cowlairs",
        "colour": "#7CB342",
        "equipment_number": [
          {
            "number": "487659",
            "label": "Track"
          }
        ]
      },
      "geometry": {
        "type": "LineString",
        "coordinates": [
          [
            -4.0639232,
            55.947379
          ],
          [
            -4.0651087,
            55.9469585
          ],
          [
            -4.0656403,
            55.9467527
          ],
          [
            -4.0653528,
            55.9468579
          ],
          [
            -4.0646742,
            55.9470846
          ],
          [
            -4.0638883,
            55.947346
          ]
        ]
      }
    },
    {
      "type": "Feature",
      "properties": {
        "name": "2033T",
        "type": "Tracks",
        "notes": "",
        "section": "Cowlairs",
        "colour": "#A52714",
        "equipment_number": [
          {
            "number": "487638",
            "label": "Track"
          }
        ]
      },
      "geometry": {
        "type": "LineString",
        "coordinates": [
          [
            -4.0618667,
            55.9480027
          ],
          [
            -4.0638883,
            55.947346
          ]
        ]
      }
    },
    {
      "type": "Feature",
      "properties": {
        "name": "2035T",
        "type": "Tracks",
        "notes": "",
        "section": "Cowlairs",
        "colour": "#A52714",
        "equipment_number": [
          {
            "number": "1468610",
            "label": "Track"
          }
        ]
      },
      "geometry": {
        "type": "LineString",
        "coordinates": [
          [
            -4.0619056,
            55.9480328
          ],
          [
            -4.0639232,
            55.947379
          ]
        ]
      }
    },
    {
      "type": "Feature",
      "properties": {
        "name": "2031T",
        "type": "Tracks",
        "notes": "",
        "section": "Cowlairs",
        "colour": "#7CB342",
        "equipment_number": [
          {
            "number": "487663",
            "label": "Track"
          }
        ]
      },
      "geometry": {
        "type": "LineString",
        "coordinates": [
          [
            -4.0575677,
            55.9492398
          ],
          [
            -4.0585467,
            55.948998
          ],
          [
            -4.059979,
            55.948618
          ],
          [
            -4.0609419,
            55.9483297
          ],
          [
            -4.0619056,
            55.9480328
          ]
        ]
      }
    },
    {
      "type": "Feature",
      "properties": {
        "name": "2029T",
        "type": "Tracks",
        "notes": "",
        "section": "Cowlairs",
        "colour": "#7CB342",
        "equipment_number": [
          {
            "number": "487665",
            "label": "Track"
          }
        ]
      },
      "geometry": {
        "type": "LineString",
        "coordinates": [
          [
            -4.0575452,
            55.9492025
          ],
          [
            -4.0593798,
            55.9487399
          ],
          [
            -4.0606253,
            55.9483886
          ],
          [
            -4.0618667,
            55.9480027
          ]
        ]
      }
    },
    {
      "type": "Feature",
      "properties": {
        "name": "2027T",
        "type": "Tracks",
        "notes": "",
        "section": "Cowlairs",
        "colour": "#A52714",
        "equipment_number": [
          {
            "number": "487670",
            "label": "Track"
          }
        ]
      },
      "geometry": {
        "type": "LineString",
        "coordinates": [
          [
            -4.0535525,
            55.9501601
          ],
          [
            -4.0552396,
            55.9497741
          ],
          [
            -4.0565298,
            55.9494722
          ],
          [
            -4.0575677,
            55.9492398
          ],
          [
            -4.0565325,
            55.9494722
          ],
          [
            -4.0571413,
            55.949304
          ],
          [
            -4.0575452,
            55.9492025
          ]
        ]
      }
    },
    {
      "type": "Feature",
      "properties": {
        "name": "2025T",
        "type": "Tracks",
        "notes": "",
        "section": "Cowlairs",
        "colour": "#7CB342",
        "equipment_number": [
          {
            "number": "487668",
            "label": "Track"
          }
        ]
      },
      "geometry": {
        "type": "LineString",
        "coordinates": [
          [
            -4.0482265,
            55.9513586
          ],
          [
            -4.0535525,
            55.9501601
          ]
        ]
      }
    },
    {
      "type": "Feature",
      "properties": {
        "name": "2023T",
        "type": "Tracks",
        "notes": "",
        "section": "Cowlairs",
        "colour": "#A52714",
        "equipment_number": [
          {
            "number": "487673",
            "label": "Track"
          }
        ]
      },
      "geometry": {
        "type": "LineString",
        "coordinates": [
          [
            -4.0462523,
            55.9518121
          ],
          [
            -4.0472018,
            55.9515883
          ],
          [
            -4.0482265,
            55.9513586
          ]
        ]
      }
    },
    {
      "type": "Feature",
      "properties": {
        "name": "2021T",
        "type": "Tracks",
        "notes": "",
        "section": "Cowlairs",
        "colour": "#7CB342",
        "equipment_number": [
          {
            "number": "487667",
            "label": "Track"
          }
        ]
      },
      "geometry": {
        "type": "LineString",
        "coordinates": [
          [
            -4.0462523,
            55.9518121
          ],
          [
            -4.0449059,
            55.9521335
          ],
          [
            -4.0443185,
            55.9522821
          ],
          [
            -4.0431624,
            55.9525975
          ],
          [
            -4.0423846,
            55.9528363
          ],
          [
            -4.0417784,
            55.953033
          ]
        ]
      }
    },
    {
      "type": "Feature",
      "properties": {
        "name": "2019T",
        "type": "Tracks",
        "notes": "",
        "section": "Cowlairs",
        "colour": "#A52714",
        "equipment_number": [
          {
            "number": "487666",
            "label": "Track"
          }
        ]
      },
      "geometry": {
        "type": "LineString",
        "coordinates": [
          [
            -4.0417784,
            55.953033
          ],
          [
            -4.0409444,
            55.9533362
          ],
          [
            -4.0400835,
            55.9536681
          ],
          [
            -4.0391822,
            55.9540525
          ],
          [
            -4.0384661,
            55.9543814
          ],
          [
            -4.0379752,
            55.9546322
          ],
          [
            -4.0371008,
            55.9551007
          ],
          [
            -4.0363686,
            55.9555346
          ],
          [
            -4.0352743,
            55.9562103
          ],
          [
            -4.0348451,
            55.9565227
          ],
          [
            -4.0343999,
            55.9568605
          ],
          [
            -4.0330936,
            55.957865
          ]
        ]
      }
    },
    {
      "type": "Feature",
      "properties": {
        "name": "2017(2)T",
        "type": "Tracks",
        "notes": "",
        "section": "Cowlairs",
        "colour": "#7CB342",
        "equipment_number": [
          {
            "number": "487664",
            "label": "Track"
          }
        ]
      },
      "geometry": {
        "type": "LineString",
        "coordinates": [
          [
            -4.0330936,
            55.957865
          ],
          [
            -4.0318854,
            55.9588132
          ],
          [
            -4.0306838,
            55.9597351
          ],
          [
            -4.0264673,
            55.9629758
          ]
        ]
      }
    },
    {
      "type": "Feature",
      "properties": {
        "name": "2017(1)T",
        "type": "Tracks",
        "notes": "",
        "section": "Cowlairs",
        "colour": "#A52714",
        "equipment_number": [
          {
            "number": "487660",
            "label": "Track"
          }
        ]
      },
      "geometry": {
        "type": "LineString",
        "coordinates": [
          [
            -4.0264673,
            55.9629758
          ],
          [
            -4.0241558,
            55.9647796
          ],
          [
            -4.0235818,
            55.9652089
          ],
          [
            -4.022568,
            55.9658905
          ],
          [
            -4.0215541,
            55.9665165
          ],
          [
            -4.0207494,
            55.9669608
          ],
          [
            -4.0204034,
            55.967135
          ]
        ]
      }
    },
    {
      "type": "Feature",
      "properties": {
        "name": "2015T",
        "type": "Tracks",
        "notes": "",
        "section": "Cowlairs",
        "colour": "#7CB342",
        "equipment_number": [
          {
            "number": "487657",
            "label": "Track"
          }
        ]
      },
      "geometry": {
        "type": "LineString",
        "coordinates": [
          [
            -4.0068214,
            55.9709926
          ],
          [
            -4.0122717,
            55.9698398
          ],
          [
            -4.0134075,
            55.9695899
          ],
          [
            -4.0143624,
            55.969349
          ],
          [
            -4.0156485,
            55.9689797
          ],
          [
            -4.0165498,
            55.9686945
          ],
          [
            -4.0172887,
            55.9684378
          ],
          [
            -4.0180142,
            55.9681646
          ],
          [
            -4.0185896,
            55.9679319
          ],
          [
            -4.0195538,
            55.9675259
          ],
          [
            -4.0201774,
            55.9672392
          ],
          [
            -4.0204034,
            55.967135
          ]
        ]
      }
    },
    {
      "type": "Feature",
      "properties": {
        "name": "2013(2)T",
        "type": "Tracks",
        "notes": "",
        "section": "Cowlairs",
        "colour": "#A52714",
        "equipment_number": [
          {
            "number": "487628",
            "label": "Track"
          }
        ]
      },
      "geometry": {
        "type": "LineString",
        "coordinates": [
          [
            -3.9954545,
            55.9742435
          ],
          [
            -3.9965328,
            55.9738563
          ],
          [
            -3.9980536,
            55.9733084
          ],
          [
            -3.9987215,
            55.9730833
          ],
          [
            -3.9996549,
            55.9727816
          ],
          [
            -4.0002155,
            55.9726
          ],
          [
            -4.0010952,
            55.9723358
          ],
          [
            -4.0025409,
            55.9719636
          ],
          [
            -4.003292,
            55.971782
          ],
          [
            -4.0050327,
            55.9713992
          ],
          [
            -4.0068214,
            55.9709926
          ]
        ]
      }
    },
    {
      "type": "Feature",
      "properties": {
        "name": "2013(1)T",
        "type": "Tracks",
        "notes": "",
        "section": "Cowlairs",
        "colour": "#7CB342",
        "equipment_number": [
          {
            "number": "487644",
            "label": "Track"
          }
        ]
      },
      "geometry": {
        "type": "LineString",
        "coordinates": [
          [
            -3.9901395,
            55.9759488
          ],
          [
            -3.992685,
            55.9751774
          ],
          [
            -3.9938866,
            55.9747826
          ],
          [
            -3.9954545,
            55.9742435
          ]
        ]
      }
    },
    {
      "type": "Feature",
      "properties": {
        "name": "2011T",
        "type": "Tracks",
        "notes": "",
        "section": "Cowlairs",
        "colour": "#A52714",
        "equipment_number": [
          {
            "number": "487617",
            "label": "Track"
          }
        ]
      },
      "geometry": {
        "type": "LineString",
        "coordinates": [
          [
            -3.9735339,
            55.9804603
          ],
          [
            -3.9753685,
            55.9800281
          ],
          [
            -3.9771039,
            55.9795629
          ],
          [
            -3.9806846,
            55.9785754
          ],
          [
            -3.984201,
            55.9775894
          ],
          [
            -3.9871166,
            55.9767955
          ],
          [
            -3.9901395,
            55.9759488
          ]
        ]
      }
    },
    {
      "type": "Feature",
      "properties": {
        "name": "2009(2)T",
        "type": "Tracks",
        "notes": "",
        "section": "Cowlairs",
        "colour": "#7CB342",
        "equipment_number": [
          {
            "number": "487614",
            "label": "Track"
          }
        ]
      },
      "geometry": {
        "type": "LineString",
        "coordinates": [
          [
            -3.9735339,
            55.9804603
          ],
          [
            -3.9724397,
            55.980703
          ],
          [
            -3.9714204,
            55.9808951
          ],
          [
            -3.9702939,
            55.9810857
          ],
          [
            -3.9688965,
            55.9812747
          ],
          [
            -3.9680569,
            55.9813768
          ],
          [
            -3.9669116,
            55.9814893
          ],
          [
            -3.9657958,
            55.9815763
          ],
          [
            -3.9648973,
            55.9816379
          ],
          [
            -3.9636984,
            55.9816919
          ],
          [
            -3.9627784,
            55.9817294
          ],
          [
            -3.9616331,
            55.9817309
          ]
        ]
      }
    },
    {
      "type": "Feature",
      "properties": {
        "name": "2009(1)T",
        "type": "Tracks",
        "notes": "",
        "section": "Cowlairs",
        "colour": "#A52714",
        "equipment_number": [
          {
            "number": "487615",
            "label": "Track"
          }
        ]
      },
      "geometry": {
        "type": "LineString",
        "coordinates": [
          [
            -3.9616331,
            55.9817309
          ],
          [
            -3.9603198,
            55.9817097
          ],
          [
            -3.9586247,
            55.9816287
          ],
          [
            -3.9566345,
            55.9814906
          ],
          [
            -3.9549624,
            55.9813723
          ]
        ]
      }
    },
    {
      "type": "Feature",
      "properties": {
        "name": "2007(2)T",
        "type": "Tracks",
        "notes": "",
        "section": "Cowlairs",
        "colour": "#7CB342",
        "equipment_number": [
          {
            "number": "487618",
            "label": "Track"
          }
        ]
      },
      "geometry": {
        "type": "LineString",
        "coordinates": [
          [
            -3.9549624,
            55.9813723
          ],
          [
            -3.9540182,
            55.9813151
          ],
          [
            -3.9531975,
            55.9812896
          ],
          [
            -3.951961,
            55.981264
          ],
          [
            -3.950931,
            55.9812535
          ],
          [
            -3.9501371,
            55.9812505
          ],
          [
            -3.9493243,
            55.9812595
          ],
          [
            -3.9484902,
            55.9812745
          ]
        ]
      }
    },
    {
      "type": "Feature",
      "properties": {
        "name": "2007(1)T",
        "type": "Tracks",
        "notes": "",
        "section": "Cowlairs",
        "colour": "#A52714",
        "equipment_number": [
          {
            "number": "487611",
            "label": "Track"
          }
        ]
      },
      "geometry": {
        "type": "LineString",
        "coordinates": [
          [
            -3.9484902,
            55.9812745
          ],
          [
            -3.9475208,
            55.9813249
          ],
          [
            -3.9460429,
            55.981415
          ],
          [
            -3.9449324,
            55.98149
          ],
          [
            -3.9413329,
            55.9817991
          ],
          [
            -3.9360517,
            55.9822526
          ]
        ]
      }
    },
    {
      "type": "Feature",
      "properties": {
        "name": "2005(2)T",
        "type": "Tracks",
        "notes": "",
        "section": "Cowlairs",
        "colour": "#7CB342",
        "equipment_number": [
          {
            "number": "1623595",
            "label": "Track"
          }
        ]
      },
      "geometry": {
        "type": "LineString",
        "coordinates": [
          [
            -3.9360517,
            55.9822526
          ],
          [
            -3.9324472,
            55.9825606
          ],
          [
            -3.9285097,
            55.9828832
          ],
          [
            -3.9270804,
            55.9829994
          ]
        ]
      }
    }
  ]
}
