{"type":"FeatureCollection","features":[{"type":"Feature","properties":{"name":"2182 (X)","type":"Tracks","notes":"","section":"Cowlairs","colour":"#0288d1","equipment_number":[{"number":"18262971","label":"Axle Counter"},{"number":"18262969","label":"Axle Counter"}]},"geometry":{"type":"LineString","coordinates":[[-4.2468776,55.8693804],[-4.2478378,55.8679567]]}},{"type":"Feature","properties":{"name":"2181 (X)","type":"Tracks","notes":"","section":"Cowlairs","colour":"#a52714","equipment_number":[{"number":"18262972","label":"Axle Counter"},{"number":"18262970","label":"Axle Counter"}]},"geometry":{"type":"LineString","coordinates":[[-4.2477922,55.8679477],[-4.2468293,55.8693699]]}},{"type":"Feature","properties":{"name":"2180 (X)","type":"Tracks","notes":"","section":"Cowlairs","colour":"#ffd600","equipment_number":[{"number":"18262973","label":"Axle Counter"},{"number":"18262971","label":"Axle Counter"}]},"geometry":{"type":"LineString","coordinates":[[-4.2468776,55.8693804],[-4.2449657,55.8722412]]}},{"type":"Feature","properties":{"name":"2179 (X)","type":"Tracks","notes":"","section":"Cowlairs","colour":"#7cb342","equipment_number":[{"number":"18262974","label":"Axle Counter"},{"number":"18262972","label":"Axle Counter"}]},"geometry":{"type":"LineString","coordinates":[[-4.2449161,55.8722275],[-4.2468293,55.8693699]]}},{"type":"Feature","properties":{"name":"2183 (X)","type":"Tracks","notes":"","section":"Cowlairs","colour":"#7cb342","equipment_number":[{"number":"18262970","label":"Axle Counter"},{"number":"18262968","label":"Axle Counter"}]},"geometry":{"type":"LineString","coordinates":[[-4.2485493,55.8669225],[-4.2477922,55.8679477]]}},{"type":"Feature","properties":{"name":"2184 (X)","type":"Tracks","notes":"","section":"Cowlairs","colour":"#ffd600","equipment_number":[{"number":"18262969","label":"Axle Counter"},{"number":"18262967","label":"Axle Counter"}]},"geometry":{"type":"LineString","coordinates":[[-4.2485923,55.8669355],[-4.2478378,55.8679567]]}},{"type":"Feature","properties":{"name":"2186 (X)","type":"Tracks","notes":"","section":"Cowlairs","colour":"#0288d1","equipment_number":[{"number":"18262967","label":"Axle Counter"},{"number":"18262965","label":"Axle Counter"}]},"geometry":{"type":"LineString","coordinates":[[-4.2489812,55.8663662],[-4.2485923,55.8669355]]}},{"type":"Feature","properties":{"name":"2185 (X)","type":"Tracks","notes":"","section":"Cowlairs","colour":"#a52714","equipment_number":[{"number":"18262968","label":"Axle Counter"},{"number":"18262966","label":"Axle Counter"}]},"geometry":{"type":"LineString","coordinates":[[-4.248937,55.8663508],[-4.2485493,55.8669225]]}},{"type":"Feature","properties":{"name":"2189 (X)","type":"Tracks","notes":"","section":"Cowlairs","colour":"#7cb342","equipment_number":[{"number":"18262964","label":"Axle Counter"},{"number":"18262960","label":"Axle Counter"},{"number":"18262966","label":"Axle Counter"},{"number":"18262959","label":"Axle Counter"}]},"geometry":{"type":"LineString","coordinates":[[-4.2492051,55.8659978],[-4.248937,55.8663508],[-4.2497202,55.8651858],[-4.2496061,55.8653717],[-4.2497202,55.8651858],[-4.2502043,55.8644438]]}},{"type":"Feature","properties":{"name":"2190 (X)","type":"Tracks","notes":"","section":"Cowlairs","colour":"#ffd600","equipment_number":[{"number":"18262963","label":"Axle Counter"},{"number":"18262965","label":"Axle Counter"},{"number":"18262962","label":"Axle Counter"}]},"geometry":{"type":"LineString","coordinates":[[-4.2489825,55.8663654],[-4.2494546,55.8656772],[-4.2492051,55.8659978]]}},{"type":"Feature","properties":{"name":"2192 (X)","type":"Tracks","notes":"","section":"Cowlairs","colour":"#0288d1","equipment_number":[{"number":"18262961","label":"Axle Counter"},{"number":"18262962","label":"Axle Counter"},{"number":"18262958","label":"Axle Counter"}]},"geometry":{"type":"LineString","coordinates":[[-4.2502659,55.8644566],[-4.2494546,55.8656772],[-4.2496061,55.8653792]]}},{"type":"Feature","properties":{"name":"2209 (X)","type":"Tracks","notes":"","section":"Cowlairs","colour":"#0288d1","equipment_number":[{"number":"18262948","label":"Axle Counter"}]},"geometry":{"type":"LineString","coordinates":[[-4.251631,55.862716],[-4.2514299,55.8632263],[-4.2512797,55.8634249],[-4.2511295,55.8635815]]}},{"type":"Feature","properties":{"name":"2208 (X)","type":"Tracks","notes":"","section":"Cowlairs","colour":"#0288d1","equipment_number":[{"number":"18262949","label":"Axle Counter"}]},"geometry":{"type":"LineString","coordinates":[[-4.2516049,55.8621194],[-4.2511677,55.8632197],[-4.2510684,55.8634063]]}},{"type":"Feature","properties":{"name":"2203 (X)","type":"Tracks","notes":"","section":"Cowlairs","colour":"#7cb342","equipment_number":[{"number":"18262950","label":"Axle Counter"}]},"geometry":{"type":"LineString","coordinates":[[-4.2507021,55.863857],[-4.2508121,55.8637133],[-4.2509529,55.8635078],[-4.251087,55.863261],[-4.2515242,55.8621125]]}},{"type":"Feature","properties":{"name":"2206 (X)","type":"Tracks","notes":"","section":"Cowlairs","colour":"#0288d1","equipment_number":[{"number":"18262951","label":"Axle Counter"}]},"geometry":{"type":"LineString","coordinates":[[-4.250556,55.8639142],[-4.2506579,55.863708],[-4.2508027,55.8633859],[-4.2508886,55.8631947],[-4.2513097,55.8620854]]}},{"type":"Feature","properties":{"name":"2213 (X)","type":"Tracks","notes":"","section":"Cowlairs","colour":"#7cb342","equipment_number":[{"number":"18262952","label":"Axle Counter"}]},"geometry":{"type":"LineString","coordinates":[[-4.2506311,55.8636328],[-4.2508416,55.8631888],[-4.2512533,55.8620824]]}},{"type":"Feature","properties":{"name":"2198 (X)","type":"Tracks","notes":"","section":"Cowlairs","colour":"#0288d1","equipment_number":[{"number":"18262953","label":"Axle Counter"}]},"geometry":{"type":"LineString","coordinates":[[-4.2505506,55.8636297],[-4.2505908,55.8634416],[-4.2506445,55.8632399],[-4.2506659,55.8631616],[-4.2510897,55.8620583]]}},{"type":"Feature","properties":{"name":"2195 (X)","type":"Tracks","notes":"","section":"Cowlairs","colour":"#7cb342","equipment_number":[{"number":"18262954","label":"Axle Counter"}]},"geometry":{"type":"LineString","coordinates":[[-4.250384,55.8639874],[-4.2506013,55.8631686],[-4.2510224,55.8620457]]}},{"type":"Feature","properties":{"name":"2194 (X)","type":"Tracks","notes":"","section":"Cowlairs","colour":"#ffd600","equipment_number":[{"number":"18262958","label":"Axle Counter"},{"number":"18262950","label":"Axle Counter"},{"number":"18262955","label":"Axle Counter"},{"number":"18262949","label":"Axle Counter"},{"number":"18262948","label":"Axle Counter"}]},"geometry":{"type":"LineString","coordinates":[[-4.2502659,55.8644566],[-4.2503628,55.8643441],[-4.250556,55.8639142],[-4.2503628,55.8643441],[-4.2504677,55.864224],[-4.2507021,55.863857],[-4.2504677,55.864224],[-4.2506722,55.8639929],[-4.2508931,55.8636974],[-4.2510684,55.8634063],[-4.2508931,55.8636974],[-4.2506722,55.8639929],[-4.2511295,55.8635815]]}},{"type":"Feature","properties":{"name":"2193 (X)","type":"Tracks","notes":"","section":"Cowlairs","colour":"#a52714","equipment_number":[{"number":"18262957","label":"Axle Counter"},{"number":"18262959","label":"Axle Counter"},{"number":"18262954","label":"Axle Counter"},{"number":"18262953","label":"Axle Counter"},{"number":"18262952","label":"Axle Counter"}]},"geometry":{"type":"LineString","coordinates":[[-4.2502043,55.8644438],[-4.2502564,55.864353],[-4.250384,55.8639874],[-4.2502564,55.864353],[-4.2504117,55.8640868],[-4.2505506,55.8636297],[-4.2504117,55.8640868],[-4.2506311,55.8636328]]}},{"type":"Feature","properties":{"name":"2178T","type":"Tracks","notes":"","section":"Cowlairs","colour":"#0288d1","equipment_number":[{"number":"18262973","label":"Axle Counter"},{"number":"487872","label":"Track"}]},"geometry":{"type":"LineString","coordinates":[[-4.2438421,55.8739105],[-4.2449657,55.8722412]]}},{"type":"Feature","properties":{"name":"2177T","type":"Tracks","notes":"","section":"Cowlairs","colour":"#a52714","equipment_number":[{"number":"18262974","label":"Axle Counter"},{"number":"488351","label":"Track"}]},"geometry":{"type":"LineString","coordinates":[[-4.2449161,55.8722275],[-4.2437844,55.8739035]]}},{"type":"Feature","properties":{"name":"2176T","type":"Tracks","notes":"","section":"Cowlairs","colour":"#ffd600","equipment_number":[{"number":"487434","label":"Track"}]},"geometry":{"type":"LineString","coordinates":[[-4.2426173,55.8757158],[-4.2438421,55.8739105]]}},{"type":"Feature","properties":{"name":"2175T","type":"Tracks","notes":"","section":"Cowlairs","colour":"#7cb342","equipment_number":[{"number":"488019","label":"Track"}]},"geometry":{"type":"LineString","coordinates":[[-4.2425612,55.8757047],[-4.2437844,55.8739035]]}},{"type":"Feature","properties":{"name":"2174T","type":"Tracks","notes":"","section":"Cowlairs","colour":"#0288d1","equipment_number":[{"number":"487579","label":"Track"}]},"geometry":{"type":"LineString","coordinates":[[-4.2413947,55.8775147],[-4.2426173,55.8757158]]}},{"type":"Feature","properties":{"name":"2173T","type":"Tracks","notes":"","section":"Cowlairs","colour":"#a52714","equipment_number":[{"number":"487578","label":"Track"}]},"geometry":{"type":"LineString","coordinates":[[-4.2425612,55.8757047],[-4.2413357,55.877502]]}},{"type":"Feature","properties":{"name":"2172T","type":"Tracks","notes":"","section":"Cowlairs","colour":"#ffd600","equipment_number":[{"number":"487576","label":"Track"}]},"geometry":{"type":"LineString","coordinates":[[-4.2407858,55.8783562],[-4.2411216,55.8779072],[-4.2413947,55.8775147],[-4.2411216,55.8779072],[-4.240008,55.8795478]]}},{"type":"Feature","properties":{"name":"2171T","type":"Tracks","notes":"","section":"Cowlairs","colour":"#7cb342","equipment_number":[{"number":"487577","label":"Track"}]},"geometry":{"type":"LineString","coordinates":[[-4.2413357,55.877502],[-4.2405149,55.8787109],[-4.2407858,55.8783562],[-4.2405176,55.8787124],[-4.2400724,55.8793518]]}},{"type":"Feature","properties":{"name":"2168T","type":"Tracks","notes":"","section":"Cowlairs","colour":"#0288d1","equipment_number":[{"number":"487574","label":"Track"}]},"geometry":{"type":"LineString","coordinates":[[-4.240008,55.8795478],[-4.2396174,55.8801237],[-4.239081,55.8809376],[-4.2389791,55.8811362],[-4.2388986,55.8812957]]}},{"type":"Feature","properties":{"name":"2167T","type":"Tracks","notes":"","section":"Cowlairs","colour":"#a52714","equipment_number":[{"number":"487575","label":"Track"}]},"geometry":{"type":"LineString","coordinates":[[-4.2388557,55.8812912],[-4.2389737,55.8810294],[-4.2391186,55.8807827],[-4.2400724,55.8793518],[-4.2396765,55.8799522],[-4.2391051,55.8807089],[-4.2388624,55.8810829],[-4.2387135,55.8813499],[-4.2388624,55.8810829],[-4.2391051,55.8807089],[-4.2386277,55.8813348]]}},{"type":"Feature","properties":{"name":"2164T","type":"Tracks","notes":"","section":"Cowlairs","colour":"#ffd600","equipment_number":[{"number":"487572","label":"Track"}]},"geometry":{"type":"LineString","coordinates":[[-4.2388986,55.8812957],[-4.2387541,55.8816824],[-4.2386736,55.8821036],[-4.2386468,55.882549],[-4.2386575,55.8828679],[-4.2386897,55.8831267]]}},{"type":"Feature","properties":{"name":"2163T","type":"Tracks","notes":"","section":"Cowlairs","colour":"#7cb342","equipment_number":[{"number":"487564","label":"Track"}]},"geometry":{"type":"LineString","coordinates":[[-4.2386414,55.8831297],[-4.2385985,55.8828859],[-4.2385878,55.8827175],[-4.2385878,55.8825279],[-4.2385985,55.8822541],[-4.2386468,55.8819502],[-4.2387165,55.8816343],[-4.2388557,55.8812912]]}},{"type":"Feature","properties":{"name":"2161T","type":"Tracks","notes":"","section":"Cowlairs","colour":"#7cb342","equipment_number":[{"number":"487581","label":"Track"}]},"geometry":{"type":"LineString","coordinates":[[-4.238558,55.8831848],[-4.2384775,55.8829606],[-4.2384185,55.8827154],[-4.238389,55.8825093],[-4.2383864,55.8822746],[-4.2384078,55.8820324],[-4.2384226,55.8819196],[-4.2384722,55.8817887],[-4.2387135,55.8813499]]}},{"type":"Feature","properties":{"name":"2159T","type":"Tracks","notes":"","section":"Cowlairs","colour":"#a52714","equipment_number":[{"number":"487569","label":"Track"}]},"geometry":{"type":"LineString","coordinates":[[-4.2392238,55.885017],[-4.2389824,55.8844318],[-4.2388161,55.8839467],[-4.2390213,55.8844612],[-4.2388174,55.8839459],[-4.2387262,55.8836142],[-4.238558,55.8831848],[-4.2387262,55.883615],[-4.2386414,55.8831297]]}},{"type":"Feature","properties":{"name":"2160T","type":"Tracks","notes":"","section":"Cowlairs","colour":"#0288d1","equipment_number":[{"number":"487570","label":"Track"}]},"geometry":{"type":"LineString","coordinates":[[-4.2392626,55.8849692],[-4.2391888,55.8848128],[-4.2390213,55.8844612],[-4.2391902,55.8848143],[-4.2390426,55.884445],[-4.2388965,55.8840426],[-4.2387865,55.8836273],[-4.2386897,55.8831267]]}},{"type":"Feature","properties":{"name":"2158T","type":"Tracks","notes":"","section":"Cowlairs","colour":"#ffd600","equipment_number":[{"number":"1468594","label":"Track"}]},"geometry":{"type":"LineString","coordinates":[[-4.2399372,55.8864096],[-4.2395456,55.8855657],[-4.2396944,55.8859658],[-4.2395469,55.8855672],[-4.2392626,55.8849692]]}},{"type":"Feature","properties":{"name":"2157T","type":"Tracks","notes":"","section":"Cowlairs","colour":"#7cb342","equipment_number":[{"number":"487567","label":"Track"}]},"geometry":{"type":"LineString","coordinates":[[-4.2400013,55.8866742],[-4.2399504,55.8865629],[-4.2400255,55.8866735],[-4.2399531,55.8865644],[-4.2397869,55.8862119],[-4.2396944,55.8859658],[-4.2397869,55.8862119],[-4.2392238,55.885017],[-4.2397869,55.8862119],[-4.2399504,55.8865644],[-4.2397988,55.8863854],[-4.2396929,55.8862715],[-4.2395708,55.8861575]]}},{"type":"Feature","properties":{"name":"2156T","type":"Tracks","notes":"","section":"Cowlairs","colour":"#0288d1","equipment_number":[{"number":"487566","label":"Track"}]},"geometry":{"type":"LineString","coordinates":[[-4.2399372,55.8864096],[-4.2402001,55.8869788],[-4.2400255,55.8866735]]}},{"type":"Feature","properties":{"name":"2665T","type":"Tracks","notes":"","section":"Cowlairs","colour":"#7cb342","equipment_number":[{"number":"488366","label":"Track"}]},"geometry":{"type":"LineString","coordinates":[[-4.2381003,55.8819946],[-4.2382398,55.8818427],[-4.2386277,55.8813348]]}},{"type":"Feature","properties":{"name":"2663T","type":"Tracks","notes":"","section":"Cowlairs","colour":"#a52714","equipment_number":[{"number":"487433","label":"Track"}]},"geometry":{"type":"LineString","coordinates":[[-4.2350225,55.8828788],[-4.2353793,55.8828818],[-4.2356368,55.8828757],[-4.2359345,55.8828517],[-4.2363073,55.8827975],[-4.236548,55.8827456],[-4.2367888,55.8826847],[-4.2370027,55.8826207],[-4.237238,55.8825327],[-4.2374724,55.8824215],[-4.2377067,55.8822923],[-4.2379035,55.8821585],[-4.2381003,55.8819946]]}},{"type":"Feature","properties":{"name":"2604T","type":"Tracks","notes":"","section":"Cowlairs","colour":"#ffd600","equipment_number":[{"number":"488336","label":"Track"}]},"geometry":{"type":"LineString","coordinates":[[-4.2391809,55.8858714],[-4.2390092,55.8857015],[-4.2387759,55.8855255],[-4.2390092,55.8857015],[-4.2394169,55.8860189],[-4.2395708,55.8861575]]}},{"type":"Feature","properties":{"name":"2606T","type":"Tracks","notes":"","section":"Cowlairs","colour":"#0288d1","equipment_number":[{"number":"488357","label":"Track"}]},"geometry":{"type":"LineString","coordinates":[[-4.2381214,55.8850689],[-4.2387759,55.8855255]]}},{"type":"Feature","properties":{"name":"2608T","type":"Tracks","notes":"","section":"Cowlairs","colour":"#ffd600","equipment_number":[{"number":"1468596","label":"Track"}]},"geometry":{"type":"LineString","coordinates":[[-4.2363241,55.883996],[-4.2370832,55.8844473],[-4.237566,55.8847286],[-4.2379737,55.8849738],[-4.2381214,55.8850689]]}},{"type":"Feature","properties":{"name":"2610T","type":"Tracks","notes":"","section":"Cowlairs","colour":"#0288d1","equipment_number":[{"number":"488341","label":"Track"}]},"geometry":{"type":"LineString","coordinates":[[-4.2344956,55.8829653],[-4.2347236,55.8830751],[-4.234914,55.8831729],[-4.2352117,55.8833444],[-4.2363241,55.883996]]}},{"type":"Feature","properties":{"name":"2612T","type":"Tracks","notes":"","section":"Cowlairs","colour":"#ffd600","equipment_number":[{"number":"487429","label":"Track"}]},"geometry":{"type":"LineString","coordinates":[[-4.2344956,55.8829653],[-4.2342048,55.8828473],[-4.2338414,55.8827059]]}},{"type":"Feature","properties":{"name":"2614T","type":"Tracks","notes":"","section":"Cowlairs","colour":"#0288d1","equipment_number":[{"number":"487428","label":"Track"}]},"geometry":{"type":"LineString","coordinates":[[-4.2338677,55.8826758],[-4.233291,55.8825058],[-4.2330496,55.8824381],[-4.233291,55.8825058],[-4.2338414,55.8827059]]}},{"type":"Feature","properties":{"name":"2661T","type":"Tracks","notes":"","section":"Cowlairs","colour":"#7cb342","equipment_number":[{"number":"487431","label":"Track"}]},"geometry":{"type":"LineString","coordinates":[[-4.2338677,55.8826758],[-4.2341267,55.8827477],[-4.2344351,55.8828139],[-4.2347114,55.88285],[-4.2350225,55.8828788]]}},{"type":"Feature","properties":{"name":"2616T","type":"Tracks","notes":"","section":"Cowlairs","colour":"#ffd600","equipment_number":[{"number":"487418","label":"Track"}]},"geometry":{"type":"LineString","coordinates":[[-4.2330496,55.8824381],[-4.2328343,55.8823778],[-4.2325608,55.8823116],[-4.2323033,55.8822529],[-4.2321665,55.8822228],[-4.2318661,55.8821732],[-4.2321718,55.8822243],[-4.2317454,55.8821311],[-4.2313645,55.8820528],[-4.2306805,55.8819009]]}},{"type":"Feature","properties":{"name":"2618T","type":"Tracks","notes":"","section":"Cowlairs","colour":"#0288d1","equipment_number":[{"number":"487435","label":"Track"}]},"geometry":{"type":"LineString","coordinates":[[-4.2306805,55.8819009],[-4.2304338,55.8818414],[-4.2301119,55.8817557],[-4.2296184,55.8816037],[-4.228575,55.8812743]]}},{"type":"Feature","properties":{"name":"2617T","type":"Tracks","notes":"","section":"Cowlairs","colour":"#a52714","equipment_number":[{"number":"487426","label":"Track"}]},"geometry":{"type":"LineString","coordinates":[[-4.2284582,55.8812739],[-4.2297604,55.8816809],[-4.2302088,55.8818158],[-4.2306635,55.8819309]]}},{"type":"Feature","properties":{"name":"2615T","type":"Tracks","notes":"","section":"Cowlairs","colour":"#7cb342","equipment_number":[{"number":"487430","label":"Track"}]},"geometry":{"type":"LineString","coordinates":[[-4.2330467,55.8824943],[-4.2328388,55.8824297],[-4.2325491,55.8823514],[-4.2320851,55.8822393],[-4.2314802,55.8821092],[-4.2318661,55.8821732],[-4.2314789,55.8821092],[-4.2306635,55.8819309]]}},{"type":"Feature","properties":{"name":"2611T","type":"Tracks","notes":"","section":"Cowlairs","colour":"#a52714","equipment_number":[{"number":"487432","label":"Track"}]},"geometry":{"type":"LineString","coordinates":[[-4.2344384,55.8830058],[-4.2341139,55.8828659],[-4.233851,55.8827606],[-4.2336391,55.8826884],[-4.2332824,55.882562],[-4.2330467,55.8824943]]}},{"type":"Feature","properties":{"name":"2609T","type":"Tracks","notes":"","section":"Cowlairs","colour":"#7cb342","equipment_number":[{"number":"10154116","label":"Track"}]},"geometry":{"type":"LineString","coordinates":[[-4.2362784,55.8840198],[-4.2355864,55.8836151],[-4.235168,55.8833744],[-4.2348702,55.8832165],[-4.234594,55.8830796],[-4.2344384,55.8830058]]}},{"type":"Feature","properties":{"name":"2607T","type":"Tracks","notes":"","section":"Cowlairs","colour":"#a52714","equipment_number":[{"number":"10154117","label":"Track"}]},"geometry":{"type":"LineString","coordinates":[[-4.2380688,55.8850879],[-4.2377315,55.8848728],[-4.2373835,55.8846622],[-4.2362784,55.8840198]]}},{"type":"Feature","properties":{"name":"2605T","type":"Tracks","notes":"","section":"Cowlairs","colour":"#7cb342","equipment_number":[{"number":"488339","label":"Track"}]},"geometry":{"type":"LineString","coordinates":[[-4.2388069,55.8856077],[-4.2385655,55.8854272],[-4.2383777,55.8852948],[-4.2380688,55.8850879]]}},{"type":"Feature","properties":{"name":"2603T","type":"Tracks","notes":"","section":"Cowlairs","colour":"#a52714","equipment_number":[{"number":"488334","label":"Track"}]},"geometry":{"type":"LineString","coordinates":[[-4.2388069,55.8856077],[-4.2393648,55.8860485],[-4.2394908,55.8861553],[-4.2393621,55.88605],[-4.2391809,55.8858714]]}},{"type":"Feature","properties":{"name":"2601T","type":"Tracks","notes":"","section":"Cowlairs","colour":"#7cb342","equipment_number":[{"number":"487565","label":"Track"}]},"geometry":{"type":"LineString","coordinates":[[-4.2398342,55.8865058],[-4.239566,55.8862284],[-4.2394908,55.8861553],[-4.239566,55.8862284],[-4.2397188,55.886396],[-4.2398529,55.8866382],[-4.2400917,55.8870413]]}},{"type":"Feature","properties":{"name":"2155T","type":"Tracks","notes":"","section":"Cowlairs","colour":"#a52714","equipment_number":[{"number":"488335","label":"Track"}]},"geometry":{"type":"LineString","coordinates":[[-4.2398342,55.8865058],[-4.2399978,55.8867239],[-4.2401024,55.8868999],[-4.2400013,55.8866742],[-4.2401051,55.8869029],[-4.2401426,55.8869887]]}},{"type":"Feature","properties":{"name":"2151T","type":"Tracks","notes":"","section":"Cowlairs","colour":"#7cb342","equipment_number":[{"number":"487590","label":"Track"}]},"geometry":{"type":"LineString","coordinates":[[-4.2403834,55.8876203],[-4.2403324,55.8874172],[-4.2404451,55.8876955],[-4.2405256,55.8879286],[-4.2404451,55.8876955],[-4.2403324,55.8874172],[-4.2402037,55.8871224],[-4.2401426,55.8869887],[-4.2402037,55.8871224],[-4.2402895,55.8872562]]}},{"type":"Feature","properties":{"name":"2149T","type":"Tracks","notes":"","section":"Cowlairs","colour":"#0288d1","equipment_number":[{"number":"487592","label":"Track"}]},"geometry":{"type":"LineString","coordinates":[[-4.2400917,55.8870413],[-4.2404263,55.8878241],[-4.2404679,55.8879557],[-4.2404263,55.8878241],[-4.2403834,55.8876203]]}},{"type":"Feature","properties":{"name":"2154T","type":"Tracks","notes":"","section":"Cowlairs","colour":"#ffd600","equipment_number":[{"number":"1110354","label":"Track"}]},"geometry":{"type":"LineString","coordinates":[[-4.240325,55.8872587],[-4.2402001,55.8869788],[-4.2402835,55.8871632],[-4.2403867,55.8873084],[-4.2404511,55.8873956],[-4.240541,55.8875057]]}},{"type":"Feature","properties":{"name":"2554T","type":"Tracks","notes":"","section":"Cowlairs","colour":"#0288d1","equipment_number":[{"number":"487535","label":"Track"}]},"geometry":{"type":"LineString","coordinates":[[-4.2438807,55.8886596],[-4.243633,55.8886534],[-4.2434855,55.8886474],[-4.2432146,55.8886248],[-4.2429785,55.8885932],[-4.2426781,55.8885466],[-4.2423911,55.8884804],[-4.2421631,55.8884203],[-4.24197,55.8883571],[-4.2417608,55.8882804],[-4.2414926,55.8881675],[-4.2413102,55.8880773],[-4.241109,55.887963],[-4.240932,55.8878487],[-4.2408006,55.8877524],[-4.2406396,55.8876065],[-4.240541,55.8875057]]}},{"type":"Feature","properties":{"name":"2552T","type":"Tracks","notes":"","section":"Cowlairs","colour":"#ffd600","equipment_number":[{"number":"1468766","label":"Track"}]},"geometry":{"type":"LineString","coordinates":[[-4.2447282,55.8886536],[-4.2438807,55.8886596]]}},{"type":"Feature","properties":{"name":"2511T","type":"Tracks","notes":"","section":"Cowlairs","colour":"#a52714","equipment_number":[{"number":"487531","label":"Track"}]},"geometry":{"type":"LineString","coordinates":[[-4.2457383,55.8886581],[-4.2455626,55.8886551],[-4.2451629,55.8886686],[-4.2455626,55.8886566],[-4.245171,55.8886506],[-4.2447282,55.8886536]]}},{"type":"Feature","properties":{"name":"2508T","type":"Tracks","notes":"","section":"Cowlairs","colour":"#0288d1","equipment_number":[{"number":"1468760","label":"Track"}]},"geometry":{"type":"LineString","coordinates":[[-4.2457396,55.8886904],[-4.2454405,55.8886836],[-4.2448383,55.8886806],[-4.2441779,55.8886919],[-4.2437528,55.888688],[-4.2435933,55.8886827],[-4.243277,55.8886629],[-4.2435933,55.8886827],[-4.2437528,55.888688],[-4.2441779,55.8886919],[-4.2438631,55.8887111],[-4.2436073,55.8887362],[-4.2438631,55.8887111],[-4.2441779,55.8886919],[-4.2448383,55.8886806],[-4.2451629,55.8886686]]}},{"type":"Feature","properties":{"name":"2506T","type":"Tracks","notes":"","section":"Cowlairs","colour":"#a52714","equipment_number":[{"number":"487530","label":"Track"}]},"geometry":{"type":"LineString","coordinates":[[-4.2429281,55.8888657],[-4.2431856,55.8888047],[-4.2434284,55.8887566],[-4.2436073,55.8887362]]}},{"type":"Feature","properties":{"name":"2504T","type":"Tracks","notes":"","section":"Cowlairs","colour":"#7cb342","equipment_number":[{"number":"1468607","label":"Track"}]},"geometry":{"type":"LineString","coordinates":[[-4.2429281,55.8888657],[-4.2426478,55.8889461],[-4.2424252,55.8890259],[-4.2422147,55.8891153],[-4.2420135,55.8892206],[-4.24176,55.8893726],[-4.2415897,55.8894989],[-4.2414194,55.8896471],[-4.2412772,55.8898035],[-4.2411753,55.8899314],[-4.2410801,55.8900742]]}},{"type":"Feature","properties":{"name":"2502T","type":"Tracks","notes":"","section":"Cowlairs","colour":"#a52714","equipment_number":[{"number":"487594","label":"Track"}]},"geometry":{"type":"LineString","coordinates":[[-4.2409361,55.8904671],[-4.2410206,55.8902031],[-4.2410801,55.8900742]]}},{"type":"Feature","properties":{"name":"2553T","type":"Tracks","notes":"","section":"Cowlairs","colour":"#a52714","equipment_number":[{"number":"487553","label":"Track"}]},"geometry":{"type":"LineString","coordinates":[[-4.2410041,55.8879482],[-4.2413045,55.8881197],[-4.2415352,55.888231],[-4.2417873,55.8883333],[-4.2420609,55.8884236],[-4.2423506,55.8885108],[-4.2425973,55.8885619],[-4.2428978,55.8886161],[-4.2431123,55.8886462],[-4.243277,55.8886629]]}},{"type":"Feature","properties":{"name":"2555T","type":"Tracks","notes":"","section":"Cowlairs","colour":"#7cb342","equipment_number":[{"number":"1468724","label":"Track"}]},"geometry":{"type":"LineString","coordinates":[[-4.2405153,55.8875526],[-4.2406158,55.8876587],[-4.2407325,55.8877647],[-4.2409444,55.8879106],[-4.2410041,55.8879482]]}},{"type":"Feature","properties":{"name":"2152T","type":"Tracks","notes":"","section":"Cowlairs","colour":"#0288d1","equipment_number":[{"number":"487573","label":"Track"}]},"geometry":{"type":"LineString","coordinates":[[-4.2405153,55.8875526],[-4.2403704,55.8873673],[-4.2402895,55.8872562],[-4.2403704,55.8873673],[-4.240325,55.8872587],[-4.2403731,55.8873666],[-4.2405931,55.8879449]]}},{"type":"Feature","properties":{"name":"2146T","type":"Tracks","notes":"","section":"Cowlairs","colour":"#ffd600","equipment_number":[{"number":"487597","label":"Track"}]},"geometry":{"type":"LineString","coordinates":[[-4.2407628,55.8885878],[-4.2406985,55.8883035],[-4.2405931,55.8879449]]}},{"type":"Feature","properties":{"name":"2145T","type":"Tracks","notes":"","section":"Cowlairs","colour":"#a52714","equipment_number":[{"number":"1468593","label":"Track"}]},"geometry":{"type":"LineString","coordinates":[[-4.2407038,55.8885878],[-4.240618,55.8882283],[-4.2405256,55.8879286]]}},{"type":"Feature","properties":{"name":"2141T","type":"Tracks","notes":"","section":"Cowlairs","colour":"#ffd600","equipment_number":[{"number":"1468592","label":"Track"}]},"geometry":{"type":"LineString","coordinates":[[-4.2406153,55.8885878],[-4.2405697,55.8883231],[-4.2405416,55.8881717],[-4.2404679,55.8879557],[-4.2405027,55.8881787],[-4.2404679,55.8879557]]}},{"type":"Feature","properties":{"name":"2143T","type":"Tracks","notes":"","section":"Cowlairs","colour":"#a52714","equipment_number":[{"number":"487598","label":"Track"}]},"geometry":{"type":"LineString","coordinates":[[-4.2401835,55.8874236],[-4.2403364,55.8877425],[-4.2404329,55.8880223],[-4.2404732,55.8881546],[-4.2405054,55.8883502],[-4.2405027,55.8881787]]}},{"type":"Feature","properties":{"name":"2139T","type":"Tracks","notes":"","section":"Cowlairs","colour":"#7cb342","equipment_number":[{"number":"1468591","label":"Track"}]},"geometry":{"type":"LineString","coordinates":[[-4.2406662,55.8893489],[-4.240563,55.8889473],[-4.2406006,55.889352],[-4.240563,55.8889473],[-4.2405308,55.8886646],[-4.2404826,55.8891654],[-4.2405308,55.8886646],[-4.2405054,55.8883502],[-4.2404718,55.8886992]]}},{"type":"Feature","properties":{"name":"2142T","type":"Tracks","notes":"","section":"Cowlairs","colour":"#a52714","equipment_number":[{"number":"1806194","label":"Track"}]},"geometry":{"type":"LineString","coordinates":[[-4.2403851,55.8890701],[-4.2404718,55.8886992],[-4.2403851,55.8889452],[-4.2403341,55.889031]]}},{"type":"Feature","properties":{"name":"2138T","type":"Tracks","notes":"","section":"Cowlairs","colour":"#0288d1","equipment_number":[{"number":"1468590","label":"Track"}]},"geometry":{"type":"LineString","coordinates":[[-4.240892,55.8901094],[-4.2408813,55.8898387],[-4.2408706,55.8894386],[-4.2407628,55.8885878]]}},{"type":"Feature","properties":{"name":"2137T","type":"Tracks","notes":"","section":"Cowlairs","colour":"#7cb342","equipment_number":[{"number":"1468589","label":"Track"}]},"geometry":{"type":"LineString","coordinates":[[-4.2408277,55.8901094],[-4.2408169,55.889589],[-4.2407955,55.889213],[-4.2407038,55.8885878]]}},{"type":"Feature","properties":{"name":"2131T","type":"Tracks","notes":"","section":"Cowlairs","colour":"#0288d1"},"geometry":{"type":"LineString","coordinates":[[-4.2405487,55.8916198],[-4.2406399,55.8911957],[-4.2406989,55.8908016],[-4.2407418,55.8903955],[-4.2407633,55.8899804],[-4.2407418,55.889493],[-4.2406775,55.8889545],[-4.2406153,55.8885878]]}},{"type":"Feature","properties":{"name":"2139T","type":"Tracks","notes":"","section":"Cowlairs","colour":"#a52714","equipment_number":[{"number":"1468591","label":"Track"}]},"geometry":{"type":"LineString","coordinates":[[-4.2404826,55.8891654],[-4.2404763,55.8893689],[-4.2405004,55.8896622],[-4.2405058,55.8898412],[-4.2404548,55.8900699],[-4.2405058,55.8898412],[-4.2405299,55.8900187],[-4.2405326,55.8900789]]}},{"type":"Feature","properties":{"name":"2134T","type":"Tracks","notes":"","section":"Cowlairs","colour":"#ffd600","equipment_number":[{"number":"487593","label":"Track"}]},"geometry":{"type":"LineString","coordinates":[[-4.2409361,55.8904671],[-4.2408227,55.8908415],[-4.2407503,55.8912731],[-4.2408254,55.8908415],[-4.2408641,55.8904905],[-4.240892,55.8901094]]}},{"type":"Feature","properties":{"name":"2133T","type":"Tracks","notes":"","section":"Cowlairs","colour":"#a52714","equipment_number":[{"number":"487595","label":"Track"}]},"geometry":{"type":"LineString","coordinates":[[-4.2408277,55.8901094],[-4.2408194,55.8904233],[-4.2407792,55.8907768],[-4.2406744,55.8913618]]}},{"type":"Feature","properties":{"name":"2743T","type":"Tracks","notes":"","section":"Cowlairs","colour":"#ffd600","equipment_number":[{"number":"10154115","label":"Track"}]},"geometry":{"type":"LineString","coordinates":[[-4.2278059,55.8810158],[-4.2284577,55.8812324],[-4.228575,55.8812743],[-4.2284555,55.8812312],[-4.2281162,55.8811101],[-4.2278252,55.880992]]}},{"type":"Feature","properties":{"name":"2741T","type":"Tracks","notes":"","section":"Cowlairs","colour":"#7cb342","equipment_number":[{"number":"10154112","label":"Track"}]},"geometry":{"type":"LineString","coordinates":[[-4.2261269,55.8801522],[-4.2264542,55.8803455],[-4.2268002,55.8805298],[-4.2272106,55.8807269],[-4.2275888,55.8808909],[-4.2278252,55.880992]]}},{"type":"Feature","properties":{"name":"2737T","type":"Tracks","notes":"","section":"Cowlairs","colour":"#a52714","equipment_number":[{"number":"487382","label":"Track"}]},"geometry":{"type":"LineString","coordinates":[[-4.2261269,55.8801522],[-4.2257815,55.8799269],[-4.2256386,55.8798265],[-4.2254851,55.8796975],[-4.2253074,55.8795421],[-4.2254851,55.8796975],[-4.2256145,55.8798303],[-4.2254851,55.8796975]]}},{"type":"Feature","properties":{"name":"2737T","type":"Tracks","notes":"","section":"Cowlairs","colour":"#7cb342","equipment_number":[{"number":"487382","label":"Track"}]},"geometry":{"type":"LineString","coordinates":[[-4.2248026,55.8788235],[-4.2249153,55.8790206],[-4.2250038,55.8791439],[-4.2252318,55.8794599],[-4.2253074,55.8795421],[-4.2250467,55.8792726],[-4.2248496,55.8790251],[-4.2246471,55.8786978],[-4.2240811,55.8776341],[-4.2239872,55.8774791],[-4.223888,55.8773286],[-4.2237431,55.8771556],[-4.2236654,55.8770774]]}},{"type":"Feature","properties":{"name":"2733(2)T","type":"Tracks","notes":"","section":"Cowlairs","colour":"#ffd600"},"geometry":{"type":"LineString","coordinates":[[-4.224116,55.8773562],[-4.2242313,55.8777308],[-4.2244285,55.8781363],[-4.2248026,55.8788235]]}},{"type":"Feature","properties":{"name":"2733(1)T","type":"Tracks","notes":"","section":"Cowlairs","colour":"#0288d1"},"geometry":{"type":"LineString","coordinates":[[-4.2175482,55.8750894],[-4.2186935,55.8750736],[-4.2193882,55.8750819],[-4.2204691,55.8751587],[-4.2210753,55.8752926],[-4.2216332,55.8754972],[-4.2233203,55.8763368],[-4.2235805,55.8764813],[-4.2237682,55.8766483],[-4.2239265,55.876865],[-4.2240472,55.8770922],[-4.224116,55.8773562]]}},{"type":"Feature","properties":{"name":"2627T","type":"Tracks","notes":"","section":"Cowlairs","colour":"#7cb342","equipment_number":[{"number":"487419","label":"Track"}]},"geometry":{"type":"LineString","coordinates":[[-4.2272791,55.880849],[-4.2274293,55.8809212],[-4.2284582,55.8812739],[-4.227424,55.8809182],[-4.2270833,55.8807798],[-4.2266247,55.8805632]]}},{"type":"Feature","properties":{"name":"2624T","type":"Tracks","notes":"","section":"Cowlairs","colour":"#0288d1","equipment_number":[{"number":"487422","label":"Track"}]},"geometry":{"type":"LineString","coordinates":[[-4.2302583,55.8819329],[-4.2291667,55.881632],[-4.2288904,55.8815462],[-4.2282695,55.8813318],[-4.2276056,55.8810663]]}},{"type":"Feature","properties":{"name":"2623T","type":"Tracks","notes":"","section":"Cowlairs","colour":"#a52714","equipment_number":[{"number":"487421","label":"Track"}]},"geometry":{"type":"LineString","coordinates":[[-4.2302235,55.8819585],[-4.2290889,55.881641],[-4.2287214,55.8815222],[-4.228295,55.8813792],[-4.2275708,55.8810949]]}},{"type":"Feature","properties":{"name":"2626T","type":"Tracks","notes":"","section":"Cowlairs","colour":"#ffd600","equipment_number":[{"number":"487420","label":"Track"}]},"geometry":{"type":"LineString","coordinates":[[-4.2276056,55.8810663],[-4.2268036,55.8807082],[-4.2265622,55.8805879],[-4.2270102,55.8808376],[-4.2275708,55.8810949]]}},{"type":"Feature","properties":{"name":"2629T","type":"Tracks","notes":"","section":"Cowlairs","colour":"#a52714","equipment_number":[{"number":"487427","label":"Track"}]},"geometry":{"type":"LineString","coordinates":[[-4.2266247,55.8805632],[-4.2263155,55.880404],[-4.2259051,55.8801557],[-4.226543,55.8805736],[-4.2259051,55.8801557],[-4.2256811,55.879997],[-4.2255423,55.8798748],[-4.2256811,55.879997],[-4.2254491,55.8798353],[-4.225256,55.8796773]]}},{"type":"Feature","properties":{"name":"2743T","type":"Tracks","notes":"","section":"Cowlairs","colour":"#0288d1","equipment_number":[{"number":"10154115","label":"Track"}]},"geometry":{"type":"LineString","coordinates":[[-4.2278059,55.8810158],[-4.2272814,55.8808233],[-4.2270534,55.880724],[-4.2272791,55.880849],[-4.2270481,55.8807225],[-4.2268295,55.8806232]]}},{"type":"Feature","properties":{"name":"2738T","type":"Tracks","notes":"","section":"Cowlairs","colour":"#0288d1","equipment_number":[{"number":"487446","label":"Track"}]},"geometry":{"type":"LineString","coordinates":[[-4.2256145,55.8798303],[-4.2257888,55.8799798],[-4.2260865,55.8801764],[-4.2257861,55.879976],[-4.2255205,55.8797872],[-4.2253328,55.8796247],[-4.2252014,55.8794998],[-4.2250163,55.879299],[-4.2248312,55.8790725]]}},{"type":"Feature","properties":{"name":"2735T","type":"Tracks","notes":"","section":"Cowlairs","colour":"#a52714","equipment_number":[{"number":"487393","label":"Track"}]},"geometry":{"type":"LineString","coordinates":[[-4.2216577,55.8758705],[-4.2220466,55.8760406],[-4.2224591,55.8762404],[-4.2228131,55.8764405],[-4.2230894,55.8766105],[-4.223304,55.8767685],[-4.2235159,55.8769401],[-4.2236654,55.8770774]]}},{"type":"Feature","properties":{"name":"2731 (X)","type":"Tracks","notes":"","section":"Cowlairs","colour":"#7cb342"},"geometry":{"type":"LineString","coordinates":[[-4.1678692,55.8885245],[-4.1690413,55.8883033],[-4.1701813,55.8880582],[-4.1710825,55.8878521],[-4.1717503,55.8876851],[-4.1729922,55.8873361],[-4.1741456,55.8869751],[-4.1760875,55.8862651],[-4.1784666,55.8853174],[-4.1812427,55.8842102],[-4.1829432,55.8835362],[-4.184059,55.8830909],[-4.184928,55.8827569],[-4.1860653,55.8823387],[-4.1869558,55.8820469],[-4.1878248,55.8817851],[-4.1888548,55.8815173],[-4.1961397,55.8797871],[-4.2005814,55.8787339],[-4.2022149,55.8784285],[-4.2033924,55.8782088],[-4.2042078,55.8780388],[-4.2081211,55.8771315],[-4.2124716,55.8761098],[-4.2145423,55.8756299],[-4.215693,55.8753861],[-4.2165862,55.8752401],[-4.2170636,55.875189],[-4.2175491,55.8751574],[-4.2179702,55.8751529],[-4.2183189,55.8751619],[-4.2188687,55.875195],[-4.2194534,55.8752612],[-4.2199979,55.8753605],[-4.220521,55.8754884],[-4.2209528,55.8756148],[-4.2212907,55.8757337],[-4.2216577,55.8758705]]}},{"type":"Feature","properties":{"name":"2730 (X)","type":"Tracks","notes":"","section":"Cowlairs","colour":"#0288d1"},"geometry":{"type":"LineString","coordinates":[[-4.1624312,55.8891917],[-4.1632412,55.889142],[-4.1642792,55.8890563],[-4.1649686,55.8889826],[-4.1657786,55.8888863],[-4.1668702,55.8887269],[-4.1678627,55.8885614],[-4.1691635,55.8883132],[-4.1699816,55.8881357],[-4.1708077,55.8879507],[-4.1718323,55.8876965],[-4.1730179,55.8873565],[-4.1742758,55.8869549],[-4.1755821,55.8864931],[-4.1777707,55.8856296],[-4.1828428,55.8836138],[-4.1847418,55.8828646],[-4.1854097,55.8826149],[-4.1860668,55.8823832],[-4.1868473,55.8821214],[-4.1874589,55.8819304],[-4.1883279,55.8816821],[-4.1899748,55.8812834],[-4.2002262,55.8788521],[-4.2011033,55.8786671],[-4.2025678,55.8783962],[-4.2035897,55.8782037],[-4.204279,55.8780577],[-4.2067386,55.8774875],[-4.2109604,55.8764959],[-4.2141093,55.8757601],[-4.2149515,55.875572],[-4.2159171,55.8753809],[-4.2164911,55.8752846],[-4.2169981,55.8752259],[-4.2174031,55.8751959],[-4.2178778,55.8751823],[-4.2183687,55.8751928],[-4.2188971,55.875229],[-4.2193879,55.8752876]]}},{"type":"Feature","properties":{"name":"2734T","type":"Tracks","notes":"","section":"Cowlairs","colour":"#ffd600","equipment_number":[{"number":"1468767","label":"Track"}]},"geometry":{"type":"LineString","coordinates":[[-4.2248312,55.8790725],[-4.2247098,55.8788974],[-4.2243665,55.8782827],[-4.2241667,55.8779021],[-4.2239924,55.8775831],[-4.2238422,55.8773536],[-4.2236276,55.8771054],[-4.2233687,55.8768759],[-4.2230549,55.8766442],[-4.2227572,55.8764576],[-4.222206,55.8761559],[-4.2219123,55.8760213],[-4.221278,55.8757647],[-4.220889,55.8756331],[-4.2204331,55.8754991],[-4.2199543,55.8753863],[-4.2193879,55.8752876]]}},{"type":"Feature","properties":{"name":"2628T","type":"Tracks","notes":"","section":"Cowlairs","colour":"#ffd600","equipment_number":[{"number":"487444","label":"Track"}]},"geometry":{"type":"LineString","coordinates":[[-4.2260367,55.8801932],[-4.2262848,55.8803429],[-4.2267126,55.8805708],[-4.2268295,55.8806232],[-4.2267126,55.8805701],[-4.2264069,55.8803775],[-4.2260865,55.8801764]]}},{"type":"Feature","properties":{"name":"2630T","type":"Tracks","notes":"","section":"Cowlairs","colour":"#0288d1","equipment_number":[{"number":"487452","label":"Track"}]},"geometry":{"type":"LineString","coordinates":[[-4.2255423,55.8798748],[-4.2252999,55.8796553],[-4.2255816,55.8798862],[-4.2257224,55.8799855],[-4.2260367,55.8801932]]}},{"type":"Feature","properties":{"name":"2632T","type":"Tracks","notes":"","section":"Cowlairs","colour":"#ffd600","equipment_number":[{"number":"487450","label":"Track"}]},"geometry":{"type":"LineString","coordinates":[[-4.2252999,55.8796553],[-4.2251082,55.8794771],[-4.2247528,55.8790851],[-4.2246576,55.8789798],[-4.224439,55.8787745],[-4.2246549,55.8789791],[-4.2244243,55.8787331],[-4.2241842,55.8784886],[-4.2241091,55.8784186]]}},{"type":"Feature","properties":{"name":"2634T","type":"Tracks","notes":"","section":"Cowlairs","colour":"#0288d1","equipment_number":[{"number":"487449","label":"Track"}]},"geometry":{"type":"LineString","coordinates":[[-4.2223587,55.8769531],[-4.2227114,55.8772119],[-4.2230225,55.8774519],[-4.2235965,55.8779469],[-4.2239318,55.8782478],[-4.2241091,55.8784186]]}},{"type":"Feature","properties":{"name":"2636T","type":"Tracks","notes":"","section":"Cowlairs","colour":"#ffd600","equipment_number":[{"number":"487436","label":"Track"}]},"geometry":{"type":"LineString","coordinates":[[-4.2180152,55.8732061],[-4.2181748,55.873483],[-4.2184028,55.8738155],[-4.2185664,55.8740307],[-4.2187461,55.8742399],[-4.2193416,55.8748734],[-4.2201087,55.8754948],[-4.2206854,55.8758785],[-4.2211413,55.8761584],[-4.2215853,55.8764367],[-4.2221633,55.8768174],[-4.2223587,55.8769531]]}},{"type":"Feature","properties":{"name":"2638T","type":"Tracks","notes":"","section":"Cowlairs","colour":"#0288d1","equipment_number":[{"number":"10154113","label":"Track"}]},"geometry":{"type":"LineString","coordinates":[[-4.2174796,55.8715016],[-4.2175038,55.8717318],[-4.2175775,55.872105],[-4.2176741,55.8724293],[-4.2177747,55.8727175],[-4.2179182,55.8730282],[-4.2180152,55.8732061]]}},{"type":"Feature","properties":{"name":"2640T","type":"Tracks","notes":"","section":"Cowlairs","colour":"#ffd600","equipment_number":[{"number":"17839780","label":"Track"}]},"geometry":{"type":"LineString","coordinates":[[-4.2146394,55.8667834],[-4.2154159,55.8671386],[-4.2156251,55.8672575],[-4.2158102,55.8673711],[-4.2167128,55.868095],[-4.2169099,55.86832],[-4.217095,55.8685826],[-4.2172747,55.8689235],[-4.217382,55.869232],[-4.217433,55.869536],[-4.2174571,55.8698611],[-4.2174571,55.8712907],[-4.2174796,55.8715016]]}},{"type":"Feature","properties":{"name":"2652T","type":"Tracks","notes":"","section":"Cowlairs","colour":"#0288d1"},"geometry":{"type":"LineString","coordinates":[[-4.2107061,55.861239],[-4.2106712,55.861376],[-4.210631,55.8616326],[-4.2105975,55.8619578],[-4.2105975,55.8629301],[-4.2106243,55.8634344],[-4.2106806,55.8637474],[-4.2107235,55.8639205],[-4.210796,55.8641252],[-4.2108442,55.8642366],[-4.2109167,55.8643781],[-4.2110803,55.8646505],[-4.2112171,55.8648326],[-4.2114156,55.8650599],[-4.2116248,55.8652556],[-4.2118072,55.8654151],[-4.2119922,55.8655536],[-4.2122792,55.8657477],[-4.2126655,55.8659645],[-4.2130839,55.8661661],[-4.2136391,55.8663934],[-4.2146394,55.8667834]]}},{"type":"Feature","properties":{"name":"2633T","type":"Tracks","notes":"","section":"Cowlairs","colour":"#7cb342","equipment_number":[{"number":"487448","label":"Track"}]},"geometry":{"type":"LineString","coordinates":[[-4.225256,55.8796773],[-4.2250396,55.8794669],[-4.2247124,55.8791104],[-4.2241384,55.87851],[-4.224439,55.8787745]]}},{"type":"Feature","properties":{"name":"2635T","type":"Tracks","notes":"","section":"Cowlairs","colour":"#a52714","equipment_number":[{"number":"10154114","label":"Track"}]},"geometry":{"type":"LineString","coordinates":[[-4.2241384,55.87851],[-4.2236636,55.8780647],[-4.2232881,55.8777367],[-4.2228161,55.877344],[-4.2223467,55.8769934],[-4.2220999,55.8768219],[-4.2217351,55.8765789],[-4.2206837,55.8759273],[-4.2203069,55.8756821]]}},{"type":"Feature","properties":{"name":"2729 (X)","type":"Tracks","notes":"","section":"Cowlairs","colour":"#ffd600"},"geometry":{"type":"LineString","coordinates":[[-4.0921763,55.8876599],[-4.0994878,55.8887977],[-4.1015719,55.8891241],[-4.1050534,55.8896701],[-4.1093879,55.8903469],[-4.1111689,55.8906222],[-4.1123437,55.8907756],[-4.1131188,55.8908568],[-4.1145699,55.8909727],[-4.1158279,55.8910373],[-4.1168417,55.8910674],[-4.1181131,55.8910779],[-4.1190438,55.8910629],[-4.1199236,55.8910343],[-4.1221874,55.8909366],[-4.1244539,55.8908418],[-4.1258942,55.8907801],[-4.12896,55.8906403],[-4.1312935,55.8905395],[-4.1342949,55.8904116],[-4.1393428,55.8901935],[-4.1463541,55.8898882],[-4.1494896,55.8897483],[-4.1528531,55.8896129],[-4.1571527,55.8894234],[-4.1624312,55.8891917]]}},{"type":"Feature","properties":{"name":"2720T","type":"Tracks","notes":"","section":"Cowlairs","colour":"#0288d1","equipment_number":[{"number":"1468726","label":"Track"}]},"geometry":{"type":"LineString","coordinates":[[-4.0773088,55.8853298],[-4.0818176,55.8860354],[-4.0853608,55.8865874],[-4.0921763,55.8876599]]}},{"type":"Feature","properties":{"name":"2716T","type":"Tracks","notes":"","section":"Cowlairs","colour":"#ffd600","equipment_number":[{"number":"487398","label":"Track"}]},"geometry":{"type":"LineString","coordinates":[[-4.0773088,55.8853298],[-4.0742466,55.8848493]]}},{"type":"Feature","properties":{"name":"2716T","type":"Tracks","notes":"","section":"Cowlairs","colour":"#0288d1","equipment_number":[{"number":"487398","label":"Track"}]},"geometry":{"type":"LineString","coordinates":[[-4.0742466,55.8848493],[-4.0732285,55.8846924],[-4.0730407,55.8846653],[-4.0724802,55.8845811],[-4.0730434,55.8846653],[-4.0719249,55.8845299]]}},{"type":"Feature","properties":{"name":"2708T","type":"Tracks","notes":"","section":"Cowlairs","colour":"#ffd600","equipment_number":[{"number":"487442","label":"Track"}]},"geometry":{"type":"LineString","coordinates":[[-4.0585389,55.8864976],[-4.0606981,55.8859515],[-4.0632998,55.8852791],[-4.0646409,55.8849632],[-4.0657835,55.8847421],[-4.0665801,55.8846112],[-4.0675001,55.8844893],[-4.0683477,55.8844126],[-4.06908,55.8843795],[-4.0695628,55.884375],[-4.0702414,55.8843915],[-4.0707724,55.8844216],[-4.0719249,55.8845299]]}},{"type":"Feature","properties":{"name":"2706T","type":"Tracks","notes":"","section":"Cowlairs","colour":"#0288d1","equipment_number":[{"number":"1468585","label":"Track"}]},"geometry":{"type":"LineString","coordinates":[[-4.0451865,55.8905935],[-4.0459241,55.89024],[-4.0462433,55.8900941],[-4.0470694,55.8897587],[-4.048212,55.8893225],[-4.0493627,55.8889254],[-4.0500145,55.8887268],[-4.0506341,55.8885463],[-4.0519618,55.8881913],[-4.0537991,55.8877175],[-4.0547137,55.8874844],[-4.0569158,55.8869112],[-4.0585389,55.8864976]]}},{"type":"Feature","properties":{"name":"2722 (X)","type":"Tracks","notes":"","section":"Cowlairs","colour":"#a52714"},"geometry":{"type":"LineString","coordinates":[[-4.0998263,55.8888214],[-4.1055153,55.8897044],[-4.1083048,55.8901466],[-4.1114644,55.8906249],[-4.1127626,55.8907873],[-4.1138462,55.8908836],[-4.1151176,55.8909738],[-4.1167055,55.891034],[-4.1186689,55.891037],[-4.1196076,55.8910099],[-4.1245107,55.8908054],[-4.1269891,55.8906941],[-4.1296391,55.8905767],[-4.1354219,55.8903301],[-4.1409687,55.8900924],[-4.1465746,55.8898457],[-4.1533605,55.8895509],[-4.1587089,55.8893223],[-4.1620536,55.8891764],[-4.1630943,55.8891222],[-4.1639767,55.8890515],[-4.165004,55.8889432],[-4.1660098,55.8888199],[-4.1667984,55.8887071],[-4.1678692,55.8885245]]}},{"type":"Feature","properties":{"name":"2727T","type":"Tracks","notes":"","section":"Cowlairs","colour":"#7cb342","equipment_number":[{"number":"487394","label":"Track"}]},"geometry":{"type":"LineString","coordinates":[[-4.0946501,55.8880125],[-4.0998263,55.8888214]]}},{"type":"Feature","properties":{"name":"2725T","type":"Tracks","notes":"","section":"Cowlairs","colour":"#a52714","equipment_number":[{"number":"487395","label":"Track"}]},"geometry":{"type":"LineString","coordinates":[[-4.0893942,55.8871775],[-4.0946501,55.8880125]]}},{"type":"Feature","properties":{"name":"2723T","type":"Tracks","notes":"","section":"Cowlairs","colour":"#7cb342","equipment_number":[{"number":"487396","label":"Track"}]},"geometry":{"type":"LineString","coordinates":[[-4.0863441,55.8867064],[-4.0893942,55.8871775]]}},{"type":"Feature","properties":{"name":"2717T","type":"Tracks","notes":"","section":"Cowlairs","colour":"#a52714","equipment_number":[{"number":"487397","label":"Track"}]},"geometry":{"type":"LineString","coordinates":[[-4.0729612,55.8846248],[-4.0744351,55.884849],[-4.0777623,55.8853702],[-4.0806672,55.885832],[-4.0829471,55.886175],[-4.0857661,55.8866158],[-4.0863441,55.8867064]]}},{"type":"Feature","properties":{"name":"2715T","type":"Tracks","notes":"","section":"Cowlairs","colour":"#7cb342","equipment_number":[{"number":"487425","label":"Track"}]},"geometry":{"type":"LineString","coordinates":[[-4.0724802,55.8845811],[-4.0719303,55.8844901],[-4.0729612,55.8846248]]}},{"type":"Feature","properties":{"name":"2713T","type":"Tracks","notes":"","section":"Cowlairs","colour":"#a52714","equipment_number":[{"number":"487443","label":"Track"}]},"geometry":{"type":"LineString","coordinates":[[-4.0705758,55.8843803],[-4.0710345,55.8844119],[-4.0719303,55.8844901],[-4.0714556,55.884439],[-4.0710425,55.8843743],[-4.0706912,55.8843021],[-4.0703156,55.8842148],[-4.0700877,55.8841697]]}},{"type":"Feature","properties":{"name":"2901T","type":"Tracks","notes":"","section":"Cowlairs","colour":"#ffd600","equipment_number":[{"number":"487439","label":"Track"}]},"geometry":{"type":"LineString","coordinates":[[-4.0671506,55.8837086],[-4.0700877,55.8841697]]}},{"type":"Feature","properties":{"name":"1298(2)T","type":"Tracks","notes":"","section":"Cowlairs","colour":"#0288d1","equipment_number":[{"number":"1639664","label":"Track"}]},"geometry":{"type":"LineString","coordinates":[[-4.0540185,55.8810412],[-4.0551129,55.8813978],[-4.0562662,55.8817363],[-4.0576556,55.8821034],[-4.0584388,55.8822839],[-4.05934,55.8824675],[-4.0616763,55.8828571],[-4.0671506,55.8837086]]}},{"type":"Feature","properties":{"name":"2711T","type":"Tracks","notes":"","section":"Cowlairs","colour":"#7cb342","equipment_number":[{"number":"1468586","label":"Track"}]},"geometry":{"type":"LineString","coordinates":[[-4.0675785,55.8844499],[-4.068308,55.884383],[-4.0687023,55.8843649],[-4.0691449,55.8843461],[-4.0698865,55.8843476],[-4.0702553,55.8843619],[-4.0705758,55.8843803]]}},{"type":"Feature","properties":{"name":"2709T","type":"Tracks","notes":"","section":"Cowlairs","colour":"#a52714","equipment_number":[{"number":"487441","label":"Track"}]},"geometry":{"type":"LineString","coordinates":[[-4.0641135,55.8850525],[-4.0645836,55.8849447],[-4.0650645,55.8848444],[-4.0658705,55.8846955],[-4.0668187,55.8845466],[-4.0675785,55.8844499]]}},{"type":"Feature","properties":{"name":"2707T","type":"Tracks","notes":"","section":"Cowlairs","colour":"#7cb342","equipment_number":[{"number":"487440","label":"Track"}]},"geometry":{"type":"LineString","coordinates":[[-4.0489,55.8890493],[-4.0498026,55.8887665],[-4.0505912,55.8885296],[-4.0509372,55.8884303],[-4.0518397,55.8881889],[-4.0531621,55.8878489],[-4.0555707,55.8872262],[-4.0583173,55.8865161],[-4.0605811,55.8859475],[-4.0625793,55.8854361],[-4.0632874,55.885251],[-4.0641135,55.8850525]]}},{"type":"Feature","properties":{"name":"2704T","type":"Tracks","notes":"","section":"Cowlairs","colour":"#ffd600","equipment_number":[{"number":"487445","label":"Track"}]},"geometry":{"type":"LineString","coordinates":[[-4.0434814,55.8915209],[-4.0441313,55.8911427],[-4.0445645,55.8909125],[-4.0451865,55.8905935]]}},{"type":"Feature","properties":{"name":"2702T","type":"Tracks","notes":"","section":"Cowlairs","colour":"#0288d1","equipment_number":[{"number":"487454","label":"Track"}]},"geometry":{"type":"LineString","coordinates":[[-4.0416399,55.8927546],[-4.042171,55.8923711],[-4.042525,55.8921305],[-4.0427691,55.8919605],[-4.0431822,55.8916973],[-4.0434814,55.8915209]]}},{"type":"Feature","properties":{"name":"2703T","type":"Tracks","notes":"","section":"Cowlairs","colour":"#a52714","equipment_number":[{"number":"487447","label":"Track"}]},"geometry":{"type":"LineString","coordinates":[[-4.0419202,55.8925116],[-4.0426658,55.8919852],[-4.0430387,55.8917385],[-4.0433847,55.891525],[-4.0437468,55.8913174],[-4.0442108,55.8910557],[-4.0447633,55.8907654],[-4.0451308,55.8905819],[-4.0457343,55.8902886],[-4.0461849,55.890084],[-4.0464263,55.8899833],[-4.046775,55.8898374],[-4.0472068,55.8896629],[-4.0475206,55.889544],[-4.0479927,55.8893666],[-4.0484031,55.8892176],[-4.0489,55.8890493]]}},{"type":"Feature","properties":{"name":"2807T","type":"Tracks","notes":"","section":"Cowlairs","colour":"#a52714"},"geometry":{"type":"LineString","coordinates":[[-4.0413084,55.8930198],[-4.0409812,55.8933334],[-4.0410946,55.893223],[-4.0416399,55.8927546]]}},{"type":"Feature","properties":{"name":"2805T","type":"Tracks","notes":"","section":"Cowlairs","colour":"#7cb342"},"geometry":{"type":"LineString","coordinates":[[-4.0419202,55.8925116],[-4.0415243,55.8928179],[-4.0414411,55.8928834],[-4.0413084,55.8930198],[-4.0414398,55.8928819],[-4.0412319,55.8930608],[-4.0414398,55.8928804],[-4.0417107,55.8926126],[-4.041936,55.892366],[-4.0423303,55.8919106],[-4.0428104,55.8912853]]}},{"type":"Feature","properties":{"name":"2803T","type":"Tracks","notes":"","section":"Cowlairs","colour":"#a52714"},"geometry":{"type":"LineString","coordinates":[[-4.0439163,55.8893625],[-4.0438331,55.8895415],[-4.0436454,55.8899085],[-4.043235,55.8906455],[-4.0429427,55.8910997],[-4.0428104,55.8912853]]}},{"type":"Feature","properties":{"name":"2801T","type":"Tracks","notes":"","section":"Cowlairs","colour":"#7cb342"},"geometry":{"type":"LineString","coordinates":[[-4.0445559,55.8870889],[-4.0444526,55.887738],[-4.0443695,55.8880915],[-4.0441791,55.8886977],[-4.0440342,55.8890737],[-4.0439163,55.8893625]]}},{"type":"Feature","properties":{"name":"2809T","type":"Tracks","notes":"","section":"Cowlairs","colour":"#7cb342"},"geometry":{"type":"LineString","coordinates":[[-4.0409812,55.8933334],[-4.0405584,55.8937221],[-4.0400166,55.8941868],[-4.0390779,55.8949764],[-4.0384851,55.8954689],[-4.0390779,55.8949756],[-4.0387721,55.8952832],[-4.0387091,55.8953448],[-4.0385978,55.8954373]]}},{"type":"Feature","properties":{"name":"2815T","type":"Tracks","notes":"","section":"Cowlairs","colour":"#0288d1"},"geometry":{"type":"LineString","coordinates":[[-4.0326603,55.90045],[-4.0348061,55.8986335],[-4.0358146,55.8977853],[-4.0368902,55.89688],[-4.0380408,55.895907],[-4.0385978,55.8954373]]}},{"type":"Feature","properties":{"name":"2817T","type":"Tracks","notes":"","section":"Cowlairs","colour":"#a52714"},"geometry":{"type":"LineString","coordinates":[[-4.0326247,55.9004314],[-4.0340167,55.8992345],[-4.0354624,55.8980194],[-4.0369484,55.8967592],[-4.0384851,55.8954689]]}},{"type":"Feature","properties":{"name":"2819T","type":"Tracks","notes":"","section":"Cowlairs","colour":"#a52714"},"geometry":{"type":"LineString","coordinates":[[-4.0316575,55.9013159],[-4.0317862,55.9012182],[-4.031872,55.9011445],[-4.0319954,55.9010242],[-4.0320759,55.9009505],[-4.0324782,55.9005926],[-4.0326603,55.90045]]}},{"type":"Feature","properties":{"name":"2821T","type":"Tracks","notes":"","section":"Cowlairs","colour":"#7cb342"},"geometry":{"type":"LineString","coordinates":[[-4.0316575,55.9013159],[-4.0314792,55.9014406],[-4.0312606,55.9016068],[-4.031038,55.9018196],[-4.0312619,55.9016053],[-4.0315449,55.9013391],[-4.032076,55.9008798],[-4.0326247,55.9004314]]}},{"type":"Feature","properties":{"name":"2823(1)T","type":"Tracks","notes":"","section":"Cowlairs","colour":"#a52714"},"geometry":{"type":"LineString","coordinates":[[-4.0296309,55.9034376],[-4.0299006,55.9030926],[-4.0302184,55.9026897],[-4.0305939,55.9022754],[-4.0308273,55.9020243],[-4.031038,55.9018196]]}},{"type":"Feature","properties":{"name":"2823(2)T","type":"Tracks","notes":"","section":"Cowlairs","colour":"#7cb342"},"geometry":{"type":"LineString","coordinates":[[-4.0257122,55.9127514],[-4.0259375,55.9124101],[-4.0261279,55.9121185],[-4.0263291,55.9117818],[-4.0266403,55.911215],[-4.0269568,55.9105325],[-4.0271445,55.910089],[-4.0273296,55.9095192],[-4.0275039,55.9088322],[-4.0276166,55.9082173],[-4.02774,55.907643],[-4.0277909,55.907419],[-4.0279384,55.9068416],[-4.0281208,55.9062658],[-4.0282469,55.9059395],[-4.0284427,55.9054885],[-4.0287109,55.9049066],[-4.0290489,55.9043097],[-4.0293332,55.9038751],[-4.0296309,55.9034376]]}},{"type":"Feature","properties":{"name":"2823(3)T","type":"Tracks","notes":"","section":"Cowlairs","colour":"#a52714"},"geometry":{"type":"LineString","coordinates":[[-4.0199177,55.9195221],[-4.0204166,55.9191569],[-4.0210335,55.9186399],[-4.0215807,55.9181454],[-4.0220018,55.917741],[-4.022447,55.9172631],[-4.0229352,55.9166964],[-4.0232893,55.9162515],[-4.0236889,55.9156683],[-4.0241958,55.9149422],[-4.0246518,55.9142748],[-4.0251346,55.9135728],[-4.0257122,55.9127514]]}},{"type":"Feature","properties":{"name":"2823(4)T","type":"Tracks","notes":"","section":"Cowlairs","colour":"#7cb342"},"geometry":{"type":"LineString","coordinates":[[-4.0118756,55.9238931],[-4.0125851,55.9234874],[-4.0133643,55.9230628],[-4.0141599,55.9226513],[-4.0152542,55.9221223],[-4.016547,55.9215166],[-4.0171639,55.92121],[-4.0176092,55.9209756],[-4.0180008,55.9207591],[-4.0185345,55.920445],[-4.0190388,55.9201309],[-4.019366,55.919913],[-4.0196316,55.9197311],[-4.0199177,55.9195221]]}},{"type":"Feature","properties":{"name":"2823(5)T","type":"Tracks","notes":"","section":"Cowlairs","colour":"#a52714"},"geometry":{"type":"LineString","coordinates":[[-4.0029776,55.9292801],[-4.0037729,55.928797],[-4.0063534,55.9272434],[-4.0083623,55.9260277],[-4.0091938,55.9255258],[-4.0107334,55.924582],[-4.0118756,55.9238931]]}},{"type":"Feature","properties":{"name":"2823(6)T","type":"Tracks","notes":"","section":"Cowlairs","colour":"#7cb342"},"geometry":{"type":"LineString","coordinates":[[-3.9965559,55.9331553],[-3.9987701,55.9318241],[-3.9999315,55.9311044],[-4.0005564,55.9307228],[-4.0017741,55.9300076],[-4.0029776,55.9292801]]}},{"type":"Feature","properties":{"name":"2831T","type":"Tracks","notes":"","section":"Cowlairs","colour":"#a52714"},"geometry":{"type":"LineString","coordinates":[[-3.9945912,55.9343467],[-3.9957968,55.9336293],[-3.9965559,55.9331553]]}},{"type":"Feature","properties":{"name":"2833T","type":"Tracks","notes":"","section":"Cowlairs","colour":"#7cb342"},"geometry":{"type":"LineString","coordinates":[[-3.9837636,55.940542],[-3.9845119,55.9402092],[-3.985731,55.9396151],[-3.9864283,55.9392335],[-3.9871391,55.9388219],[-3.9878901,55.9383923],[-3.9884159,55.9380813],[-3.9898334,55.9372032],[-3.9917472,55.9360637],[-3.992871,55.9353921],[-3.9945912,55.9343467]]}},{"type":"Feature","properties":{"name":"2835T","type":"Tracks","notes":"","section":"Cowlairs","colour":"#a52714"},"geometry":{"type":"LineString","coordinates":[[-3.9798022,55.9421406],[-3.9816435,55.9414098],[-3.9830584,55.9408412],[-3.9837636,55.940542]]}},{"type":"Feature","properties":{"name":"2841T","type":"Tracks","notes":"","section":"Cowlairs","colour":"#7cb342"},"geometry":{"type":"LineString","coordinates":[[-3.9792651,55.9423275],[-3.9788105,55.942546],[-3.9798022,55.9421406],[-3.9788105,55.9425453],[-3.9785302,55.9426534],[-3.9782875,55.9427698],[-3.9780528,55.9428817],[-3.9779281,55.9429343],[-3.9780528,55.942881],[-3.9782875,55.9427698],[-3.9785302,55.9426534],[-3.9778047,55.9429538],[-3.9773688,55.9431198]]}},{"type":"Feature","properties":{"name":"2845T","type":"Tracks","notes":"","section":"Cowlairs","colour":"#ffd600"},"geometry":{"type":"LineString","coordinates":[[-3.9745369,55.944263],[-3.9755562,55.9438815],[-3.9765486,55.9434864],[-3.9779281,55.9429343]]}},{"type":"Feature","properties":{"name":"2847(1)T","type":"Tracks","notes":"","section":"Cowlairs","colour":"#a52714"},"geometry":{"type":"LineString","coordinates":[[-3.9743041,55.9443146],[-3.9752523,55.9439564],[-3.9762862,55.9435515],[-3.9773688,55.9431198]]}},{"type":"Feature","properties":{"name":"2847(2)T","type":"Tracks","notes":"","section":"Cowlairs","colour":"#7cb342"},"geometry":{"type":"LineString","coordinates":[[-3.964923,55.9501573],[-3.9650356,55.9498689],[-3.9651751,55.9495745],[-3.9653682,55.9492712],[-3.9655721,55.9489588],[-3.9659315,55.9485142],[-3.9661675,55.9482649],[-3.9664465,55.9479856],[-3.966822,55.9476492],[-3.9672511,55.9473067],[-3.9677017,55.9469793],[-3.9681148,55.94673],[-3.968662,55.9464116],[-3.9691233,55.9461773],[-3.9694774,55.945994],[-3.9697617,55.9458739],[-3.970105,55.9457477],[-3.9713871,55.9452851],[-3.9729696,55.9447744],[-3.9738225,55.94448],[-3.9743041,55.9443146]]}},{"type":"Feature","properties":{"name":"2847(3)T","type":"Tracks","notes":"","section":"Cowlairs","colour":"#a52714"},"geometry":{"type":"LineString","coordinates":[[-3.9616335,55.95812],[-3.9618293,55.9577581],[-3.9619554,55.9575261],[-3.9621351,55.9572649],[-3.9623684,55.9569661],[-3.962811,55.9564841],[-3.9633179,55.9558624],[-3.9636183,55.9554225],[-3.9637927,55.9551131],[-3.9640341,55.9545575],[-3.9642728,55.9537797],[-3.9644659,55.9528096],[-3.9645705,55.9519641],[-3.9646188,55.9513919],[-3.9647073,55.9508243],[-3.964923,55.9501573]]}},{"type":"Feature","properties":{"name":"2847(4)T","type":"Tracks","notes":"","section":"Cowlairs","colour":"#7cb342"},"geometry":{"type":"LineString","coordinates":[[-3.9535726,55.9672303],[-3.9540876,55.9666959],[-3.9546267,55.9662005],[-3.9553509,55.965591],[-3.9565042,55.9647383],[-3.9588109,55.9630749],[-3.959283,55.9627116],[-3.9597873,55.9622401],[-3.9601949,55.9617988],[-3.9605892,55.9612748],[-3.9608092,55.9608829],[-3.9609942,55.9604911],[-3.9611498,55.9600601],[-3.9612893,55.9594242],[-3.9613912,55.9587974],[-3.9615348,55.9583665],[-3.9616335,55.95812]]}},{"type":"Feature","properties":{"name":"2806T","type":"Tracks","notes":"","section":"Cowlairs","colour":"#0288d1"},"geometry":{"type":"LineString","coordinates":[[-4.041442,55.8928194],[-4.0410691,55.8931955],[-4.0412319,55.8930608],[-4.0410705,55.8931939],[-4.0409565,55.8933015]]}},{"type":"Feature","properties":{"name":"2810T","type":"Tracks","notes":"","section":"Cowlairs","colour":"#ffd600"},"geometry":{"type":"LineString","coordinates":[[-4.0390686,55.8949299],[-4.0404701,55.8937425],[-4.0409565,55.8933015]]}},{"type":"Feature","properties":{"name":"2814T","type":"Tracks","notes":"","section":"Cowlairs","colour":"#0288d1","equipment_number":[{"number":"2498295","label":"Track"}]},"geometry":{"type":"LineString","coordinates":[[-4.0373971,55.8963349],[-4.0390686,55.8949299]]}},{"type":"Feature","properties":{"name":"2818T","type":"Tracks","notes":"","section":"Cowlairs","colour":"#ffd600"},"geometry":{"type":"LineString","coordinates":[[-4.0373971,55.8963349],[-4.0358312,55.8976553],[-4.0339081,55.8992704],[-4.0322853,55.9006539],[-4.0314968,55.9013366]]}},{"type":"Feature","properties":{"name":"2822T","type":"Tracks","notes":"","section":"Cowlairs","colour":"#0288d1"},"geometry":{"type":"LineString","coordinates":[[-4.029593,55.9034308],[-4.0298411,55.9031158],[-4.0301643,55.9027008],[-4.0303641,55.9024685],[-4.0305787,55.9022294],[-4.0309703,55.9018242],[-4.031315,55.9014986],[-4.0314968,55.9013366]]}},{"type":"Feature","properties":{"name":"2824T","type":"Tracks","notes":"","section":"Cowlairs","colour":"#ffd600"},"geometry":{"type":"LineString","coordinates":[[-4.029593,55.9034308],[-4.029418,55.9036609],[-4.0292759,55.9038616],[-4.0290841,55.9041623],[-4.0288266,55.9045901],[-4.0286241,55.9049547],[-4.0281762,55.9059621]]}},{"type":"Feature","properties":{"name":"2826(4)T","type":"Tracks","notes":"","section":"Cowlairs","colour":"#0288d1"},"geometry":{"type":"LineString","coordinates":[[-4.0281762,55.9059621],[-4.0280552,55.9063027],[-4.027913,55.9067139],[-4.0277896,55.907171],[-4.0277038,55.9075333],[-4.0274705,55.9086609],[-4.02739,55.9090653],[-4.0272693,55.9095314],[-4.0271137,55.9100094],[-4.0269796,55.9103492],[-4.026808,55.9107506],[-4.0265505,55.9112632],[-4.0262903,55.9117443],[-4.0261066,55.9120495],[-4.0256492,55.9127364]]}},{"type":"Feature","properties":{"name":"2826(3)T","type":"Tracks","notes":"","section":"Cowlairs","colour":"#ffd600"},"geometry":{"type":"LineString","coordinates":[[-4.018131,55.9206417],[-4.0186433,55.9203329],[-4.0191207,55.9200263],[-4.019735,55.9196099],[-4.0202929,55.9192011],[-4.0209795,55.918627],[-4.0214382,55.9182136],[-4.0219639,55.9177041],[-4.0223823,55.9172682],[-4.0228302,55.9167496],[-4.0232245,55.9162491],[-4.02382,55.9153983],[-4.0247051,55.9141071],[-4.0256492,55.9127364]]}},{"type":"Feature","properties":{"name":"2826(2)T","type":"Tracks","notes":"","section":"Cowlairs","colour":"#0288d1"},"geometry":{"type":"LineString","coordinates":[[-4.0118481,55.9238676],[-4.012634,55.9234183],[-4.0134949,55.9229494],[-4.0141575,55.9226113],[-4.0155576,55.921932],[-4.0165929,55.921451],[-4.017293,55.9211046],[-4.017824,55.9208161],[-4.018131,55.9206417]]}},{"type":"Feature","properties":{"name":"2826(1)T","type":"Tracks","notes":"","section":"Cowlairs","colour":"#ffd600"},"geometry":{"type":"LineString","coordinates":[[-4.0056911,55.9275996],[-4.0077805,55.9263193],[-4.0092611,55.9254297],[-4.0107444,55.9245235],[-4.0116134,55.923999],[-4.0118481,55.9238676]]}},{"type":"Feature","properties":{"name":"2828T","type":"Tracks","notes":"","section":"Cowlairs","colour":"#0288d1"},"geometry":{"type":"LineString","coordinates":[[-4.0056911,55.9275996],[-4.0038124,55.9287322],[-4.0016694,55.9300169],[-4.0006957,55.9305969],[-3.9998428,55.9311123],[-3.9983997,55.9319988],[-3.9965034,55.9331407],[-3.995342,55.9338634],[-3.9945642,55.9343193]]}},{"type":"Feature","properties":{"name":"2830T","type":"Tracks","notes":"","section":"Cowlairs","colour":"#ffd600"},"geometry":{"type":"LineString","coordinates":[[-3.9847595,55.940049],[-3.9855642,55.9396562],[-3.9861275,55.9393535],[-3.9869321,55.9389028],[-3.9884717,55.9379939],[-3.9910788,55.936406],[-3.9932085,55.935138],[-3.9944209,55.9344063],[-3.9945642,55.9343193]]}},{"type":"Feature","properties":{"name":"2838T","type":"Tracks","notes":"","section":"Cowlairs","colour":"#0288d1"},"geometry":{"type":"LineString","coordinates":[[-3.9799295,55.9420461],[-3.981748,55.9413341],[-3.983368,55.9406731],[-3.9842988,55.9402615],[-3.9847595,55.940049]]}},{"type":"Feature","properties":{"name":"2842T","type":"Tracks","notes":"","section":"Cowlairs","colour":"#ffd600"},"geometry":{"type":"LineString","coordinates":[[-3.9799295,55.9420461],[-3.9795638,55.9421871],[-3.9792651,55.9423275],[-3.9795665,55.9421841],[-3.9786921,55.9425386]]}},{"type":"Feature","properties":{"name":"2844T","type":"Tracks","notes":"","section":"Cowlairs","colour":"#0288d1"},"geometry":{"type":"LineString","coordinates":[[-3.9786921,55.9425386],[-3.9759643,55.9436321],[-3.9744193,55.9442359],[-3.9732794,55.9446295],[-3.9713536,55.9452633],[-3.9698301,55.945807],[-3.969409,55.9459903],[-3.9689879,55.946202],[-3.9685909,55.9464003],[-3.9680866,55.9466872],[-3.9676226,55.9469846],[-3.9670406,55.9473841],[-3.9666195,55.947749],[-3.9662896,55.9480509],[-3.9658041,55.9485631],[-3.9656646,55.9487387]]}},{"type":"Feature","properties":{"name":"2848T","type":"Tracks","notes":"","section":"Cowlairs","colour":"#ffd600"},"geometry":{"type":"LineString","coordinates":[[-3.9656646,55.9487387],[-3.965445,55.9490341],[-3.9651527,55.9494892],[-3.9649757,55.9498526],[-3.964855,55.950153]]}},{"type":"Feature","properties":{"name":"2850(2)T","type":"Tracks","notes":"","section":"Cowlairs","colour":"#0288d1"},"geometry":{"type":"LineString","coordinates":[[-3.964855,55.950153],[-3.9647423,55.9504879],[-3.9646565,55.9507943],[-3.9645867,55.9511652],[-3.9644687,55.9524192],[-3.9643748,55.9529943],[-3.9641951,55.9538157],[-3.9640262,55.9544164],[-3.9637848,55.9550065],[-3.9635916,55.9553804],[-3.9632537,55.9558459],[-3.962846,55.956352],[-3.9624705,55.9567739],[-3.9621486,55.9571508],[-3.9619528,55.9574166],[-3.9617007,55.9578415],[-3.9615666,55.9581133]]}},{"type":"Feature","properties":{"name":"2850(1)T","type":"Tracks","notes":"","section":"Cowlairs","colour":"#ffd600"},"geometry":{"type":"LineString","coordinates":[[-3.9615666,55.9581133],[-3.9614352,55.9584525],[-3.9613493,55.9587918],[-3.9612608,55.9592183],[-3.9611508,55.9597933],[-3.9610677,55.9601251],[-3.9609336,55.9605095],[-3.9607297,55.9609104],[-3.9605366,55.9612587],[-3.9601772,55.9617346],[-3.9598312,55.962128]]}},{"type":"Feature","properties":{"name":"2852(2)T","type":"Tracks","notes":"","section":"Cowlairs","colour":"#0288d1"},"geometry":{"type":"LineString","coordinates":[[-3.9598312,55.962128],[-3.9595163,55.9624445],[-3.9592132,55.9627057],[-3.9587867,55.9630525],[-3.9576092,55.9638932],[-3.9558229,55.9651768],[-3.9553079,55.9655521],[-3.9547473,55.966034],[-3.9543155,55.9663943],[-3.9536878,55.9670248],[-3.9535054,55.9672199]]}},{"type":"Feature","properties":{"name":"2852(1)T","type":"Tracks","notes":"","section":"Cowlairs","colour":"#ffd600","equipment_number":[{"number":"487547","label":"Track"}]},"geometry":{"type":"LineString","coordinates":[[-3.9535054,55.9672199],[-3.9529333,55.9678752],[-3.9527241,55.9681244],[-3.9523352,55.9686573],[-3.9519463,55.9692442],[-3.9515885,55.9699],[-3.9513042,55.9704013],[-3.9510306,55.9708036],[-3.9508187,55.9710978],[-3.9503628,55.9716021],[-3.9499578,55.9720089],[-3.9494294,55.9724442],[-3.9489305,55.9728134],[-3.9485389,55.973082],[-3.9482975,55.9732321],[-3.9478173,55.9735203],[-3.9472729,55.9738295],[-3.9453256,55.9748681],[-3.9448776,55.9751623],[-3.9445155,55.9754114]]}},{"type":"Feature","properties":{"name":"2513T","type":"Tracks","notes":"","section":"Cowlairs","colour":"#7cb342","equipment_number":[{"number":"487534","label":"Track"}]},"geometry":{"type":"LineString","coordinates":[[-4.2457383,55.8886581],[-4.2463735,55.8886777],[-4.2470252,55.8887093],[-4.2480579,55.8887845],[-4.2491442,55.8889018],[-4.2500628,55.8890237],[-4.250602,55.8891124],[-4.2513047,55.8892395]]}},{"type":"Feature","properties":{"name":"2515(2)T","type":"Tracks","notes":"","section":"Cowlairs","colour":"#a52714","equipment_number":[{"number":"18226904","label":"Track"}]},"geometry":{"type":"LineString","coordinates":[[-4.268576,55.8916443],[-4.2679336,55.8914758],[-4.2674964,55.8913668],[-4.2669009,55.8912291],[-4.2665456,55.8911479],[-4.2655357,55.8909396],[-4.2648517,55.8908125],[-4.2638714,55.8906478],[-4.2632156,55.8905485],[-4.2625263,55.890456],[-4.2619804,55.8903891],[-4.2611168,55.8903004],[-4.2604435,55.8902417],[-4.2592043,55.890162],[-4.2580242,55.8901003],[-4.2573214,55.8900552],[-4.2565195,55.889992],[-4.2556424,55.8899078],[-4.2549128,55.889825],[-4.2541645,55.8897288],[-4.2533115,55.8896039],[-4.2524452,55.889455],[-4.2518014,55.8893302],[-4.2513047,55.8892395]]}},{"type":"Feature","properties":{"name":"2519T","type":"Tracks","notes":"","section":"Cowlairs","colour":"#7cb342","equipment_number":[{"number":"1831086","label":"Track"}]},"geometry":{"type":"LineString","coordinates":[[-4.2879481,55.8985068],[-4.2870362,55.898373],[-4.2862208,55.8982241],[-4.2855261,55.8980873],[-4.2845203,55.8978512],[-4.2836217,55.8976166],[-4.2828385,55.8973865],[-4.2819507,55.8970917],[-4.2810602,55.8967533],[-4.2801724,55.8963819],[-4.2749314,55.8939305],[-4.2739765,55.8934988],[-4.2728258,55.8930115],[-4.2715464,55.8925423],[-4.2701195,55.892079],[-4.268576,55.8916443]]}},{"type":"Feature","properties":{"name":"2521T","type":"Tracks","notes":"","section":"Cowlairs","colour":"#a52714","equipment_number":[{"number":"1831085","label":"Track"}]},"geometry":{"type":"LineString","coordinates":[[-4.2938455,55.898841],[-4.2930274,55.8988531],[-4.2924159,55.8988486],[-4.291756,55.8988305],[-4.2909889,55.8987959],[-4.2899992,55.8987298],[-4.2890524,55.898641],[-4.2882263,55.8985448],[-4.2879481,55.8985068]]}},{"type":"Feature","properties":{"name":"2523T","type":"Tracks","notes":"","section":"Cowlairs","colour":"#7cb342","equipment_number":[{"number":"1831084","label":"Track"}]},"geometry":{"type":"LineString","coordinates":[[-4.296229,55.8986573],[-4.2957542,55.8987174],[-4.2951615,55.8987716],[-4.2945338,55.8988092],[-4.2938455,55.898841]]}},{"type":"Feature","properties":{"name":"2525T","type":"Tracks","notes":"","section":"Cowlairs","colour":"#a52714","equipment_number":[{"number":"1831083","label":"Track"}]},"geometry":{"type":"LineString","coordinates":[[-4.2984525,55.8982663],[-4.2978517,55.8983941],[-4.2973206,55.8984934],[-4.2968057,55.8985821],[-4.296229,55.8986573]]}},{"type":"Feature","properties":{"name":"2527T","type":"Tracks","notes":"","section":"Cowlairs","colour":"#7cb342","equipment_number":[{"number":"482459","label":"Track"}]},"geometry":{"type":"LineString","coordinates":[[-4.2984525,55.8982663],[-4.29944,55.8980335],[-4.3002098,55.897817],[-4.3010225,55.8975418],[-4.3033157,55.8966844],[-4.3029188,55.896847],[-4.3033157,55.8966844],[-4.3037342,55.8965297],[-4.3043297,55.8962409],[-4.3046864,55.896059],[-4.3049922,55.8958755],[-4.3046864,55.896059],[-4.3043297,55.8962409],[-4.3037316,55.8965282],[-4.3054508,55.8958499]]}},{"type":"Feature","properties":{"name":"2512T","type":"Tracks","notes":"","section":"Cowlairs","colour":"#ffd600","equipment_number":[{"number":"487532","label":"Track"}]},"geometry":{"type":"LineString","coordinates":[[-4.2471456,55.8887465],[-4.2463866,55.8887059],[-4.2458045,55.8886893],[-4.2454405,55.8886836]]}},{"type":"Feature","properties":{"name":"2516T","type":"Tracks","notes":"","section":"Cowlairs","colour":"#0288d1","equipment_number":[{"number":"487545","label":"Track"}]},"geometry":{"type":"LineString","coordinates":[[-4.2531437,55.8896105],[-4.252614,55.889521],[-4.2515639,55.889318],[-4.2507727,55.8891721],[-4.2499492,55.8890412],[-4.2491848,55.8889344],[-4.2482004,55.8888306],[-4.2471456,55.8887465]]}},{"type":"Feature","properties":{"name":"2518(2)T","type":"Tracks","notes":"","section":"Cowlairs","colour":"#ffd600","equipment_number":[{"number":"487536","label":"Track"}]},"geometry":{"type":"LineString","coordinates":[[-4.2685564,55.8916711],[-4.2675251,55.8914102],[-4.2665018,55.8911695],[-4.2652573,55.8909199],[-4.2639269,55.8906882],[-4.262913,55.8905363],[-4.261808,55.8904009],[-4.2606868,55.8902911],[-4.2594637,55.8902084],[-4.258018,55.8901317],[-4.2573099,55.8900851],[-4.2567359,55.8900414],[-4.2553438,55.8899061],[-4.2542656,55.8897752],[-4.2536675,55.8896895],[-4.2531437,55.8896105]]}},{"type":"Feature","properties":{"name":"2518(1)T","type":"Tracks","notes":"","section":"Cowlairs","colour":"#0288d1","equipment_number":[{"number":"487528","label":"Track"}]},"geometry":{"type":"LineString","coordinates":[[-4.2879187,55.89854],[-4.2870068,55.8984016],[-4.2860921,55.8982347],[-4.2852231,55.8980558],[-4.284287,55.8978257],[-4.2831578,55.8975159],[-4.2820849,55.8971745],[-4.2809476,55.8967534],[-4.2801349,55.8964045],[-4.2775037,55.8951803],[-4.2740812,55.8935891],[-4.2729654,55.8931199],[-4.2719032,55.8927153],[-4.2703046,55.8921723],[-4.2694597,55.8919197],[-4.2685564,55.8916711]]}},{"type":"Feature","properties":{"name":"2520T","type":"Tracks","notes":"","section":"Cowlairs","colour":"#ffd600","equipment_number":[{"number":"1831082","label":"Track"},{"number":"482655","label":"Track"}]},"geometry":{"type":"LineString","coordinates":[[-4.3024642,55.8970323],[-4.301158,55.8975211],[-4.3001334,55.8978715],[-4.2995004,55.8980489],[-4.2985053,55.8982865],[-4.2975665,55.8984805],[-4.2964775,55.8986625],[-4.2956943,55.8987542],[-4.295056,55.8988083],[-4.2938972,55.898864],[-4.2929987,55.898882],[-4.2920411,55.89887],[-4.291207,55.8988384],[-4.290228,55.8987798],[-4.2893187,55.8987001],[-4.2885891,55.8986204],[-4.2879187,55.89854]]}},{"type":"Feature","properties":{"name":"2522T","type":"Tracks","notes":"","section":"Cowlairs","colour":"#0288d1","equipment_number":[{"number":"1831081","label":"Track"}]},"geometry":{"type":"LineString","coordinates":[[-4.3024642,55.8970323],[-4.3026884,55.8969477],[-4.3029188,55.896847],[-4.3026884,55.8969477],[-4.3035655,55.8966289]]}},{"type":"Feature","properties":{"name":"2524T","type":"Tracks","notes":"","section":"Cowlairs","colour":"#ffd600","equipment_number":[{"number":"1831078","label":"Track"}]},"geometry":{"type":"LineString","coordinates":[[-4.3058615,55.895725],[-4.3035655,55.8966289]]}},{"type":"Feature","properties":{"name":"2526T","type":"Tracks","notes":"","section":"Cowlairs","colour":"#0288d1","equipment_number":[{"number":"1831073","label":"Track"}]},"geometry":{"type":"LineString","coordinates":[[-4.3095173,55.8945174],[-4.3090828,55.8946106],[-4.3085115,55.894761],[-4.3080314,55.8949114],[-4.3076532,55.8950438],[-4.3058615,55.895725]]}},{"type":"Feature","properties":{"name":"2528T","type":"Tracks","notes":"","section":"Cowlairs","colour":"#ffd600","equipment_number":[{"number":"1831072","label":"Track"}]},"geometry":{"type":"LineString","coordinates":[[-4.3271407,55.900715],[-4.325797,55.9002443],[-4.3252176,55.9000067],[-4.3245605,55.899703],[-4.3238389,55.8993075],[-4.3233508,55.8989962],[-4.3229324,55.8986924],[-4.3225568,55.8983721],[-4.3221894,55.8980082],[-4.3215322,55.8972111],[-4.321323,55.8969795],[-4.3209636,55.8966427],[-4.3207088,55.8964351],[-4.3201992,55.8960712],[-4.3198103,55.8958231],[-4.3193301,55.8955614],[-4.3188447,55.8953358],[-4.3182599,55.8950997],[-4.3177128,55.8949057],[-4.3172434,55.8947598],[-4.3167633,55.8946379],[-4.3161437,55.8945011],[-4.3154034,55.8943657],[-4.3147892,55.8942785],[-4.3139979,55.8942078],[-4.3133139,55.8941747],[-4.3125871,55.8941732],[-4.3120265,55.8941973],[-4.3114445,55.8942334],[-4.3108839,55.8942875],[-4.3103018,55.8943733],[-4.3099075,55.8944409],[-4.3095173,55.8945174]]}},{"type":"Feature","properties":{"name":"2752T","type":"Tracks","notes":"","section":"Cowlairs","colour":"#ffd600","equipment_number":[{"number":"1829389","label":"Track"}]},"geometry":{"type":"LineString","coordinates":[[-4.3090727,55.8936536],[-4.3084505,55.893804],[-4.3078175,55.8940146],[-4.3073561,55.8942071],[-4.3070021,55.8943845],[-4.3066319,55.8946011],[-4.306235,55.8948417],[-4.3058219,55.8951967],[-4.3055591,55.8954463],[-4.3053069,55.8956569],[-4.3049922,55.8958755]]}},{"type":"Feature","properties":{"name":"2760T","type":"Tracks","notes":"","section":"Cowlairs","colour":"#7cb342","equipment_number":[{"number":"17749952","label":"Track"}]},"geometry":{"type":"LineString","coordinates":[[-4.3204153,55.8914223],[-4.3208726,55.8907146],[-4.3213487,55.8900144]]}},{"type":"Feature","properties":{"name":"2758T","type":"Tracks","notes":"","section":"Cowlairs","colour":"#a52714","equipment_number":[{"number":"17749943","label":"Track"}]},"geometry":{"type":"LineString","coordinates":[[-4.3204153,55.8914223],[-4.3201871,55.8917789],[-4.3200021,55.8920166],[-4.3198411,55.8921805],[-4.3196051,55.8923911],[-4.3193637,55.8925685],[-4.3190955,55.892743],[-4.3187682,55.892922],[-4.3183874,55.8930889],[-4.3179019,55.8932589],[-4.3174781,55.8933732],[-4.3170677,55.8934695]]}},{"type":"Feature","properties":{"name":"2756T","type":"Tracks","notes":"","section":"Cowlairs","colour":"#7cb342","equipment_number":[{"number":"1829391","label":"Track"}]},"geometry":{"type":"LineString","coordinates":[[-4.3170677,55.8934695],[-4.3167325,55.8935251],[-4.3163891,55.8935792],[-4.3161531,55.8936048],[-4.3157481,55.8936349],[-4.3162497,55.8936138],[-4.3167083,55.8935627],[-4.3170892,55.893501],[-4.3167083,55.8935627],[-4.3162497,55.8936138],[-4.3157481,55.8936349],[-4.3154852,55.8936439],[-4.3147771,55.8936364],[-4.3143346,55.8936018],[-4.3139322,55.8935792]]}},{"type":"Feature","properties":{"name":"2754T","type":"Tracks","notes":"","section":"Cowlairs","colour":"#0288d1","equipment_number":[{"number":"1829390","label":"Track"}]},"geometry":{"type":"LineString","coordinates":[[-4.3139322,55.8935792],[-4.3120059,55.8934439],[-4.3116331,55.8934288],[-4.3111395,55.8934258],[-4.3107774,55.8934394],[-4.31041,55.8934634],[-4.3100371,55.8934965],[-4.309616,55.8935582],[-4.3090727,55.8936536]]}},{"type":"Feature","properties":{"name":"2757T","type":"Tracks","notes":"","section":"Cowlairs","colour":"#ffd600","equipment_number":[{"number":"17749944","label":"Track"}]},"geometry":{"type":"LineString","coordinates":[[-4.318191,55.8932025],[-4.3178584,55.8933108],[-4.3174802,55.8934085],[-4.3170892,55.893501]]}},{"type":"Feature","properties":{"name":"2759T","type":"Tracks","notes":"","section":"Cowlairs","colour":"#0288d1"},"geometry":{"type":"LineString","coordinates":[[-4.3192819,55.8926768],[-4.3190244,55.8928318],[-4.3187535,55.8929701],[-4.3185497,55.8930649],[-4.318191,55.8932025]]}},{"type":"Feature","properties":{"name":"2761T","type":"Tracks","notes":"","section":"Cowlairs","colour":"#ffd600"},"geometry":{"type":"LineString","coordinates":[[-4.3199802,55.8921078],[-4.3198193,55.8922642],[-4.3196342,55.8924312],[-4.3194384,55.8925711],[-4.3192819,55.8926768]]}},{"type":"Feature","properties":{"name":"2128T","type":"Tracks","notes":"","section":"Cowlairs","colour":"#0288d1","equipment_number":[{"number":"487591","label":"Track"}]},"geometry":{"type":"LineString","coordinates":[[-4.2401352,55.8929398],[-4.2403136,55.8925792],[-4.2405456,55.891993],[-4.2406287,55.8917463],[-4.2407503,55.8912731],[-4.2407132,55.8914222],[-4.2406341,55.8916313]]}},{"type":"Feature","properties":{"name":"2126T","type":"Tracks","notes":"","section":"Cowlairs","colour":"#ffd600","equipment_number":[{"number":"487589","label":"Track"}]},"geometry":{"type":"LineString","coordinates":[[-4.2401352,55.8929398],[-4.2399652,55.8932205],[-4.2396554,55.8936898],[-4.2398767,55.8933574],[-4.2399384,55.8932295]]}},{"type":"Feature","properties":{"name":"2124T","type":"Tracks","notes":"","section":"Cowlairs","colour":"#0288d1","equipment_number":[{"number":"1468587","label":"Track"}]},"geometry":{"type":"LineString","coordinates":[[-4.2388762,55.8946403],[-4.2390479,55.8944523],[-4.2392598,55.8941981],[-4.2394046,55.8940251],[-4.2396192,55.8937394],[-4.2396554,55.8936898]]}},{"type":"Feature","properties":{"name":"2122T","type":"Tracks","notes":"","section":"Cowlairs","colour":"#ffd600","equipment_number":[{"number":"1468595","label":"Track"}]},"geometry":{"type":"LineString","coordinates":[[-4.2388762,55.8946403],[-4.238732,55.8947945],[-4.2384745,55.8950442],[-4.2377959,55.8956517],[-4.2374821,55.8959179],[-4.2372729,55.8960924]]}},{"type":"Feature","properties":{"name":"2120T","type":"Tracks","notes":"","section":"Cowlairs","colour":"#0288d1","equipment_number":[{"number":"1468629","label":"Track"}]},"geometry":{"type":"LineString","coordinates":[[-4.2356172,55.8974657],[-4.2372729,55.8960924]]}},{"type":"Feature","properties":{"name":"2118T","type":"Tracks","notes":"","section":"Cowlairs","colour":"#ffd600","equipment_number":[{"number":"487587","label":"Track"}]},"geometry":{"type":"LineString","coordinates":[[-4.2298247,55.9016775],[-4.2303263,55.9013979],[-4.2309539,55.9010219],[-4.2314877,55.9006971],[-4.2321958,55.900231],[-4.2325042,55.9000054],[-4.2329253,55.8996851],[-4.2338185,55.8989558],[-4.2356172,55.8974657]]}},{"type":"Feature","properties":{"name":"2116T","type":"Tracks","notes":"","section":"Cowlairs","colour":"#0288d1","equipment_number":[{"number":"1468730","label":"Track"}]},"geometry":{"type":"LineString","coordinates":[[-4.2286641,55.9022758],[-4.2295774,55.9018066],[-4.2298247,55.9016775]]}},{"type":"Feature","properties":{"name":"2114T","type":"Tracks","notes":"","section":"Cowlairs","colour":"#ffd600","equipment_number":[{"number":"1468739","label":"Track"}]},"geometry":{"type":"LineString","coordinates":[[-4.2263535,55.9032787],[-4.2274022,55.9028501],[-4.2281908,55.9024938],[-4.2286641,55.9022758]]}},{"type":"Feature","properties":{"name":"2112T","type":"Tracks","notes":"","section":"Cowlairs","colour":"#0288d1","equipment_number":[{"number":"1468626","label":"Track"}]},"geometry":{"type":"LineString","coordinates":[[-4.2263535,55.9032787],[-4.2212447,55.9052564]]}},{"type":"Feature","properties":{"name":"2110T","type":"Tracks","notes":"","section":"Cowlairs","colour":"#ffd600","equipment_number":[{"number":"1468624","label":"Track"}]},"geometry":{"type":"LineString","coordinates":[[-4.2141363,55.9079989],[-4.2212447,55.9052564]]}},{"type":"Feature","properties":{"name":"2108T","type":"Tracks","notes":"","section":"Cowlairs","colour":"#0288d1","equipment_number":[{"number":"487585","label":"Track"}]},"geometry":{"type":"LineString","coordinates":[[-4.2092215,55.9098814],[-4.2103943,55.909444],[-4.2115161,55.909011],[-4.2141363,55.9079989]]}},{"type":"Feature","properties":{"name":"2106T","type":"Tracks","notes":"","section":"Cowlairs","colour":"#ffd600","equipment_number":[{"number":"487555","label":"Track"}]},"geometry":{"type":"LineString","coordinates":[[-4.2028593,55.9116749],[-4.2036372,55.9115005],[-4.2041951,55.9113637],[-4.2053001,55.9110871],[-4.206086,55.9108721],[-4.2070382,55.910594],[-4.2079287,55.9103144],[-4.2092215,55.9098814]]}},{"type":"Feature","properties":{"name":"2104T","type":"Tracks","notes":"","section":"Cowlairs","colour":"#0288d1","equipment_number":[{"number":"487599","label":"Track"}]},"geometry":{"type":"LineString","coordinates":[[-4.1993349,55.91237],[-4.1999081,55.912267],[-4.2006263,55.9121309],[-4.2013852,55.9119833],[-4.2019749,55.9118624],[-4.2028593,55.9116749]]}},{"type":"Feature","properties":{"name":"2102T","type":"Tracks","notes":"","section":"Cowlairs","colour":"#ffd600","equipment_number":[{"number":"487544","label":"Track"}]},"geometry":{"type":"LineString","coordinates":[[-4.1964277,55.9128327],[-4.1993349,55.91237]]}},{"type":"Feature","properties":{"name":"2098T","type":"Tracks","notes":"","section":"Cowlairs","colour":"#0288d1","equipment_number":[{"number":"1468608","label":"Track"}]},"geometry":{"type":"LineString","coordinates":[[-4.1953897,55.912971],[-4.1958242,55.9129214],[-4.1964277,55.9128327],[-4.1958242,55.9129214],[-4.1947379,55.9130898]]}},{"type":"Feature","properties":{"name":"2096T","type":"Tracks","notes":"","section":"Cowlairs","colour":"#ffd600","equipment_number":[{"number":"1468630","label":"Track"}]},"geometry":{"type":"LineString","coordinates":[[-4.192949,55.9134068],[-4.1942995,55.9131557],[-4.1947379,55.9130898],[-4.1942995,55.9131557],[-4.1929034,55.9133714]]}},{"type":"Feature","properties":{"name":"2088T","type":"Tracks","notes":"","section":"Cowlairs","colour":"#0288d1","equipment_number":[{"number":"487541","label":"Track"}]},"geometry":{"type":"LineString","coordinates":[[-4.1824967,55.9150229],[-4.1851896,55.9146231],[-4.1894956,55.9139615],[-4.192949,55.9134068]]}},{"type":"Feature","properties":{"name":"2129T","type":"Tracks","notes":"","section":"Cowlairs","colour":"#ffd600","equipment_number":[{"number":"487582","label":"Track"}]},"geometry":{"type":"LineString","coordinates":[[-4.2403808,55.8921453],[-4.2405487,55.8916198]]}},{"type":"Feature","properties":{"name":"2127T","type":"Tracks","notes":"","section":"Cowlairs","colour":"#7cb342","equipment_number":[{"number":"487600","label":"Track"}]},"geometry":{"type":"LineString","coordinates":[[-4.2406744,55.8913618],[-4.240539,55.8918369],[-4.2406341,55.8916313],[-4.240539,55.8918369],[-4.2403311,55.8924167],[-4.2403808,55.8921453],[-4.2403325,55.892416],[-4.2401782,55.8927371],[-4.2400777,55.8929281]]}},{"type":"Feature","properties":{"name":"2125T","type":"Tracks","notes":"","section":"Cowlairs","colour":"#a52714","equipment_number":[{"number":"487588","label":"Track"}]},"geometry":{"type":"LineString","coordinates":[[-4.2399384,55.8932295],[-4.2400548,55.8929702],[-4.2400777,55.8929281],[-4.2400535,55.8929702],[-4.2398644,55.8932935],[-4.2396887,55.8935583],[-4.2396002,55.8936846]]}},{"type":"Feature","properties":{"name":"2123T","type":"Tracks","notes":"","section":"Cowlairs","colour":"#7cb342","equipment_number":[{"number":"1468618","label":"Track"}]},"geometry":{"type":"LineString","coordinates":[[-4.2396002,55.8936846],[-4.239407,55.8939455],[-4.239226,55.8941726],[-4.239053,55.8943763],[-4.2388237,55.894626]]}},{"type":"Feature","properties":{"name":"2121T","type":"Tracks","notes":"","section":"Cowlairs","colour":"#a52714","equipment_number":[{"number":"1468597","label":"Track"}]},"geometry":{"type":"LineString","coordinates":[[-4.2372301,55.896073],[-4.2378832,55.8955233],[-4.2383486,55.8950977],[-4.2388237,55.894626]]}},{"type":"Feature","properties":{"name":"2119T","type":"Tracks","notes":"","section":"Cowlairs","colour":"#7cb342","equipment_number":[{"number":"1468628","label":"Track"}]},"geometry":{"type":"LineString","coordinates":[[-4.2372301,55.896073],[-4.2364079,55.8967524],[-4.235567,55.8974528]]}},{"type":"Feature","properties":{"name":"2117T","type":"Tracks","notes":"","section":"Cowlairs","colour":"#a52714","equipment_number":[{"number":"1468627","label":"Track"}]},"geometry":{"type":"LineString","coordinates":[[-4.2297839,55.9016451],[-4.2305001,55.9012451],[-4.2314442,55.9006752],[-4.2318975,55.9003835],[-4.2325144,55.8999429],[-4.2331528,55.8994436],[-4.2352154,55.8977413],[-4.235567,55.8974528]]}},{"type":"Feature","properties":{"name":"2115T","type":"Tracks","notes":"","section":"Cowlairs","colour":"#7cb342","equipment_number":[{"number":"487586","label":"Track"}]},"geometry":{"type":"LineString","coordinates":[[-4.2286348,55.902241],[-4.2297839,55.9016451]]}},{"type":"Feature","properties":{"name":"2113T","type":"Tracks","notes":"","section":"Cowlairs","colour":"#a52714","equipment_number":[{"number":"1468738","label":"Track"}]},"geometry":{"type":"LineString","coordinates":[[-4.2263308,55.9032485],[-4.227511,55.9027658],[-4.2286348,55.902241]]}},{"type":"Feature","properties":{"name":"2111T","type":"Tracks","notes":"","section":"Cowlairs","colour":"#7cb342","equipment_number":[{"number":"1468625","label":"Track"}]},"geometry":{"type":"LineString","coordinates":[[-4.2263308,55.9032485],[-4.2245257,55.9039552],[-4.2212265,55.9052287]]}},{"type":"Feature","properties":{"name":"2109T","type":"Tracks","notes":"","section":"Cowlairs","colour":"#a52714","equipment_number":[{"number":"1468623","label":"Track"}]},"geometry":{"type":"LineString","coordinates":[[-4.214112,55.907967],[-4.2212265,55.9052287]]}},{"type":"Feature","properties":{"name":"2107T","type":"Tracks","notes":"","section":"Cowlairs","colour":"#7cb342","equipment_number":[{"number":"1468622","label":"Track"}]},"geometry":{"type":"LineString","coordinates":[[-4.2092223,55.9098395],[-4.2104951,55.9093682],[-4.2117008,55.9089006],[-4.214112,55.907967]]}},{"type":"Feature","properties":{"name":"2105T","type":"Tracks","notes":"","section":"Cowlairs","colour":"#a52714","equipment_number":[{"number":"487584","label":"Track"}]},"geometry":{"type":"LineString","coordinates":[[-4.2092223,55.9098395],[-4.2082631,55.9101719],[-4.2074933,55.9104184],[-4.2064285,55.9107417],[-4.2053905,55.9110288],[-4.2045804,55.9112378],[-4.2033895,55.9115174],[-4.2028343,55.9116406]]}},{"type":"Feature","properties":{"name":"2103T","type":"Tracks","notes":"","section":"Cowlairs","colour":"#7cb342","equipment_number":[{"number":"487571","label":"Track"}]},"geometry":{"type":"LineString","coordinates":[[-4.2028343,55.9116406],[-4.2020484,55.911815],[-4.201174,55.9119924],[-4.1995754,55.9122916],[-4.1993233,55.9123337]]}},{"type":"Feature","properties":{"name":"2101T","type":"Tracks","notes":"","section":"Cowlairs","colour":"#a52714","equipment_number":[{"number":"1468621","label":"Track"}]},"geometry":{"type":"LineString","coordinates":[[-4.1964131,55.9128072],[-4.1993233,55.9123337]]}},{"type":"Feature","properties":{"name":"2097T","type":"Tracks","notes":"","section":"Cowlairs","colour":"#7cb342","equipment_number":[{"number":"1468619","label":"Track"}]},"geometry":{"type":"LineString","coordinates":[[-4.1964131,55.9128072],[-4.1947636,55.9130537],[-4.1950827,55.9130071],[-4.1953897,55.912971]]}},{"type":"Feature","properties":{"name":"2095T","type":"Tracks","notes":"","section":"Cowlairs","colour":"#a52714","equipment_number":[{"number":"1468617","label":"Track"}]},"geometry":{"type":"LineString","coordinates":[[-4.192886,55.9133408],[-4.1947636,55.9130537],[-4.1943317,55.9131184],[-4.1937872,55.9131695],[-4.1935405,55.9131965],[-4.1929853,55.9132777],[-4.1922181,55.9133514],[-4.1921538,55.9133589],[-4.1922181,55.9133506],[-4.1929853,55.9132785],[-4.192068,55.9134167]]}},{"type":"Feature","properties":{"name":"2092T","type":"Tracks","notes":"","section":"Cowlairs","colour":"#0288d1","equipment_number":[{"number":"1468729","label":"Track"}]},"geometry":{"type":"LineString","coordinates":[[-4.1929034,55.9133714],[-4.1903026,55.9137693]]}},{"type":"Feature","properties":{"name":"2091T","type":"Tracks","notes":"","section":"Cowlairs","colour":"#7cb342","equipment_number":[{"number":"487543","label":"Track"}]},"geometry":{"type":"LineString","coordinates":[[-4.1902914,55.9137402],[-4.192886,55.9133408]]}},{"type":"Feature","properties":{"name":"2089T","type":"Tracks","notes":"","section":"Cowlairs","colour":"#7cb342","equipment_number":[{"number":"487540","label":"Track"}]},"geometry":{"type":"LineString","coordinates":[[-4.1902753,55.9136936],[-4.192068,55.9134167]]}},{"type":"Feature","properties":{"name":"2087T","type":"Tracks","notes":"","section":"Cowlairs","colour":"#7cb342","equipment_number":[{"number":"1468616","label":"Track"}]},"geometry":{"type":"LineString","coordinates":[[-4.1891863,55.9138078],[-4.1918341,55.9134015],[-4.1921538,55.9133589]]}},{"type":"Feature","properties":{"name":"2086T","type":"Tracks","notes":"","section":"Cowlairs","colour":"#ffd600","equipment_number":[{"number":"487542","label":"Track"}]},"geometry":{"type":"LineString","coordinates":[[-4.1824929,55.9149518],[-4.185797,55.9144553],[-4.1903026,55.9137693]]}},{"type":"Feature","properties":{"name":"2085T","type":"Tracks","notes":"","section":"Cowlairs","colour":"#a52714","equipment_number":[{"number":"487538","label":"Track"}]},"geometry":{"type":"LineString","coordinates":[[-4.1902914,55.9137402],[-4.1824762,55.9149219],[-4.1814355,55.9150813]]}},{"type":"Feature","properties":{"name":"2083T","type":"Tracks","notes":"","section":"Cowlairs","colour":"#a52714","equipment_number":[{"number":"487539","label":"Track"}]},"geometry":{"type":"LineString","coordinates":[[-4.1814181,55.9150319],[-4.1902753,55.9136936]]}},{"type":"Feature","properties":{"name":"2084T","type":"Tracks","notes":"","section":"Cowlairs","colour":"#ffd600","equipment_number":[{"number":"1468615","label":"Track"}]},"geometry":{"type":"LineString","coordinates":[[-4.1777477,55.9157487],[-4.1824967,55.9150229]]}},{"type":"Feature","properties":{"name":"2082T","type":"Tracks","notes":"","section":"Cowlairs","colour":"#0288d1","equipment_number":[{"number":"487561","label":"Track"}]},"geometry":{"type":"LineString","coordinates":[[-4.1777075,55.9156841],[-4.1824929,55.9149518]]}},{"type":"Feature","properties":{"name":"2081T","type":"Tracks","notes":"","section":"Cowlairs","colour":"#7cb342","equipment_number":[{"number":"487537","label":"Track"}]},"geometry":{"type":"LineString","coordinates":[[-4.177694,55.915651],[-4.1814355,55.9150813]]}},{"type":"Feature","properties":{"name":"2079T","type":"Tracks","notes":"","section":"Cowlairs","colour":"#7cb342","equipment_number":[{"number":"487562","label":"Track"}]},"geometry":{"type":"LineString","coordinates":[[-4.1776699,55.9156044],[-4.1814181,55.9150319]]}},{"type":"Feature","properties":{"name":"2078T","type":"Tracks","notes":"","section":"Cowlairs","colour":"#0288d1","equipment_number":[{"number":"1468614","label":"Track"}]},"geometry":{"type":"LineString","coordinates":[[-4.1777477,55.9157487],[-4.1753417,55.916117]]}},{"type":"Feature","properties":{"name":"2076T","type":"Tracks","notes":"","section":"Cowlairs","colour":"#ffd600","equipment_number":[{"number":"487560","label":"Track"}]},"geometry":{"type":"LineString","coordinates":[[-4.1777075,55.9156841],[-4.175315,55.9160588]]}},{"type":"Feature","properties":{"name":"2075T","type":"Tracks","notes":"","section":"Cowlairs","colour":"#a52714","equipment_number":[{"number":"1468728","label":"Track"}]},"geometry":{"type":"LineString","coordinates":[[-4.1753065,55.9160287],[-4.177694,55.915651]]}},{"type":"Feature","properties":{"name":"2073T","type":"Tracks","notes":"","section":"Cowlairs","colour":"#a52714","equipment_number":[{"number":"1468613","label":"Track"}]},"geometry":{"type":"LineString","coordinates":[[-4.1756957,55.9159151],[-4.1776699,55.9156044]]}},{"type":"Feature","properties":{"name":"2067T","type":"Tracks","notes":"","section":"Cowlairs","colour":"#7cb342","equipment_number":[{"number":"487558","label":"Track"}]},"geometry":{"type":"LineString","coordinates":[[-4.1716221,55.9167036],[-4.1723524,55.9165588],[-4.1737129,55.9163044],[-4.1753065,55.9160287],[-4.1737129,55.9163044],[-4.1747429,55.9160895],[-4.1750486,55.9160279],[-4.1756957,55.9159151],[-4.1750486,55.9160279],[-4.1756655,55.9158911],[-4.1758774,55.915843],[-4.1762503,55.9157723]]}},{"type":"Feature","properties":{"name":"2070T","type":"Tracks","notes":"","section":"Cowlairs","colour":"#a52714","equipment_number":[{"number":"1468727","label":"Track"}]},"geometry":{"type":"LineString","coordinates":[[-4.1753417,55.916117],[-4.1741235,55.916308],[-4.1734556,55.9164312],[-4.1727528,55.916562],[-4.172541,55.9165966]]}},{"type":"Feature","properties":{"name":"2068T","type":"Tracks","notes":"","section":"Cowlairs","colour":"#0288d1","equipment_number":[{"number":"487559","label":"Track"}]},"geometry":{"type":"LineString","coordinates":[[-4.1730264,55.9164658],[-4.175315,55.9160588]]}},{"type":"Feature","properties":{"name":"2066T","type":"Tracks","notes":"","section":"Cowlairs","colour":"#ffd600","equipment_number":[{"number":"487557","label":"Track"}]},"geometry":{"type":"LineString","coordinates":[[-4.1707668,55.9168908],[-4.1702894,55.917005],[-4.1699756,55.9170681],[-4.1702894,55.917005],[-4.1714937,55.91676],[-4.1718612,55.9166878],[-4.172541,55.9165966],[-4.1718612,55.9166878],[-4.1730264,55.9164658]]}},{"type":"Feature","properties":{"name":"2065T","type":"Tracks","notes":"","section":"Cowlairs","colour":"#a52714","equipment_number":[{"number":"487556","label":"Track"}]},"geometry":{"type":"LineString","coordinates":[[-4.1699591,55.9170407],[-4.1713042,55.9167648],[-4.1716221,55.9167036],[-4.1713029,55.9167641],[-4.1707668,55.9168908]]}},{"type":"Feature","properties":{"name":"2064T","type":"Tracks","notes":"","section":"Cowlairs","colour":"#0288d1","equipment_number":[{"number":"487550","label":"Track"}]},"geometry":{"type":"LineString","coordinates":[[-4.1672796,55.9176825],[-4.1699756,55.9170681]]}},{"type":"Feature","properties":{"name":"2063T","type":"Tracks","notes":"","section":"Cowlairs","colour":"#7cb342","equipment_number":[{"number":"487554","label":"Track"}]},"geometry":{"type":"LineString","coordinates":[[-4.1672528,55.9176442],[-4.1699591,55.9170407]]}},{"type":"Feature","properties":{"name":"2062T","type":"Tracks","notes":"","section":"Cowlairs","colour":"#ffd600","equipment_number":[{"number":"487552","label":"Track"}]},"geometry":{"type":"LineString","coordinates":[[-4.1644872,55.9183915],[-4.1672796,55.9176825]]}},{"type":"Feature","properties":{"name":"2061T","type":"Tracks","notes":"","section":"Cowlairs","colour":"#a52714","equipment_number":[{"number":"487563","label":"Track"}]},"geometry":{"type":"LineString","coordinates":[[-4.1644685,55.9183615],[-4.1672528,55.9176442]]}},{"type":"Feature","properties":{"name":"2060T","type":"Tracks","notes":"","section":"Cowlairs","colour":"#0288d1","equipment_number":[{"number":"487546","label":"Track"}]},"geometry":{"type":"LineString","coordinates":[[-4.1619958,55.919101],[-4.1644872,55.9183915]]}},{"type":"Feature","properties":{"name":"2058T","type":"Tracks","notes":"","section":"Cowlairs","colour":"#ffd600","equipment_number":[{"number":"487602","label":"Track"}]},"geometry":{"type":"LineString","coordinates":[[-4.1552221,55.9210366],[-4.1562049,55.9207856],[-4.1574038,55.9204625],[-4.1582568,55.9202205],[-4.1590829,55.91998],[-4.1598741,55.9197411],[-4.1619958,55.919101]]}},{"type":"Feature","properties":{"name":"2059T","type":"Tracks","notes":"","section":"Cowlairs","colour":"#7cb342","equipment_number":[{"number":"487549","label":"Track"}]},"geometry":{"type":"LineString","coordinates":[[-4.1586333,55.9200803],[-4.1599811,55.919676],[-4.161742,55.9191394],[-4.1644685,55.9183615]]}},{"type":"Feature","properties":{"name":"2057T","type":"Tracks","notes":"","section":"Cowlairs","colour":"#a52714","equipment_number":[{"number":"487551","label":"Track"}]},"geometry":{"type":"LineString","coordinates":[[-4.1547509,55.9211253],[-4.157307,55.9204549],[-4.1586333,55.9200803]]}},{"type":"Feature","properties":{"name":"2056T","type":"Tracks","notes":"","section":"Cowlairs","colour":"#0288d1","equipment_number":[{"number":"487548","label":"Track"}]},"geometry":{"type":"LineString","coordinates":[[-4.1445529,55.9235302],[-4.1472273,55.9229114],[-4.1504701,55.9221615],[-4.1529887,55.9215814],[-4.1538819,55.9213725],[-4.1546972,55.9211726],[-4.1552221,55.9210366]]}},{"type":"Feature","properties":{"name":"2055(2)T","type":"Tracks","notes":"","section":"Cowlairs","colour":"#7cb342","equipment_number":[{"number":"487529","label":"Track"}]},"geometry":{"type":"LineString","coordinates":[[-4.1547509,55.9211253],[-4.1540499,55.9213003],[-4.15269,55.921622],[-4.1516117,55.9218654],[-4.1495062,55.9223509],[-4.1472049,55.9228829],[-4.1445204,55.9234939]]}},{"type":"Feature","properties":{"name":"2054T","type":"Tracks","notes":"","section":"Cowlairs","colour":"#ffd600","equipment_number":[{"number":"487653","label":"Track"}]},"geometry":{"type":"LineString","coordinates":[[-4.1299928,55.9268843],[-4.1332275,55.9261374],[-4.1372079,55.9252192],[-4.1381413,55.9250021],[-4.138655,55.9248721],[-4.1399277,55.9245806],[-4.1406546,55.924425],[-4.1420064,55.9241162],[-4.1433032,55.9238156],[-4.1445529,55.9235302]]}},{"type":"Feature","properties":{"name":"2055(1)T","type":"Tracks","notes":"","section":"Cowlairs","colour":"#a52714","equipment_number":[{"number":"487583","label":"Track"}]},"geometry":{"type":"LineString","coordinates":[[-4.1362516,55.9254054],[-4.1378985,55.9250267],[-4.1385502,55.9248644],[-4.1389204,55.9247735],[-4.1407952,55.9243595],[-4.1413303,55.9242378],[-4.1426942,55.9239222],[-4.1445204,55.9234939]]}},{"type":"Feature","properties":{"name":"2052T","type":"Tracks","notes":"","section":"Cowlairs","colour":"#0288d1","equipment_number":[{"number":"482624","label":"Track"},{"number":"487651","label":"Track"}]},"geometry":{"type":"LineString","coordinates":[[-4.1138306,55.9294574],[-4.1148901,55.9293131],[-4.1158879,55.9291914],[-4.117111,55.9290517],[-4.1195357,55.9287767],[-4.1211128,55.9285754],[-4.122706,55.9283485],[-4.1234088,55.9282418],[-4.1244334,55.928072],[-4.1255653,55.9278601],[-4.1270539,55.927555],[-4.1299928,55.9268843]]}},{"type":"Feature","properties":{"name":"2053T","type":"Tracks","notes":"","section":"Cowlairs","colour":"#7cb342","equipment_number":[{"number":"482613","label":"Track"},{"number":"487652","label":"Track"}]},"geometry":{"type":"LineString","coordinates":[[-4.1194954,55.9287489],[-4.1217244,55.9284574],[-4.1230172,55.9282696],[-4.1244763,55.9280352],[-4.1258737,55.9277707],[-4.1272578,55.9274762],[-4.1299748,55.926857],[-4.1354278,55.9255963],[-4.1362516,55.9254054]]}},{"type":"Feature","properties":{"name":"2050T","type":"Tracks","notes":"","section":"Cowlairs","colour":"#ffd600","equipment_number":[{"number":"487649","label":"Track"}]},"geometry":{"type":"LineString","coordinates":[[-4.0968332,55.93313],[-4.0994913,55.9324765],[-4.1008163,55.9321444],[-4.1021413,55.9318274],[-4.1044131,55.9312714],[-4.1056603,55.9309679],[-4.1070578,55.9306479],[-4.1085035,55.9303459],[-4.1101396,55.9300453],[-4.1115746,55.9297974],[-4.1128433,55.9295976],[-4.1138306,55.9294574]]}},{"type":"Feature","properties":{"name":"2051T","type":"Tracks","notes":"","section":"Cowlairs","colour":"#a52714","equipment_number":[{"number":"482625","label":"Track"},{"number":"487648","label":"Track"}]},"geometry":{"type":"LineString","coordinates":[[-4.1021211,55.9317981],[-4.104063,55.9313218],[-4.1057287,55.9309161],[-4.1070537,55.9306111],[-4.1086549,55.9302835],[-4.1096179,55.9301062],[-4.111144,55.9298357],[-4.1129009,55.9295547],[-4.1142795,55.9293579],[-4.1153658,55.9292212],[-4.1175438,55.9289702],[-4.1194954,55.9287489]]}},{"type":"Feature","properties":{"name":"2049(2)T","type":"Tracks","notes":"","section":"Cowlairs","colour":"#7cb342","equipment_number":[{"number":"487650","label":"Track"}]},"geometry":{"type":"LineString","coordinates":[[-4.0927551,55.9341738],[-4.0941257,55.9337847],[-4.0959255,55.9333189],[-4.0989537,55.9325752],[-4.1008366,55.9321049],[-4.1021211,55.9317981]]}},{"type":"Feature","properties":{"name":"2049(1)T","type":"Tracks","notes":"","section":"Cowlairs","colour":"#a52714","equipment_number":[{"number":"487637","label":"Track"}]},"geometry":{"type":"LineString","coordinates":[[-4.0927551,55.9341738],[-4.0917911,55.9344614],[-4.0904125,55.9349106],[-4.0894603,55.9352427],[-4.0882748,55.9356798],[-4.0871375,55.936111],[-4.0860968,55.9365302],[-4.0850765,55.9369657],[-4.0839017,55.937496]]}},{"type":"Feature","properties":{"name":"2048T","type":"Tracks","notes":"","section":"Cowlairs","colour":"#0288d1","equipment_number":[{"number":"487647","label":"Track"}]},"geometry":{"type":"LineString","coordinates":[[-4.0832323,55.9378397],[-4.0844044,55.9373048],[-4.0855577,55.9367986],[-4.0872046,55.9361255],[-4.0881729,55.9357544],[-4.0888837,55.935487],[-4.0899887,55.9350964],[-4.0914398,55.9346141],[-4.0926039,55.9342565],[-4.0940577,55.9338419],[-4.0949455,55.9336045],[-4.0957126,55.9334122],[-4.0968332,55.93313]]}},{"type":"Feature","properties":{"name":"2046T","type":"Tracks","notes":"","section":"Cowlairs","colour":"#ffd600","equipment_number":[{"number":"1468611","label":"Track"}]},"geometry":{"type":"LineString","coordinates":[[-4.0803904,55.9393154],[-4.0812045,55.9388828],[-4.0822103,55.938351],[-4.0832323,55.9378397]]}},{"type":"Feature","properties":{"name":"2045(2)T","type":"Tracks","notes":"","section":"Cowlairs","colour":"#7cb342","equipment_number":[{"number":"487643","label":"Track"}]},"geometry":{"type":"LineString","coordinates":[[-4.0761553,55.9415705],[-4.0773918,55.9408998],[-4.0810128,55.9389267],[-4.0820347,55.9383919],[-4.0832337,55.9378],[-4.0839017,55.937496]]}},{"type":"Feature","properties":{"name":"2044T","type":"Tracks","notes":"","section":"Cowlairs","colour":"#0288d1","equipment_number":[{"number":"487645","label":"Track"}]},"geometry":{"type":"LineString","coordinates":[[-4.0720638,55.9438345],[-4.073767,55.9429108],[-4.0760281,55.941688],[-4.0790322,55.9400522],[-4.0803904,55.9393154]]}},{"type":"Feature","properties":{"name":"2042T","type":"Tracks","notes":"","section":"Cowlairs","colour":"#ffd600","equipment_number":[{"number":"482627","label":"Track"},{"number":"487642","label":"Track"}]},"geometry":{"type":"LineString","coordinates":[[-4.0700373,55.944889],[-4.0713811,55.9441951],[-4.0720638,55.9438345]]}},{"type":"Feature","properties":{"name":"2020T","type":"Tracks","notes":"","section":"Cowlairs","colour":"#0288d1"},"geometry":{"type":"LineString","coordinates":[[-4.0700373,55.944889],[-4.0693292,55.945227],[-4.0682992,55.9457001],[-4.0679666,55.9458623],[-4.0674222,55.9461252],[-4.0672907,55.9461822],[-4.0674222,55.9461252],[-4.0679666,55.9458623],[-4.0672344,55.9461537]]}},{"type":"Feature","properties":{"name":"2036T","type":"Tracks","notes":"","section":"Cowlairs","colour":"#ffd600","equipment_number":[{"number":"487640","label":"Track"},{"number":"19038300","label":"Track"}]},"geometry":{"type":"LineString","coordinates":[[-4.0672907,55.9461822],[-4.0668371,55.9463747],[-4.0652492,55.9469905],[-4.0640587,55.9474182],[-4.062734,55.9478601],[-4.0614093,55.9482709],[-4.06009,55.9486651]]}},{"type":"Feature","properties":{"name":"2034T","type":"Tracks","notes":"","section":"Cowlairs","colour":"#ffd600","equipment_number":[{"number":"487639","label":"Track"}]},"geometry":{"type":"LineString","coordinates":[[-4.0672344,55.9461537],[-4.066171,55.9465892],[-4.0652939,55.9469286],[-4.0644463,55.9472305],[-4.0628182,55.9477907],[-4.0606376,55.9484605],[-4.0600582,55.9486302]]}},{"type":"Feature","properties":{"name":"2030T","type":"Tracks","notes":"","section":"Cowlairs","colour":"#0288d1","equipment_number":[{"number":"487646","label":"Track"}]},"geometry":{"type":"LineString","coordinates":[[-4.0576117,55.9493056],[-4.0583386,55.949128],[-4.06009,55.9486651]]}},{"type":"Feature","properties":{"name":"2028T","type":"Tracks","notes":"","section":"Cowlairs","colour":"#0288d1","equipment_number":[{"number":"1468609","label":"Track"}]},"geometry":{"type":"LineString","coordinates":[[-4.0575876,55.949271],[-4.058843,55.9489589],[-4.0600582,55.9486302]]}},{"type":"Feature","properties":{"name":"2026T","type":"Tracks","notes":"","section":"Cowlairs","colour":"#ffd600","equipment_number":[{"number":"487671","label":"Track"}]},"geometry":{"type":"LineString","coordinates":[[-4.0533025,55.9502516],[-4.0562894,55.9495676],[-4.0565399,55.9495127],[-4.0570549,55.9494211],[-4.0576117,55.9493056],[-4.0570549,55.9494211],[-4.0565399,55.9495127],[-4.0575876,55.949271]]}},{"type":"Feature","properties":{"name":"2022T","type":"Tracks","notes":"","section":"Cowlairs","colour":"#0288d1","equipment_number":[{"number":"487669","label":"Track"}]},"geometry":{"type":"LineString","coordinates":[[-4.0533025,55.9502516],[-4.0486878,55.9512929],[-4.0476927,55.9515046],[-4.046644,55.9517539],[-4.0453297,55.9520603],[-4.0443561,55.9523051],[-4.0436372,55.9524973],[-4.0429157,55.9527105],[-4.042567,55.9528156],[-4.0417999,55.9530634]]}},{"type":"Feature","properties":{"name":"2018(1)T","type":"Tracks","notes":"","section":"Cowlairs","colour":"#ffd600","equipment_number":[{"number":"487662","label":"Track"}]},"geometry":{"type":"LineString","coordinates":[[-4.0331445,55.9578956],[-4.0339303,55.9572845],[-4.0347806,55.9566374],[-4.0354217,55.9561959],[-4.0358723,55.9558851],[-4.037318,55.9550171],[-4.03812,55.9546027],[-4.0390373,55.9541627],[-4.0398097,55.9538203],[-4.0408719,55.9534014],[-4.0417999,55.9530634]]}},{"type":"Feature","properties":{"name":"2018(2)T","type":"Tracks","notes":"","section":"Cowlairs","colour":"#0288d1","equipment_number":[{"number":"487661","label":"Track"}]},"geometry":{"type":"LineString","coordinates":[[-4.0295675,55.9606729],[-4.0306324,55.9598606],[-4.0331445,55.9578956]]}},{"type":"Feature","properties":{"name":"2016T","type":"Tracks","notes":"","section":"Cowlairs","colour":"#ffd600","equipment_number":[{"number":"487655","label":"Track"}]},"geometry":{"type":"LineString","coordinates":[[-4.0186123,55.9679675],[-4.0196906,55.9675111],[-4.0206454,55.9670668],[-4.0216432,55.9665309],[-4.0226598,55.9659244],[-4.0237219,55.9651918],[-4.0255726,55.9637716],[-4.0283165,55.9616773],[-4.0295675,55.9606729]]}},{"type":"Feature","properties":{"name":"2014T","type":"Tracks","notes":"","section":"Cowlairs","colour":"#0288d1","equipment_number":[{"number":"487658","label":"Track"}]},"geometry":{"type":"LineString","coordinates":[[-4.0012055,55.9723544],[-4.0029248,55.9719041],[-4.0054514,55.9713337],[-4.0076562,55.9708834],[-4.0119209,55.9699648],[-4.0137019,55.9695625],[-4.0151289,55.9691693],[-4.0166148,55.9687189],[-4.0178701,55.9682656],[-4.0186123,55.9679675]]}},{"type":"Feature","properties":{"name":"2012(1)T","type":"Tracks","notes":"","section":"Cowlairs","colour":"#ffd600","equipment_number":[{"number":"1468678","label":"Track"}]},"geometry":{"type":"LineString","coordinates":[[-3.9954763,55.9742769],[-3.998847,55.9730873],[-4.0002257,55.972643],[-4.0012055,55.9723544]]}},{"type":"Feature","properties":{"name":"2012(2)T","type":"Tracks","notes":"","section":"Cowlairs","colour":"#0288d1","equipment_number":[{"number":"1623221","label":"Track"}]},"geometry":{"type":"LineString","coordinates":[[-3.9852279,55.9773555],[-3.9881133,55.9765518],[-3.990935,55.9757534],[-3.9933972,55.974988],[-3.9954763,55.9742769]]}},{"type":"Feature","properties":{"name":"2010T","type":"Tracks","notes":"","section":"Cowlairs","colour":"#ffd600","equipment_number":[{"number":"487616","label":"Track"}]},"geometry":{"type":"LineString","coordinates":[[-3.968393,55.9813713],[-3.9695852,55.981222],[-3.9703416,55.9811169],[-3.9716425,55.9808888],[-3.9729782,55.9806232],[-3.9741289,55.9803651],[-3.9754915,55.980026],[-3.9774146,55.9795217],[-3.9793163,55.978995],[-3.9803087,55.9787144],[-3.9821782,55.9781996],[-3.9838975,55.9777149],[-3.9852279,55.9773555]]}},{"type":"Feature","properties":{"name":"2008(1)T","type":"Tracks","notes":"","section":"Cowlairs","colour":"#0288d1","equipment_number":[{"number":"487613","label":"Track"}]},"geometry":{"type":"LineString","coordinates":[[-3.9616254,55.9817681],[-3.96265,55.9817561],[-3.9636719,55.9817201],[-3.9652088,55.981648],[-3.9671346,55.9814995],[-3.968393,55.9813713]]}},{"type":"Feature","properties":{"name":"2008(2)T","type":"Tracks","notes":"","section":"Cowlairs","colour":"#ffd600","equipment_number":[{"number":"487612","label":"Track"}]},"geometry":{"type":"LineString","coordinates":[[-3.9484832,55.9813121],[-3.9495186,55.9812866],[-3.9504466,55.9812776],[-3.9520238,55.9812986],[-3.9529894,55.9813226],[-3.9537001,55.9813436],[-3.9548964,55.9814037],[-3.9562777,55.9815042],[-3.9569268,55.9815522],[-3.9588661,55.9816828],[-3.9596466,55.9817188],[-3.960749,55.9817548],[-3.9616254,55.9817681]]}},{"type":"Feature","properties":{"name":"2006(1)T","type":"Tracks","notes":"","section":"Cowlairs","colour":"#0288d1","equipment_number":[{"number":"487601","label":"Track"}]},"geometry":{"type":"LineString","coordinates":[[-3.9360558,55.982281],[-3.9376892,55.9821399],[-3.9412566,55.9818488],[-3.9439817,55.9815907],[-3.944958,55.9815127],[-3.9466532,55.9814076],[-3.9484832,55.9813121]]}},{"type":"Feature","properties":{"name":"2006(2)T","type":"Tracks","notes":"","section":"Cowlairs","colour":"#ffd600","equipment_number":[{"number":"487609","label":"Track"}]},"geometry":{"type":"LineString","coordinates":[[-3.9270841,55.9830362],[-3.9286746,55.9829026],[-3.9303483,55.9827661],[-3.932596,55.982577],[-3.9344816,55.9824045],[-3.9360558,55.982281]]}},{"type":"Feature","properties":{"name":"2005(1)T","type":"Tracks","notes":"","section":"Cowlairs","colour":"#7cb342","equipment_number":[{"number":"487607","label":"Track"}]},"geometry":{"type":"LineString","coordinates":[[-3.9161316,55.9839297],[-3.9208201,55.9835336],[-3.9236954,55.9832875],[-3.9270804,55.9829994]]}},{"type":"Feature","properties":{"name":"2045(1)T","type":"Tracks","notes":"","section":"Cowlairs","colour":"#a52714","equipment_number":[{"number":"487654","label":"Track"}]},"geometry":{"type":"LineString","coordinates":[[-4.0656403,55.9467527],[-4.0671504,55.9461535],[-4.0683306,55.9456488],[-4.0699104,55.9449083],[-4.0714393,55.9441228],[-4.0734643,55.9430308],[-4.0761553,55.9415705]]}},{"type":"Feature","properties":{"name":"2039T","type":"Tracks","notes":"","section":"Cowlairs","colour":"#7cb342","equipment_number":[{"number":"487659","label":"Track"}]},"geometry":{"type":"LineString","coordinates":[[-4.0639232,55.947379],[-4.0651087,55.9469585],[-4.0656403,55.9467527],[-4.0653528,55.9468579],[-4.0646742,55.9470846],[-4.0638883,55.947346]]}},{"type":"Feature","properties":{"name":"2033T","type":"Tracks","notes":"","section":"Cowlairs","colour":"#a52714","equipment_number":[{"number":"487638","label":"Track"}]},"geometry":{"type":"LineString","coordinates":[[-4.0618667,55.9480027],[-4.0638883,55.947346]]}},{"type":"Feature","properties":{"name":"2035T","type":"Tracks","notes":"","section":"Cowlairs","colour":"#a52714","equipment_number":[{"number":"1468610","label":"Track"}]},"geometry":{"type":"LineString","coordinates":[[-4.0619056,55.9480328],[-4.0639232,55.947379]]}},{"type":"Feature","properties":{"name":"2031T","type":"Tracks","notes":"","section":"Cowlairs","colour":"#7cb342","equipment_number":[{"number":"487663","label":"Track"}]},"geometry":{"type":"LineString","coordinates":[[-4.0575677,55.9492398],[-4.0585467,55.948998],[-4.059979,55.948618],[-4.0609419,55.9483297],[-4.0619056,55.9480328]]}},{"type":"Feature","properties":{"name":"2029T","type":"Tracks","notes":"","section":"Cowlairs","colour":"#7cb342","equipment_number":[{"number":"487665","label":"Track"}]},"geometry":{"type":"LineString","coordinates":[[-4.0575452,55.9492025],[-4.0593798,55.9487399],[-4.0606253,55.9483886],[-4.0618667,55.9480027]]}},{"type":"Feature","properties":{"name":"2027T","type":"Tracks","notes":"","section":"Cowlairs","colour":"#a52714","equipment_number":[{"number":"487670","label":"Track"}]},"geometry":{"type":"LineString","coordinates":[[-4.0535525,55.9501601],[-4.0552396,55.9497741],[-4.0565298,55.9494722],[-4.0575677,55.9492398],[-4.0565325,55.9494722],[-4.0571413,55.949304],[-4.0575452,55.9492025]]}},{"type":"Feature","properties":{"name":"2025T","type":"Tracks","notes":"","section":"Cowlairs","colour":"#7cb342","equipment_number":[{"number":"487668","label":"Track"}]},"geometry":{"type":"LineString","coordinates":[[-4.0482265,55.9513586],[-4.0535525,55.9501601]]}},{"type":"Feature","properties":{"name":"2023T","type":"Tracks","notes":"","section":"Cowlairs","colour":"#a52714","equipment_number":[{"number":"487673","label":"Track"}]},"geometry":{"type":"LineString","coordinates":[[-4.0462523,55.9518121],[-4.0472018,55.9515883],[-4.0482265,55.9513586]]}},{"type":"Feature","properties":{"name":"2021T","type":"Tracks","notes":"","section":"Cowlairs","colour":"#7cb342","equipment_number":[{"number":"487667","label":"Track"}]},"geometry":{"type":"LineString","coordinates":[[-4.0462523,55.9518121],[-4.0449059,55.9521335],[-4.0443185,55.9522821],[-4.0431624,55.9525975],[-4.0423846,55.9528363],[-4.0417784,55.953033]]}},{"type":"Feature","properties":{"name":"2019T","type":"Tracks","notes":"","section":"Cowlairs","colour":"#a52714","equipment_number":[{"number":"487666","label":"Track"}]},"geometry":{"type":"LineString","coordinates":[[-4.0417784,55.953033],[-4.0409444,55.9533362],[-4.0400835,55.9536681],[-4.0391822,55.9540525],[-4.0384661,55.9543814],[-4.0379752,55.9546322],[-4.0371008,55.9551007],[-4.0363686,55.9555346],[-4.0352743,55.9562103],[-4.0348451,55.9565227],[-4.0343999,55.9568605],[-4.0330936,55.957865]]}},{"type":"Feature","properties":{"name":"2017(2)T","type":"Tracks","notes":"","section":"Cowlairs","colour":"#7cb342","equipment_number":[{"number":"487664","label":"Track"}]},"geometry":{"type":"LineString","coordinates":[[-4.0330936,55.957865],[-4.0318854,55.9588132],[-4.0306838,55.9597351],[-4.0264673,55.9629758]]}},{"type":"Feature","properties":{"name":"2017(1)T","type":"Tracks","notes":"","section":"Cowlairs","colour":"#a52714","equipment_number":[{"number":"487660","label":"Track"}]},"geometry":{"type":"LineString","coordinates":[[-4.0264673,55.9629758],[-4.0241558,55.9647796],[-4.0235818,55.9652089],[-4.022568,55.9658905],[-4.0215541,55.9665165],[-4.0207494,55.9669608],[-4.0204034,55.967135]]}},{"type":"Feature","properties":{"name":"2015T","type":"Tracks","notes":"","section":"Cowlairs","colour":"#7cb342","equipment_number":[{"number":"487657","label":"Track"}]},"geometry":{"type":"LineString","coordinates":[[-4.0068214,55.9709926],[-4.0122717,55.9698398],[-4.0134075,55.9695899],[-4.0143624,55.969349],[-4.0156485,55.9689797],[-4.0165498,55.9686945],[-4.0172887,55.9684378],[-4.0180142,55.9681646],[-4.0185896,55.9679319],[-4.0195538,55.9675259],[-4.0201774,55.9672392],[-4.0204034,55.967135]]}},{"type":"Feature","properties":{"name":"2013(2)T","type":"Tracks","notes":"","section":"Cowlairs","colour":"#a52714","equipment_number":[{"number":"487628","label":"Track"}]},"geometry":{"type":"LineString","coordinates":[[-3.9954545,55.9742435],[-3.9965328,55.9738563],[-3.9980536,55.9733084],[-3.9987215,55.9730833],[-3.9996549,55.9727816],[-4.0002155,55.9726],[-4.0010952,55.9723358],[-4.0025409,55.9719636],[-4.003292,55.971782],[-4.0050327,55.9713992],[-4.0068214,55.9709926]]}},{"type":"Feature","properties":{"name":"2013(1)T","type":"Tracks","notes":"","section":"Cowlairs","colour":"#7cb342","equipment_number":[{"number":"487644","label":"Track"}]},"geometry":{"type":"LineString","coordinates":[[-3.9901395,55.9759488],[-3.992685,55.9751774],[-3.9938866,55.9747826],[-3.9954545,55.9742435]]}},{"type":"Feature","properties":{"name":"2011T","type":"Tracks","notes":"","section":"Cowlairs","colour":"#a52714","equipment_number":[{"number":"487617","label":"Track"}]},"geometry":{"type":"LineString","coordinates":[[-3.9735339,55.9804603],[-3.9753685,55.9800281],[-3.9771039,55.9795629],[-3.9806846,55.9785754],[-3.984201,55.9775894],[-3.9871166,55.9767955],[-3.9901395,55.9759488]]}},{"type":"Feature","properties":{"name":"2009(2)T","type":"Tracks","notes":"","section":"Cowlairs","colour":"#7cb342","equipment_number":[{"number":"487614","label":"Track"}]},"geometry":{"type":"LineString","coordinates":[[-3.9735339,55.9804603],[-3.9724397,55.980703],[-3.9714204,55.9808951],[-3.9702939,55.9810857],[-3.9688965,55.9812747],[-3.9680569,55.9813768],[-3.9669116,55.9814893],[-3.9657958,55.9815763],[-3.9648973,55.9816379],[-3.9636984,55.9816919],[-3.9627784,55.9817294],[-3.9616331,55.9817309]]}},{"type":"Feature","properties":{"name":"2009(1)T","type":"Tracks","notes":"","section":"Cowlairs","colour":"#a52714","equipment_number":[{"number":"487615","label":"Track"}]},"geometry":{"type":"LineString","coordinates":[[-3.9616331,55.9817309],[-3.9603198,55.9817097],[-3.9586247,55.9816287],[-3.9566345,55.9814906],[-3.9549624,55.9813723]]}},{"type":"Feature","properties":{"name":"2007(2)T","type":"Tracks","notes":"","section":"Cowlairs","colour":"#7cb342","equipment_number":[{"number":"487618","label":"Track"}]},"geometry":{"type":"LineString","coordinates":[[-3.9549624,55.9813723],[-3.9540182,55.9813151],[-3.9531975,55.9812896],[-3.951961,55.981264],[-3.950931,55.9812535],[-3.9501371,55.9812505],[-3.9493243,55.9812595],[-3.9484902,55.9812745]]}},{"type":"Feature","properties":{"name":"2007(1)T","type":"Tracks","notes":"","section":"Cowlairs","colour":"#a52714","equipment_number":[{"number":"487611","label":"Track"}]},"geometry":{"type":"LineString","coordinates":[[-3.9484902,55.9812745],[-3.9475208,55.9813249],[-3.9460429,55.981415],[-3.9449324,55.98149],[-3.9413329,55.9817991],[-3.9360517,55.9822526]]}},{"type":"Feature","properties":{"name":"2005(2)T","type":"Tracks","notes":"","section":"Cowlairs","colour":"#7cb342","equipment_number":[{"number":"1623595","label":"Track"}]},"geometry":{"type":"LineString","coordinates":[[-3.9360517,55.9822526],[-3.9324472,55.9825606],[-3.9285097,55.9828832],[-3.9270804,55.9829994]]}}]}